This is XeTeX, Version 3.141592653-2.6-0.999997 (TeX Live 2025) (preloaded format=xelatex 2026.1.18)  2 FEB 2026 14:52
entering extended mode
 restricted \write18 enabled.
 %&-line parsing enabled.
**19周组会.tex
(./19周组会.tex
LaTeX2e <2024-11-01> patch level 2
L3 programming layer <2025-01-18>
(d:/texlive/2025/texmf-dist/tex/latex/base/article.cls
Document Class: article 2024/06/29 v1.4n Standard LaTeX document class
(d:/texlive/2025/texmf-dist/tex/latex/base/size12.clo
File: size12.clo 2024/06/29 v1.4n Standard LaTeX file (size option)
)
\c@part=\count192
\c@section=\count193
\c@subsection=\count194
\c@subsubsection=\count195
\c@paragraph=\count196
\c@subparagraph=\count197
\c@figure=\count198
\c@table=\count199
\abovecaptionskip=\skip49
\belowcaptionskip=\skip50
\bibindent=\dimen141
)
(d:/texlive/2025/texmf-dist/tex/latex/ctex/ctex.sty
(d:/texlive/2025/texmf-dist/tex/latex/l3kernel/expl3.sty
Package: expl3 2025-01-18 L3 programming layer (loader) 

(d:/texlive/2025/texmf-dist/tex/latex/l3backend/l3backend-xetex.def
File: l3backend-xetex.def 2024-05-08 L3 backend support: XeTeX
\g__graphics_track_int=\count266
\l__pdf_internal_box=\box52
\g__pdf_backend_annotation_int=\count267
\g__pdf_backend_link_int=\count268
))
Package: ctex 2022/07/14 v2.5.10 Chinese adapter in LaTeX (CTEX)

(d:/texlive/2025/texmf-dist/tex/latex/ctex/ctexhook.sty
Package: ctexhook 2022/07/14 v2.5.10 Document and package hooks (CTEX)
)
(d:/texlive/2025/texmf-dist/tex/latex/ctex/ctexpatch.sty
Package: ctexpatch 2022/07/14 v2.5.10 Patching commands (CTEX)
)
(d:/texlive/2025/texmf-dist/tex/latex/base/fix-cm.sty
Package: fix-cm 2020/11/24 v1.1t fixes to LaTeX

(d:/texlive/2025/texmf-dist/tex/latex/base/ts1enc.def
File: ts1enc.def 2001/06/05 v3.0e (jk/car/fm) Standard LaTeX file
LaTeX Font Info:    Redeclaring font encoding TS1 on input line 47.
))
\l__ctex_tmp_int=\count269
\l__ctex_tmp_box=\box53
\l__ctex_tmp_dim=\dimen142
\g__ctex_section_depth_int=\count270
\g__ctex_font_size_int=\count271

(d:/texlive/2025/texmf-dist/tex/latex/ctex/config/ctexopts.cfg
File: ctexopts.cfg 2022/07/14 v2.5.10 Option configuration file (CTEX)
)
(d:/texlive/2025/texmf-dist/tex/latex/ctex/engine/ctex-engine-xetex.def
File: ctex-engine-xetex.def 2022/07/14 v2.5.10 XeLaTeX adapter (CTEX)

(d:/texlive/2025/texmf-dist/tex/xelatex/xecjk/xeCJK.sty
Package: xeCJK 2022/08/05 v3.9.1 Typesetting CJK scripts with XeLaTeX

(d:/texlive/2025/texmf-dist/tex/latex/l3packages/xtemplate/xtemplate.sty
Package: xtemplate 2024-08-16 L3 Experimental prototype document functions
)
\l__xeCJK_tmp_int=\count272
\l__xeCJK_tmp_box=\box54
\l__xeCJK_tmp_dim=\dimen143
\l__xeCJK_tmp_skip=\skip51
\g__xeCJK_space_factor_int=\count273
\l__xeCJK_begin_int=\count274
\l__xeCJK_end_int=\count275
\c__xeCJK_CJK_class_int=\XeTeXcharclass1
\c__xeCJK_FullLeft_class_int=\XeTeXcharclass2
\c__xeCJK_FullRight_class_int=\XeTeXcharclass3
\c__xeCJK_HalfLeft_class_int=\XeTeXcharclass4
\c__xeCJK_HalfRight_class_int=\XeTeXcharclass5
\c__xeCJK_NormalSpace_class_int=\XeTeXcharclass6
\c__xeCJK_CM_class_int=\XeTeXcharclass7
\c__xeCJK_HangulJamo_class_int=\XeTeXcharclass8
\l__xeCJK_last_skip=\skip52
\c__xeCJK_none_node=\count276
\g__xeCJK_node_int=\count277
\c__xeCJK_CJK_node_dim=\dimen144
\c__xeCJK_CJK-space_node_dim=\dimen145
\c__xeCJK_default_node_dim=\dimen146
\c__xeCJK_CJK-widow_node_dim=\dimen147
\c__xeCJK_normalspace_node_dim=\dimen148
\c__xeCJK_default-space_node_skip=\skip53
\l__xeCJK_ccglue_skip=\skip54
\l__xeCJK_ecglue_skip=\skip55
\l__xeCJK_punct_kern_skip=\skip56
\l__xeCJK_indent_box=\box55
\l__xeCJK_last_penalty_int=\count278
\l__xeCJK_last_bound_dim=\dimen149
\l__xeCJK_last_kern_dim=\dimen150
\l__xeCJK_widow_penalty_int=\count279

LaTeX template Info: Declaring template type 'xeCJK/punctuation' taking 0
(template)           argument(s) on line 2396.

\l__xeCJK_fixed_punct_width_dim=\dimen151
\l__xeCJK_mixed_punct_width_dim=\dimen152
\l__xeCJK_middle_punct_width_dim=\dimen153
\l__xeCJK_fixed_margin_width_dim=\dimen154
\l__xeCJK_mixed_margin_width_dim=\dimen155
\l__xeCJK_middle_margin_width_dim=\dimen156
\l__xeCJK_bound_punct_width_dim=\dimen157
\l__xeCJK_bound_margin_width_dim=\dimen158
\l__xeCJK_margin_minimum_dim=\dimen159
\l__xeCJK_kerning_total_width_dim=\dimen160
\l__xeCJK_same_align_margin_dim=\dimen161
\l__xeCJK_different_align_margin_dim=\dimen162
\l__xeCJK_kerning_margin_width_dim=\dimen163
\l__xeCJK_kerning_margin_minimum_dim=\dimen164
\l__xeCJK_bound_dim=\dimen165
\l__xeCJK_reverse_bound_dim=\dimen166
\l__xeCJK_margin_dim=\dimen167
\l__xeCJK_minimum_bound_dim=\dimen168
\l__xeCJK_kerning_margin_dim=\dimen169
\g__xeCJK_family_int=\count280
\l__xeCJK_fam_int=\count281
\g__xeCJK_fam_allocation_int=\count282
\l__xeCJK_verb_case_int=\count283
\l__xeCJK_verb_exspace_skip=\skip57

(d:/texlive/2025/texmf-dist/tex/latex/fontspec/fontspec.sty
(d:/texlive/2025/texmf-dist/tex/latex/l3packages/xparse/xparse.sty
Package: xparse 2024-08-16 L3 Experimental document command parser
)
Package: fontspec 2024/05/11 v2.9e Font selection for XeLaTeX and LuaLaTeX

(d:/texlive/2025/texmf-dist/tex/latex/fontspec/fontspec-xetex.sty
Package: fontspec-xetex 2024/05/11 v2.9e Font selection for XeLaTeX and LuaLaTe
X
\l__fontspec_script_int=\count284
\l__fontspec_language_int=\count285
\l__fontspec_strnum_int=\count286
\l__fontspec_tmp_int=\count287
\l__fontspec_tmpa_int=\count288
\l__fontspec_tmpb_int=\count289
\l__fontspec_tmpc_int=\count290
\l__fontspec_em_int=\count291
\l__fontspec_emdef_int=\count292
\l__fontspec_strong_int=\count293
\l__fontspec_strongdef_int=\count294
\l__fontspec_tmpa_dim=\dimen170
\l__fontspec_tmpb_dim=\dimen171
\l__fontspec_tmpc_dim=\dimen172

(d:/texlive/2025/texmf-dist/tex/latex/base/fontenc.sty
Package: fontenc 2021/04/29 v2.0v Standard LaTeX package
)
(d:/texlive/2025/texmf-dist/tex/latex/fontspec/fontspec.cfg)))
(d:/texlive/2025/texmf-dist/tex/xelatex/xecjk/xeCJK.cfg
File: xeCJK.cfg 2022/08/05 v3.9.1 Configuration file for xeCJK package
))
\ccwd=\dimen173
\l__ctex_ccglue_skip=\skip58
)
\l__ctex_ziju_dim=\dimen174

(d:/texlive/2025/texmf-dist/tex/latex/zhnumber/zhnumber.sty
Package: zhnumber 2022/07/14 v3.0 Typesetting numbers with Chinese glyphs
\l__zhnum_scale_int=\count295
\l__zhnum_tmp_int=\count296

(d:/texlive/2025/texmf-dist/tex/latex/zhnumber/zhnumber-utf8.cfg
File: zhnumber-utf8.cfg 2022/07/14 v3.0 Chinese numerals with UTF8 encoding
))
(d:/texlive/2025/texmf-dist/tex/latex/ctex/scheme/ctex-scheme-chinese.def
File: ctex-scheme-chinese.def 2022/07/14 v2.5.10 Chinese scheme for generic (CT
EX)

(d:/texlive/2025/texmf-dist/tex/latex/ctex/config/ctex-name-utf8.cfg
File: ctex-name-utf8.cfg 2022/07/14 v2.5.10 Caption with encoding UTF-8 (CTEX)
))
(d:/texlive/2025/texmf-dist/tex/latex/tools/indentfirst.sty
Package: indentfirst 2023/07/02 v1.03 Indent first paragraph (DPC)
)
(d:/texlive/2025/texmf-dist/tex/latex/ctex/fontset/ctex-fontset-windows.def
File: ctex-fontset-windows.def 2022/07/14 v2.5.10 Windows fonts definition (CTE
X)

Package fontspec Info: 
(fontspec)             Could not resolve font "KaiTi/B" (it probably doesn't
(fontspec)             exist).


Package fontspec Info: 
(fontspec)             Could not resolve font "SimHei/I" (it probably doesn't
(fontspec)             exist).


Package fontspec Info: 
(fontspec)             Could not resolve font "SimSun/BI" (it probably doesn't
(fontspec)             exist).


Package fontspec Info: 
(fontspec)             Font family 'SimSun(0)' created for font 'SimSun' with
(fontspec)             options
(fontspec)             [Script={CJK},BoldFont={SimHei},ItalicFont={KaiTi}].
(fontspec)              
(fontspec)              This font family consists of the following NFSS
(fontspec)             series/shapes:
(fontspec)              
(fontspec)             - 'normal' (m/n) with NFSS spec.:
(fontspec)             <->"SimSun/OT:script=hani;language=dflt;"
(fontspec)             - 'bold' (b/n) with NFSS spec.:
(fontspec)             <->"SimHei/OT:script=hani;language=dflt;"
(fontspec)             - 'italic' (m/it) with NFSS spec.:
(fontspec)             <->"KaiTi/OT:script=hani;language=dflt;"

))
(d:/texlive/2025/texmf-dist/tex/latex/ctex/config/ctex.cfg
File: ctex.cfg 2022/07/14 v2.5.10 Configuration file (CTEX)
)
(d:/texlive/2025/texmf-dist/tex/latex/geometry/geometry.sty
Package: geometry 2020/01/02 v5.9 Page Geometry

(d:/texlive/2025/texmf-dist/tex/latex/graphics/keyval.sty
Package: keyval 2022/05/29 v1.15 key=value parser (DPC)
\KV@toks@=\toks17
)
(d:/texlive/2025/texmf-dist/tex/generic/iftex/ifvtex.sty
Package: ifvtex 2019/10/25 v1.7 ifvtex legacy package. Use iftex instead.

(d:/texlive/2025/texmf-dist/tex/generic/iftex/iftex.sty
Package: iftex 2024/12/12 v1.0g TeX engine tests
))
\Gm@cnth=\count297
\Gm@cntv=\count298
\c@Gm@tempcnt=\count299
\Gm@bindingoffset=\dimen175
\Gm@wd@mp=\dimen176
\Gm@odd@mp=\dimen177
\Gm@even@mp=\dimen178
\Gm@layoutwidth=\dimen179
\Gm@layoutheight=\dimen180
\Gm@layouthoffset=\dimen181
\Gm@layoutvoffset=\dimen182
\Gm@dimlist=\toks18
)
(d:/texlive/2025/texmf-dist/tex/latex/graphics/graphicx.sty
Package: graphicx 2021/09/16 v1.2d Enhanced LaTeX Graphics (DPC,SPQR)

(d:/texlive/2025/texmf-dist/tex/latex/graphics/graphics.sty
Package: graphics 2024/08/06 v1.4g Standard LaTeX Graphics (DPC,SPQR)

(d:/texlive/2025/texmf-dist/tex/latex/graphics/trig.sty
Package: trig 2023/12/02 v1.11 sin cos tan (DPC)
)
(d:/texlive/2025/texmf-dist/tex/latex/graphics-cfg/graphics.cfg
File: graphics.cfg 2016/06/04 v1.11 sample graphics configuration
)
Package graphics Info: Driver file: xetex.def on input line 106.

(d:/texlive/2025/texmf-dist/tex/latex/graphics-def/xetex.def
File: xetex.def 2022/09/22 v5.0n Graphics/color driver for xetex
))
\Gin@req@height=\dimen183
\Gin@req@width=\dimen184
)
(d:/texlive/2025/texmf-dist/tex/latex/booktabs/booktabs.sty
Package: booktabs 2020/01/12 v1.61803398 Publication quality tables
\heavyrulewidth=\dimen185
\lightrulewidth=\dimen186
\cmidrulewidth=\dimen187
\belowrulesep=\dimen188
\belowbottomsep=\dimen189
\aboverulesep=\dimen190
\abovetopsep=\dimen191
\cmidrulesep=\dimen192
\cmidrulekern=\dimen193
\defaultaddspace=\dimen194
\@cmidla=\count300
\@cmidlb=\count301
\@aboverulesep=\dimen195
\@belowrulesep=\dimen196
\@thisruleclass=\count302
\@lastruleclass=\count303
\@thisrulewidth=\dimen197
)
(d:/texlive/2025/texmf-dist/tex/latex/amsmath/amsmath.sty
Package: amsmath 2024/11/05 v2.17t AMS math features
\@mathmargin=\skip59

For additional information on amsmath, use the `?' option.
(d:/texlive/2025/texmf-dist/tex/latex/amsmath/amstext.sty
Package: amstext 2021/08/26 v2.01 AMS text

(d:/texlive/2025/texmf-dist/tex/latex/amsmath/amsgen.sty
File: amsgen.sty 1999/11/30 v2.0 generic functions
\@emptytoks=\toks19
\ex@=\dimen198
))
(d:/texlive/2025/texmf-dist/tex/latex/amsmath/amsbsy.sty
Package: amsbsy 1999/11/29 v1.2d Bold Symbols
\pmbraise@=\dimen199
)
(d:/texlive/2025/texmf-dist/tex/latex/amsmath/amsopn.sty
Package: amsopn 2022/04/08 v2.04 operator names
)
\inf@bad=\count304
LaTeX Info: Redefining \frac on input line 233.
\uproot@=\count305
\leftroot@=\count306
LaTeX Info: Redefining \overline on input line 398.
LaTeX Info: Redefining \colon on input line 409.
\classnum@=\count307
\DOTSCASE@=\count308
LaTeX Info: Redefining \ldots on input line 495.
LaTeX Info: Redefining \dots on input line 498.
LaTeX Info: Redefining \cdots on input line 619.
\Mathstrutbox@=\box56
\strutbox@=\box57
LaTeX Info: Redefining \big on input line 721.
LaTeX Info: Redefining \Big on input line 722.
LaTeX Info: Redefining \bigg on input line 723.
LaTeX Info: Redefining \Bigg on input line 724.
\big@size=\dimen256
LaTeX Font Info:    Redeclaring font encoding OML on input line 742.
LaTeX Font Info:    Redeclaring font encoding OMS on input line 743.
\macc@depth=\count309
LaTeX Info: Redefining \bmod on input line 904.
LaTeX Info: Redefining \pmod on input line 909.
LaTeX Info: Redefining \smash on input line 939.
LaTeX Info: Redefining \relbar on input line 969.
LaTeX Info: Redefining \Relbar on input line 970.
\c@MaxMatrixCols=\count310
\dotsspace@=\muskip17
\c@parentequation=\count311
\dspbrk@lvl=\count312
\tag@help=\toks20
\row@=\count313
\column@=\count314
\maxfields@=\count315
\andhelp@=\toks21
\eqnshift@=\dimen257
\alignsep@=\dimen258
\tagshift@=\dimen259
\tagwidth@=\dimen260
\totwidth@=\dimen261
\lineht@=\dimen262
\@envbody=\toks22
\multlinegap=\skip60
\multlinetaggap=\skip61
\mathdisplay@stack=\toks23
LaTeX Info: Redefining \[ on input line 2953.
LaTeX Info: Redefining \] on input line 2954.
)
(d:/texlive/2025/texmf-dist/tex/latex/amsfonts/amssymb.sty
Package: amssymb 2013/01/14 v3.01 AMS font symbols

(d:/texlive/2025/texmf-dist/tex/latex/amsfonts/amsfonts.sty
Package: amsfonts 2013/01/14 v3.01 Basic AMSFonts support
\symAMSa=\mathgroup4
\symAMSb=\mathgroup5
LaTeX Font Info:    Redeclaring math symbol \hbar on input line 98.
LaTeX Font Info:    Overwriting math alphabet `\mathfrak' in version `bold'
(Font)                  U/euf/m/n --> U/euf/b/n on input line 106.
))
(d:/texlive/2025/texmf-dist/tex/latex/hyperref/hyperref.sty
Package: hyperref 2024-11-05 v7.01l Hypertext links for LaTeX

(d:/texlive/2025/texmf-dist/tex/latex/kvsetkeys/kvsetkeys.sty
Package: kvsetkeys 2022-10-05 v1.19 Key value parser (HO)
)
(d:/texlive/2025/texmf-dist/tex/generic/kvdefinekeys/kvdefinekeys.sty
Package: kvdefinekeys 2019-12-19 v1.6 Define keys (HO)
)
(d:/texlive/2025/texmf-dist/tex/generic/pdfescape/pdfescape.sty
Package: pdfescape 2019/12/09 v1.15 Implements pdfTeX's escape features (HO)

(d:/texlive/2025/texmf-dist/tex/generic/ltxcmds/ltxcmds.sty
Package: ltxcmds 2023-12-04 v1.26 LaTeX kernel commands for general use (HO)
)
(d:/texlive/2025/texmf-dist/tex/generic/pdftexcmds/pdftexcmds.sty
Package: pdftexcmds 2020-06-27 v0.33 Utility functions of pdfTeX for LuaTeX (HO
)

(d:/texlive/2025/texmf-dist/tex/generic/infwarerr/infwarerr.sty
Package: infwarerr 2019/12/03 v1.5 Providing info/warning/error messages (HO)
)
Package pdftexcmds Info: \pdf@primitive is available.
Package pdftexcmds Info: \pdf@ifprimitive is available.
Package pdftexcmds Info: \pdfdraftmode not found.
))
(d:/texlive/2025/texmf-dist/tex/latex/hycolor/hycolor.sty
Package: hycolor 2020-01-27 v1.10 Color options for hyperref/bookmark (HO)
)
(d:/texlive/2025/texmf-dist/tex/latex/hyperref/nameref.sty
Package: nameref 2023-11-26 v2.56 Cross-referencing by name of section

(d:/texlive/2025/texmf-dist/tex/latex/refcount/refcount.sty
Package: refcount 2019/12/15 v3.6 Data extraction from label references (HO)
)
(d:/texlive/2025/texmf-dist/tex/generic/gettitlestring/gettitlestring.sty
Package: gettitlestring 2019/12/15 v1.6 Cleanup title references (HO)

(d:/texlive/2025/texmf-dist/tex/latex/kvoptions/kvoptions.sty
Package: kvoptions 2022-06-15 v3.15 Key value format for package options (HO)
))
\c@section@level=\count316
)
(d:/texlive/2025/texmf-dist/tex/latex/etoolbox/etoolbox.sty
Package: etoolbox 2025/02/11 v2.5l e-TeX tools for LaTeX (JAW)
\etb@tempcnta=\count317
)
(d:/texlive/2025/texmf-dist/tex/generic/stringenc/stringenc.sty
Package: stringenc 2019/11/29 v1.12 Convert strings between diff. encodings (HO
)
)
\@linkdim=\dimen263
\Hy@linkcounter=\count318
\Hy@pagecounter=\count319

(d:/texlive/2025/texmf-dist/tex/latex/hyperref/pd1enc.def
File: pd1enc.def 2024-11-05 v7.01l Hyperref: PDFDocEncoding definition (HO)
)
(d:/texlive/2025/texmf-dist/tex/generic/intcalc/intcalc.sty
Package: intcalc 2019/12/15 v1.3 Expandable calculations with integers (HO)
)
\Hy@SavedSpaceFactor=\count320

(d:/texlive/2025/texmf-dist/tex/latex/hyperref/puenc.def
File: puenc.def 2024-11-05 v7.01l Hyperref: PDF Unicode definition (HO)
)
Package hyperref Info: Option `unicode' set `true' on input line 4040.
Package hyperref Info: Hyper figures OFF on input line 4157.
Package hyperref Info: Link nesting OFF on input line 4162.
Package hyperref Info: Hyper index ON on input line 4165.
Package hyperref Info: Plain pages OFF on input line 4172.
Package hyperref Info: Backreferencing OFF on input line 4177.
Package hyperref Info: Implicit mode ON; LaTeX internals redefined.
Package hyperref Info: Bookmarks ON on input line 4424.
\c@Hy@tempcnt=\count321

(d:/texlive/2025/texmf-dist/tex/latex/url/url.sty
\Urlmuskip=\muskip18
Package: url 2013/09/16  ver 3.4  Verb mode for urls, etc.
)
LaTeX Info: Redefining \url on input line 4763.
\XeTeXLinkMargin=\dimen264

(d:/texlive/2025/texmf-dist/tex/generic/bitset/bitset.sty
Package: bitset 2019/12/09 v1.3 Handle bit-vector datatype (HO)

(d:/texlive/2025/texmf-dist/tex/generic/bigintcalc/bigintcalc.sty
Package: bigintcalc 2019/12/15 v1.5 Expandable calculations on big integers (HO
)
))
\Fld@menulength=\count322
\Field@Width=\dimen265
\Fld@charsize=\dimen266
Package hyperref Info: Hyper figures OFF on input line 6042.
Package hyperref Info: Link nesting OFF on input line 6047.
Package hyperref Info: Hyper index ON on input line 6050.
Package hyperref Info: backreferencing OFF on input line 6057.
Package hyperref Info: Link coloring OFF on input line 6062.
Package hyperref Info: Link coloring with OCG OFF on input line 6067.
Package hyperref Info: PDF/A mode OFF on input line 6072.

(d:/texlive/2025/texmf-dist/tex/latex/base/atbegshi-ltx.sty
Package: atbegshi-ltx 2021/01/10 v1.0c Emulation of the original atbegshi
package with kernel methods
)
\Hy@abspage=\count323
\c@Item=\count324
\c@Hfootnote=\count325
)
Package hyperref Info: Driver (autodetected): hxetex.

(d:/texlive/2025/texmf-dist/tex/latex/hyperref/hxetex.def
File: hxetex.def 2024-11-05 v7.01l Hyperref driver for XeTeX
\pdfm@box=\box58
\c@Hy@AnnotLevel=\count326
\HyField@AnnotCount=\count327
\Fld@listcount=\count328
\c@bookmark@seq@number=\count329

(d:/texlive/2025/texmf-dist/tex/latex/rerunfilecheck/rerunfilecheck.sty
Package: rerunfilecheck 2022-07-10 v1.10 Rerun checks for auxiliary files (HO)

(d:/texlive/2025/texmf-dist/tex/latex/base/atveryend-ltx.sty
Package: atveryend-ltx 2020/08/19 v1.0a Emulation of the original atveryend pac
kage
with kernel methods
)
(d:/texlive/2025/texmf-dist/tex/generic/uniquecounter/uniquecounter.sty
Package: uniquecounter 2019/12/15 v1.4 Provide unlimited unique counter (HO)
)
Package uniquecounter Info: New unique counter `rerunfilecheck' on input line 2
85.
)
\Hy@SectionHShift=\skip62
)
(d:/texlive/2025/texmf-dist/tex/latex/xcolor/xcolor.sty
Package: xcolor 2024/09/29 v3.02 LaTeX color extensions (UK)

(d:/texlive/2025/texmf-dist/tex/latex/graphics-cfg/color.cfg
File: color.cfg 2016/01/02 v1.6 sample color configuration
)
Package xcolor Info: Driver file: xetex.def on input line 274.

(d:/texlive/2025/texmf-dist/tex/latex/graphics/mathcolor.ltx)
Package xcolor Info: Model `cmy' substituted by `cmy0' on input line 1349.
Package xcolor Info: Model `RGB' extended on input line 1365.
Package xcolor Info: Model `HTML' substituted by `rgb' on input line 1367.
Package xcolor Info: Model `Hsb' substituted by `hsb' on input line 1368.
Package xcolor Info: Model `tHsb' substituted by `hsb' on input line 1369.
Package xcolor Info: Model `HSB' substituted by `hsb' on input line 1370.
Package xcolor Info: Model `Gray' substituted by `gray' on input line 1371.
Package xcolor Info: Model `wave' substituted by `hsb' on input line 1372.
)
(d:/texlive/2025/texmf-dist/tex/latex/enumitem/enumitem.sty
Package: enumitem 2025/02/06 v3.11 Customized lists
\labelindent=\skip63
\enit@outerparindent=\dimen267
\enit@toks=\toks24
\enit@inbox=\box59
\enit@count@id=\count330
\enitdp@description=\count331
)
(d:/texlive/2025/texmf-dist/tex/latex/pgf/frontendlayer/tikz.sty
(d:/texlive/2025/texmf-dist/tex/latex/pgf/basiclayer/pgf.sty
(d:/texlive/2025/texmf-dist/tex/latex/pgf/utilities/pgfrcs.sty
(d:/texlive/2025/texmf-dist/tex/generic/pgf/utilities/pgfutil-common.tex
\pgfutil@everybye=\toks25
\pgfutil@tempdima=\dimen268
\pgfutil@tempdimb=\dimen269
)
(d:/texlive/2025/texmf-dist/tex/generic/pgf/utilities/pgfutil-latex.def
\pgfutil@abb=\box60
)
(d:/texlive/2025/texmf-dist/tex/generic/pgf/utilities/pgfrcs.code.tex
(d:/texlive/2025/texmf-dist/tex/generic/pgf/pgf.revision.tex)
Package: pgfrcs 2023-01-15 v3.1.10 (3.1.10)
))
Package: pgf 2023-01-15 v3.1.10 (3.1.10)

(d:/texlive/2025/texmf-dist/tex/latex/pgf/basiclayer/pgfcore.sty
(d:/texlive/2025/texmf-dist/tex/latex/pgf/systemlayer/pgfsys.sty
(d:/texlive/2025/texmf-dist/tex/generic/pgf/systemlayer/pgfsys.code.tex
Package: pgfsys 2023-01-15 v3.1.10 (3.1.10)

(d:/texlive/2025/texmf-dist/tex/generic/pgf/utilities/pgfkeys.code.tex
\pgfkeys@pathtoks=\toks26
\pgfkeys@temptoks=\toks27

(d:/texlive/2025/texmf-dist/tex/generic/pgf/utilities/pgfkeyslibraryfiltered.co
de.tex
\pgfkeys@tmptoks=\toks28
))
\pgf@x=\dimen270
\pgf@y=\dimen271
\pgf@xa=\dimen272
\pgf@ya=\dimen273
\pgf@xb=\dimen274
\pgf@yb=\dimen275
\pgf@xc=\dimen276
\pgf@yc=\dimen277
\pgf@xd=\dimen278
\pgf@yd=\dimen279
\w@pgf@writea=\write3
\r@pgf@reada=\read2
\c@pgf@counta=\count332
\c@pgf@countb=\count333
\c@pgf@countc=\count334
\c@pgf@countd=\count335
\t@pgf@toka=\toks29
\t@pgf@tokb=\toks30
\t@pgf@tokc=\toks31
\pgf@sys@id@count=\count336
 (d:/texlive/2025/texmf-dist/tex/generic/pgf/systemlayer/pgf.cfg
File: pgf.cfg 2023-01-15 v3.1.10 (3.1.10)
)
Driver file for pgf: pgfsys-xetex.def

(d:/texlive/2025/texmf-dist/tex/generic/pgf/systemlayer/pgfsys-xetex.def
File: pgfsys-xetex.def 2023-01-15 v3.1.10 (3.1.10)

(d:/texlive/2025/texmf-dist/tex/generic/pgf/systemlayer/pgfsys-dvipdfmx.def
File: pgfsys-dvipdfmx.def 2023-01-15 v3.1.10 (3.1.10)

(d:/texlive/2025/texmf-dist/tex/generic/pgf/systemlayer/pgfsys-common-pdf.def
File: pgfsys-common-pdf.def 2023-01-15 v3.1.10 (3.1.10)
)
\pgfsys@objnum=\count337
)))
(d:/texlive/2025/texmf-dist/tex/generic/pgf/systemlayer/pgfsyssoftpath.code.tex
File: pgfsyssoftpath.code.tex 2023-01-15 v3.1.10 (3.1.10)
\pgfsyssoftpath@smallbuffer@items=\count338
\pgfsyssoftpath@bigbuffer@items=\count339
)
(d:/texlive/2025/texmf-dist/tex/generic/pgf/systemlayer/pgfsysprotocol.code.tex
File: pgfsysprotocol.code.tex 2023-01-15 v3.1.10 (3.1.10)
)) (d:/texlive/2025/texmf-dist/tex/generic/pgf/basiclayer/pgfcore.code.tex
Package: pgfcore 2023-01-15 v3.1.10 (3.1.10)

(d:/texlive/2025/texmf-dist/tex/generic/pgf/math/pgfmath.code.tex
(d:/texlive/2025/texmf-dist/tex/generic/pgf/math/pgfmathutil.code.tex)
(d:/texlive/2025/texmf-dist/tex/generic/pgf/math/pgfmathparser.code.tex
\pgfmath@dimen=\dimen280
\pgfmath@count=\count340
\pgfmath@box=\box61
\pgfmath@toks=\toks32
\pgfmath@stack@operand=\toks33
\pgfmath@stack@operation=\toks34
)
(d:/texlive/2025/texmf-dist/tex/generic/pgf/math/pgfmathfunctions.code.tex)
(d:/texlive/2025/texmf-dist/tex/generic/pgf/math/pgfmathfunctions.basic.code.te
x)
(d:/texlive/2025/texmf-dist/tex/generic/pgf/math/pgfmathfunctions.trigonometric
.code.tex)
(d:/texlive/2025/texmf-dist/tex/generic/pgf/math/pgfmathfunctions.random.code.t
ex)
(d:/texlive/2025/texmf-dist/tex/generic/pgf/math/pgfmathfunctions.comparison.co
de.tex)
(d:/texlive/2025/texmf-dist/tex/generic/pgf/math/pgfmathfunctions.base.code.tex
)
(d:/texlive/2025/texmf-dist/tex/generic/pgf/math/pgfmathfunctions.round.code.te
x)
(d:/texlive/2025/texmf-dist/tex/generic/pgf/math/pgfmathfunctions.misc.code.tex
)
(d:/texlive/2025/texmf-dist/tex/generic/pgf/math/pgfmathfunctions.integerarithm
etics.code.tex)
(d:/texlive/2025/texmf-dist/tex/generic/pgf/math/pgfmathcalc.code.tex)
(d:/texlive/2025/texmf-dist/tex/generic/pgf/math/pgfmathfloat.code.tex
\c@pgfmathroundto@lastzeros=\count341
))
(d:/texlive/2025/texmf-dist/tex/generic/pgf/math/pgfint.code.tex)
(d:/texlive/2025/texmf-dist/tex/generic/pgf/basiclayer/pgfcorepoints.code.tex
File: pgfcorepoints.code.tex 2023-01-15 v3.1.10 (3.1.10)
\pgf@picminx=\dimen281
\pgf@picmaxx=\dimen282
\pgf@picminy=\dimen283
\pgf@picmaxy=\dimen284
\pgf@pathminx=\dimen285
\pgf@pathmaxx=\dimen286
\pgf@pathminy=\dimen287
\pgf@pathmaxy=\dimen288
\pgf@xx=\dimen289
\pgf@xy=\dimen290
\pgf@yx=\dimen291
\pgf@yy=\dimen292
\pgf@zx=\dimen293
\pgf@zy=\dimen294
)
(d:/texlive/2025/texmf-dist/tex/generic/pgf/basiclayer/pgfcorepathconstruct.cod
e.tex
File: pgfcorepathconstruct.code.tex 2023-01-15 v3.1.10 (3.1.10)
\pgf@path@lastx=\dimen295
\pgf@path@lasty=\dimen296
)
(d:/texlive/2025/texmf-dist/tex/generic/pgf/basiclayer/pgfcorepathusage.code.te
x
File: pgfcorepathusage.code.tex 2023-01-15 v3.1.10 (3.1.10)
\pgf@shorten@end@additional=\dimen297
\pgf@shorten@start@additional=\dimen298
)
(d:/texlive/2025/texmf-dist/tex/generic/pgf/basiclayer/pgfcorescopes.code.tex
File: pgfcorescopes.code.tex 2023-01-15 v3.1.10 (3.1.10)
\pgfpic=\box62
\pgf@hbox=\box63
\pgf@layerbox@main=\box64
\pgf@picture@serial@count=\count342
)
(d:/texlive/2025/texmf-dist/tex/generic/pgf/basiclayer/pgfcoregraphicstate.code
.tex
File: pgfcoregraphicstate.code.tex 2023-01-15 v3.1.10 (3.1.10)
\pgflinewidth=\dimen299
)
(d:/texlive/2025/texmf-dist/tex/generic/pgf/basiclayer/pgfcoretransformations.c
ode.tex
File: pgfcoretransformations.code.tex 2023-01-15 v3.1.10 (3.1.10)
\pgf@pt@x=\dimen300
\pgf@pt@y=\dimen301
\pgf@pt@temp=\dimen302
)
(d:/texlive/2025/texmf-dist/tex/generic/pgf/basiclayer/pgfcorequick.code.tex
File: pgfcorequick.code.tex 2023-01-15 v3.1.10 (3.1.10)
)
(d:/texlive/2025/texmf-dist/tex/generic/pgf/basiclayer/pgfcoreobjects.code.tex
File: pgfcoreobjects.code.tex 2023-01-15 v3.1.10 (3.1.10)
)
(d:/texlive/2025/texmf-dist/tex/generic/pgf/basiclayer/pgfcorepathprocessing.co
de.tex
File: pgfcorepathprocessing.code.tex 2023-01-15 v3.1.10 (3.1.10)
)
(d:/texlive/2025/texmf-dist/tex/generic/pgf/basiclayer/pgfcorearrows.code.tex
File: pgfcorearrows.code.tex 2023-01-15 v3.1.10 (3.1.10)
\pgfarrowsep=\dimen303
)
(d:/texlive/2025/texmf-dist/tex/generic/pgf/basiclayer/pgfcoreshade.code.tex
File: pgfcoreshade.code.tex 2023-01-15 v3.1.10 (3.1.10)
\pgf@max=\dimen304
\pgf@sys@shading@range@num=\count343
\pgf@shadingcount=\count344
)
(d:/texlive/2025/texmf-dist/tex/generic/pgf/basiclayer/pgfcoreimage.code.tex
File: pgfcoreimage.code.tex 2023-01-15 v3.1.10 (3.1.10)
)
(d:/texlive/2025/texmf-dist/tex/generic/pgf/basiclayer/pgfcoreexternal.code.tex
File: pgfcoreexternal.code.tex 2023-01-15 v3.1.10 (3.1.10)
\pgfexternal@startupbox=\box65
) (d:/texlive/2025/texmf-dist/tex/generic/pgf/basiclayer/pgfcorelayers.code.tex
File: pgfcorelayers.code.tex 2023-01-15 v3.1.10 (3.1.10)
)
(d:/texlive/2025/texmf-dist/tex/generic/pgf/basiclayer/pgfcoretransparency.code
.tex
File: pgfcoretransparency.code.tex 2023-01-15 v3.1.10 (3.1.10)
)
(d:/texlive/2025/texmf-dist/tex/generic/pgf/basiclayer/pgfcorepatterns.code.tex
File: pgfcorepatterns.code.tex 2023-01-15 v3.1.10 (3.1.10)
) (d:/texlive/2025/texmf-dist/tex/generic/pgf/basiclayer/pgfcorerdf.code.tex
File: pgfcorerdf.code.tex 2023-01-15 v3.1.10 (3.1.10)
))) (d:/texlive/2025/texmf-dist/tex/generic/pgf/modules/pgfmoduleshapes.code.te
x
File: pgfmoduleshapes.code.tex 2023-01-15 v3.1.10 (3.1.10)
\pgfnodeparttextbox=\box66
)
(d:/texlive/2025/texmf-dist/tex/generic/pgf/modules/pgfmoduleplot.code.tex
File: pgfmoduleplot.code.tex 2023-01-15 v3.1.10 (3.1.10)
)
(d:/texlive/2025/texmf-dist/tex/latex/pgf/compatibility/pgfcomp-version-0-65.st
y
Package: pgfcomp-version-0-65 2023-01-15 v3.1.10 (3.1.10)
\pgf@nodesepstart=\dimen305
\pgf@nodesepend=\dimen306
)
(d:/texlive/2025/texmf-dist/tex/latex/pgf/compatibility/pgfcomp-version-1-18.st
y
Package: pgfcomp-version-1-18 2023-01-15 v3.1.10 (3.1.10)
)) (d:/texlive/2025/texmf-dist/tex/latex/pgf/utilities/pgffor.sty
(d:/texlive/2025/texmf-dist/tex/latex/pgf/utilities/pgfkeys.sty
(d:/texlive/2025/texmf-dist/tex/generic/pgf/utilities/pgfkeys.code.tex))
(d:/texlive/2025/texmf-dist/tex/latex/pgf/math/pgfmath.sty
(d:/texlive/2025/texmf-dist/tex/generic/pgf/math/pgfmath.code.tex))
(d:/texlive/2025/texmf-dist/tex/generic/pgf/utilities/pgffor.code.tex
Package: pgffor 2023-01-15 v3.1.10 (3.1.10)
\pgffor@iter=\dimen307
\pgffor@skip=\dimen308
\pgffor@stack=\toks35
\pgffor@toks=\toks36
))
(d:/texlive/2025/texmf-dist/tex/generic/pgf/frontendlayer/tikz/tikz.code.tex
Package: tikz 2023-01-15 v3.1.10 (3.1.10)

(d:/texlive/2025/texmf-dist/tex/generic/pgf/libraries/pgflibraryplothandlers.co
de.tex
File: pgflibraryplothandlers.code.tex 2023-01-15 v3.1.10 (3.1.10)
\pgf@plot@mark@count=\count345
\pgfplotmarksize=\dimen309
)
\tikz@lastx=\dimen310
\tikz@lasty=\dimen311
\tikz@lastxsaved=\dimen312
\tikz@lastysaved=\dimen313
\tikz@lastmovetox=\dimen314
\tikz@lastmovetoy=\dimen315
\tikzleveldistance=\dimen316
\tikzsiblingdistance=\dimen317
\tikz@figbox=\box67
\tikz@figbox@bg=\box68
\tikz@tempbox=\box69
\tikz@tempbox@bg=\box70
\tikztreelevel=\count346
\tikznumberofchildren=\count347
\tikznumberofcurrentchild=\count348
\tikz@fig@count=\count349

(d:/texlive/2025/texmf-dist/tex/generic/pgf/modules/pgfmodulematrix.code.tex
File: pgfmodulematrix.code.tex 2023-01-15 v3.1.10 (3.1.10)
\pgfmatrixcurrentrow=\count350
\pgfmatrixcurrentcolumn=\count351
\pgf@matrix@numberofcolumns=\count352
)
\tikz@expandcount=\count353

(d:/texlive/2025/texmf-dist/tex/generic/pgf/frontendlayer/tikz/libraries/tikzli
brarytopaths.code.tex
File: tikzlibrarytopaths.code.tex 2023-01-15 v3.1.10 (3.1.10)
)))
(d:/texlive/2025/texmf-dist/tex/generic/pgf/frontendlayer/tikz/libraries/tikzli
braryshapes.code.tex
File: tikzlibraryshapes.code.tex 2023-01-15 v3.1.10 (3.1.10)

(d:/texlive/2025/texmf-dist/tex/generic/pgf/frontendlayer/tikz/libraries/tikzli
braryshapes.geometric.code.tex
File: tikzlibraryshapes.geometric.code.tex 2023-01-15 v3.1.10 (3.1.10)

(d:/texlive/2025/texmf-dist/tex/generic/pgf/libraries/shapes/pgflibraryshapes.g
eometric.code.tex
File: pgflibraryshapes.geometric.code.tex 2023-01-15 v3.1.10 (3.1.10)
))
(d:/texlive/2025/texmf-dist/tex/generic/pgf/frontendlayer/tikz/libraries/tikzli
braryshapes.misc.code.tex
File: tikzlibraryshapes.misc.code.tex 2023-01-15 v3.1.10 (3.1.10)

(d:/texlive/2025/texmf-dist/tex/generic/pgf/libraries/shapes/pgflibraryshapes.m
isc.code.tex
File: pgflibraryshapes.misc.code.tex 2023-01-15 v3.1.10 (3.1.10)
))
(d:/texlive/2025/texmf-dist/tex/generic/pgf/frontendlayer/tikz/libraries/tikzli
braryshapes.symbols.code.tex
File: tikzlibraryshapes.symbols.code.tex 2023-01-15 v3.1.10 (3.1.10)

(d:/texlive/2025/texmf-dist/tex/generic/pgf/libraries/shapes/pgflibraryshapes.s
ymbols.code.tex
File: pgflibraryshapes.symbols.code.tex 2023-01-15 v3.1.10 (3.1.10)
))
(d:/texlive/2025/texmf-dist/tex/generic/pgf/frontendlayer/tikz/libraries/tikzli
braryshapes.arrows.code.tex
File: tikzlibraryshapes.arrows.code.tex 2023-01-15 v3.1.10 (3.1.10)

(d:/texlive/2025/texmf-dist/tex/generic/pgf/libraries/shapes/pgflibraryshapes.a
rrows.code.tex
File: pgflibraryshapes.arrows.code.tex 2023-01-15 v3.1.10 (3.1.10)
))
(d:/texlive/2025/texmf-dist/tex/generic/pgf/frontendlayer/tikz/libraries/tikzli
braryshapes.callouts.code.tex
(d:/texlive/2025/texmf-dist/tex/generic/pgf/libraries/shapes/pgflibraryshapes.c
allouts.code.tex))
(d:/texlive/2025/texmf-dist/tex/generic/pgf/frontendlayer/tikz/libraries/tikzli
braryshapes.multipart.code.tex
File: tikzlibraryshapes.multipart.code.tex 2023-01-15 v3.1.10 (3.1.10)

(d:/texlive/2025/texmf-dist/tex/generic/pgf/libraries/shapes/pgflibraryshapes.m
ultipart.code.tex
File: pgflibraryshapes.multipart.code.tex 2023-01-15 v3.1.10 (3.1.10)
\pgfnodepartlowerbox=\box71
\pgfnodeparttwobox=\box72
\pgfnodepartthreebox=\box73
\pgfnodepartfourbox=\box74
\pgfnodeparttwentybox=\box75
\pgfnodepartnineteenbox=\box76
\pgfnodeparteighteenbox=\box77
\pgfnodepartseventeenbox=\box78
\pgfnodepartsixteenbox=\box79
\pgfnodepartfifteenbox=\box80
\pgfnodepartfourteenbox=\box81
\pgfnodepartthirteenbox=\box82
\pgfnodeparttwelvebox=\box83
\pgfnodepartelevenbox=\box84
\pgfnodeparttenbox=\box85
\pgfnodepartninebox=\box86
\pgfnodeparteightbox=\box87
\pgfnodepartsevenbox=\box88
\pgfnodepartsixbox=\box89
\pgfnodepartfivebox=\box90
)))
(d:/texlive/2025/texmf-dist/tex/generic/pgf/frontendlayer/tikz/libraries/tikzli
braryarrows.code.tex
File: tikzlibraryarrows.code.tex 2023-01-15 v3.1.10 (3.1.10)

(d:/texlive/2025/texmf-dist/tex/generic/pgf/libraries/pgflibraryarrows.code.tex
File: pgflibraryarrows.code.tex 2023-01-15 v3.1.10 (3.1.10)
\arrowsize=\dimen318
))
(d:/texlive/2025/texmf-dist/tex/generic/pgf/frontendlayer/tikz/libraries/tikzli
brarypositioning.code.tex
File: tikzlibrarypositioning.code.tex 2023-01-15 v3.1.10 (3.1.10)
)
(d:/texlive/2025/texmf-dist/tex/generic/pgf/frontendlayer/tikz/libraries/tikzli
braryfit.code.tex
File: tikzlibraryfit.code.tex 2023-01-15 v3.1.10 (3.1.10)
)
(d:/texlive/2025/texmf-dist/tex/generic/pgf/frontendlayer/tikz/libraries/tikzli
brarycalc.code.tex
File: tikzlibrarycalc.code.tex 2023-01-15 v3.1.10 (3.1.10)
) (d:/texlive/2025/texmf-dist/tex/latex/listings/listings.sty
\lst@mode=\count354
\lst@gtempboxa=\box91
\lst@token=\toks37
\lst@length=\count355
\lst@currlwidth=\dimen319
\lst@column=\count356
\lst@pos=\count357
\lst@lostspace=\dimen320
\lst@width=\dimen321
\lst@newlines=\count358
\lst@lineno=\count359
\lst@maxwidth=\dimen322
(d:/texlive/2025/texmf-dist/tex/latex/listings/lstpatch.sty
File: lstpatch.sty 2024/09/23 1.10c (Carsten Heinz)
)
(d:/texlive/2025/texmf-dist/tex/latex/listings/lstmisc.sty
File: lstmisc.sty 2024/09/23 1.10c (Carsten Heinz)
\c@lstnumber=\count360
\lst@skipnumbers=\count361
\lst@framebox=\box92
)
(d:/texlive/2025/texmf-dist/tex/latex/listings/listings.cfg
File: listings.cfg 2024/09/23 1.10c listings configuration
))
Package: listings 2024/09/23 1.10c (Carsten Heinz)

(d:/texlive/2025/texmf-dist/tex/xelatex/xecjk/xeCJK-listings.sty
Package: xeCJK-listings 2022/08/05 v3.9.1 xeCJK patch file for listings
\l__xeCJK_listings_max_char_int=\count362
\l__xeCJK_listings_flag_int=\count363
)
(d:/texlive/2025/texmf-dist/tex/latex/xurl/xurl.sty
Package: xurl 2022/01/09 v 0.10 modify URL breaks
)
(d:/texlive/2025/texmf-dist/tex/latex/tools/tabularx.sty
Package: tabularx 2023/12/11 v2.12a `tabularx' package (DPC)

(d:/texlive/2025/texmf-dist/tex/latex/tools/array.sty
Package: array 2024/10/17 v2.6g Tabular extension package (FMi)
\col@sep=\dimen323
\ar@mcellbox=\box93
\extrarowheight=\dimen324
\NC@list=\toks38
\extratabsurround=\skip64
\backup@length=\skip65
\ar@cellbox=\box94
)
\TX@col@width=\dimen325
\TX@old@table=\dimen326
\TX@old@col=\dimen327
\TX@target=\dimen328
\TX@delta=\dimen329
\TX@cols=\count364
\TX@ftn=\toks39
)
(d:/texlive/2025/texmf-dist/tex/latex/ragged2e/ragged2e.sty
Package: ragged2e 2023/06/22 v3.6 ragged2e Package
\CenteringLeftskip=\skip66
\RaggedLeftLeftskip=\skip67
\RaggedRightLeftskip=\skip68
\CenteringRightskip=\skip69
\RaggedLeftRightskip=\skip70
\RaggedRightRightskip=\skip71
\CenteringParfillskip=\skip72
\RaggedLeftParfillskip=\skip73
\RaggedRightParfillskip=\skip74
\JustifyingParfillskip=\skip75
\CenteringParindent=\skip76
\RaggedLeftParindent=\skip77
\RaggedRightParindent=\skip78
\JustifyingParindent=\skip79
) (./19周组会.aux)
\openout1 = `19周组会.aux'.

LaTeX Font Info:    Checking defaults for OML/cmm/m/it on input line 29.
LaTeX Font Info:    ... okay on input line 29.
LaTeX Font Info:    Checking defaults for OMS/cmsy/m/n on input line 29.
LaTeX Font Info:    ... okay on input line 29.
LaTeX Font Info:    Checking defaults for OT1/cmr/m/n on input line 29.
LaTeX Font Info:    ... okay on input line 29.
LaTeX Font Info:    Checking defaults for T1/cmr/m/n on input line 29.
LaTeX Font Info:    ... okay on input line 29.
LaTeX Font Info:    Checking defaults for TS1/cmr/m/n on input line 29.
LaTeX Font Info:    ... okay on input line 29.
LaTeX Font Info:    Checking defaults for TU/lmr/m/n on input line 29.
LaTeX Font Info:    ... okay on input line 29.
LaTeX Font Info:    Checking defaults for OMX/cmex/m/n on input line 29.
LaTeX Font Info:    ... okay on input line 29.
LaTeX Font Info:    Checking defaults for U/cmr/m/n on input line 29.
LaTeX Font Info:    ... okay on input line 29.
LaTeX Font Info:    Checking defaults for PD1/pdf/m/n on input line 29.
LaTeX Font Info:    ... okay on input line 29.
LaTeX Font Info:    Checking defaults for PU/pdf/m/n on input line 29.
LaTeX Font Info:    ... okay on input line 29.

Package fontspec Info: 
(fontspec)             Adjusting the maths setup (use [no-math] to avoid
(fontspec)             this).

\symlegacymaths=\mathgroup6
LaTeX Font Info:    Overwriting symbol font `legacymaths' in version `bold'
(Font)                  OT1/cmr/m/n --> OT1/cmr/bx/n on input line 29.
LaTeX Font Info:    Redeclaring math accent \acute on input line 29.
LaTeX Font Info:    Redeclaring math accent \grave on input line 29.
LaTeX Font Info:    Redeclaring math accent \ddot on input line 29.
LaTeX Font Info:    Redeclaring math accent \tilde on input line 29.
LaTeX Font Info:    Redeclaring math accent \bar on input line 29.
LaTeX Font Info:    Redeclaring math accent \breve on input line 29.
LaTeX Font Info:    Redeclaring math accent \check on input line 29.
LaTeX Font Info:    Redeclaring math accent \hat on input line 29.
LaTeX Font Info:    Redeclaring math accent \dot on input line 29.
LaTeX Font Info:    Redeclaring math accent \mathring on input line 29.
LaTeX Font Info:    Redeclaring math symbol \Gamma on input line 29.
LaTeX Font Info:    Redeclaring math symbol \Delta on input line 29.
LaTeX Font Info:    Redeclaring math symbol \Theta on input line 29.
LaTeX Font Info:    Redeclaring math symbol \Lambda on input line 29.
LaTeX Font Info:    Redeclaring math symbol \Xi on input line 29.
LaTeX Font Info:    Redeclaring math symbol \Pi on input line 29.
LaTeX Font Info:    Redeclaring math symbol \Sigma on input line 29.
LaTeX Font Info:    Redeclaring math symbol \Upsilon on input line 29.
LaTeX Font Info:    Redeclaring math symbol \Phi on input line 29.
LaTeX Font Info:    Redeclaring math symbol \Psi on input line 29.
LaTeX Font Info:    Redeclaring math symbol \Omega on input line 29.
LaTeX Font Info:    Redeclaring math symbol \mathdollar on input line 29.
LaTeX Font Info:    Redeclaring symbol font `operators' on input line 29.
LaTeX Font Info:    Encoding `OT1' has changed to `TU' for symbol font
(Font)              `operators' in the math version `normal' on input line 29.
LaTeX Font Info:    Overwriting symbol font `operators' in version `normal'
(Font)                  OT1/cmr/m/n --> TU/lmr/m/n on input line 29.
LaTeX Font Info:    Encoding `OT1' has changed to `TU' for symbol font
(Font)              `operators' in the math version `bold' on input line 29.
LaTeX Font Info:    Overwriting symbol font `operators' in version `bold'
(Font)                  OT1/cmr/bx/n --> TU/lmr/m/n on input line 29.
LaTeX Font Info:    Overwriting symbol font `operators' in version `normal'
(Font)                  TU/lmr/m/n --> TU/lmr/m/n on input line 29.
LaTeX Font Info:    Overwriting math alphabet `\mathit' in version `normal'
(Font)                  OT1/cmr/m/it --> TU/lmr/m/it on input line 29.
LaTeX Font Info:    Overwriting math alphabet `\mathbf' in version `normal'
(Font)                  OT1/cmr/bx/n --> TU/lmr/b/n on input line 29.
LaTeX Font Info:    Overwriting math alphabet `\mathsf' in version `normal'
(Font)                  OT1/cmss/m/n --> TU/lmss/m/n on input line 29.
LaTeX Font Info:    Overwriting math alphabet `\mathtt' in version `normal'
(Font)                  OT1/cmtt/m/n --> TU/lmtt/m/n on input line 29.
LaTeX Font Info:    Overwriting symbol font `operators' in version `bold'
(Font)                  TU/lmr/m/n --> TU/lmr/b/n on input line 29.
LaTeX Font Info:    Overwriting math alphabet `\mathit' in version `bold'
(Font)                  OT1/cmr/bx/it --> TU/lmr/b/it on input line 29.
LaTeX Font Info:    Overwriting math alphabet `\mathsf' in version `bold'
(Font)                  OT1/cmss/bx/n --> TU/lmss/b/n on input line 29.
LaTeX Font Info:    Overwriting math alphabet `\mathtt' in version `bold'
(Font)                  OT1/cmtt/m/n --> TU/lmtt/b/n on input line 29.

*geometry* driver: auto-detecting
*geometry* detected driver: xetex
*geometry* verbose mode - [ preamble ] result:
* driver: xetex
* paper: a4paper
* layout: <same size as paper>
* layoutoffset:(h,v)=(0.0pt,0.0pt)
* modes: 
* h-part:(L,W,R)=(42.67912pt, 512.14963pt, 42.67912pt)
* v-part:(T,H,B)=(56.9055pt, 731.23584pt, 56.9055pt)
* \paperwidth=597.50787pt
* \paperheight=845.04684pt
* \textwidth=512.14963pt
* \textheight=731.23584pt
* \oddsidemargin=-29.59087pt
* \evensidemargin=-29.59087pt
* \topmargin=-52.36449pt
* \headheight=12.0pt
* \headsep=25.0pt
* \topskip=12.0pt
* \footskip=30.0pt
* \marginparwidth=35.0pt
* \marginparsep=10.0pt
* \columnsep=10.0pt
* \skip\footins=10.8pt plus 4.0pt minus 2.0pt
* \hoffset=0.0pt
* \voffset=0.0pt
* \mag=1000
* \@twocolumnfalse
* \@twosidefalse
* \@mparswitchfalse
* \@reversemarginfalse
* (1in=72.27pt=25.4mm, 1cm=28.453pt)

Package hyperref Info: Link coloring OFF on input line 29.
(./19周组会.out) (./19周组会.out)
\@outlinefile=\write4
\openout4 = `19周组会.out'.

\c@lstlisting=\count365
File: screenshot001.png Graphic file (type bmp)
<screenshot001.png>


[1

]

[2]

[3]

[4]

[5]
Overfull \hbox (13.45572pt too wide) in paragraph at lines 251--252
[][][][][][][][][][][][][][][][][][][][][] 
 []


Overfull \hbox (13.45572pt too wide) in paragraph at lines 253--254
[][][][][][][][][][][][][][][][][][][][][] 
 []


Overfull \hbox (13.45572pt too wide) in paragraph at lines 255--256
[][][][][][][][][][][][][][][][][][][][][] 
 []


Overfull \hbox (13.45572pt too wide) in paragraph at lines 257--258
[][][][][][][][][][][][][][][][][][][][][] 
 []


Overfull \hbox (13.45572pt too wide) in paragraph at lines 259--260
[][][][][][][][][][][][][][][][][][][][][] 
 []


Overfull \hbox (13.45572pt too wide) in paragraph at lines 261--262
[][][][][][][][][][][][][][][][][][][][][] 
 []


Overfull \hbox (13.45572pt too wide) in paragraph at lines 262--263
[][][][][][][][][][][][][][][][][][][][][] 
 []


Overfull \hbox (13.45572pt too wide) in paragraph at lines 264--265
[][][][][][][][][][][][][][][][][][][][][] 
 []



[6]
Overfull \hbox (13.45572pt too wide) in paragraph at lines 266--267
[][][][][][][][][][][][][][][][][][][][][] 
 []


Overfull \hbox (13.45572pt too wide) in paragraph at lines 267--268
[][][][][][][][][][][][][][][][][][][][][] 
 []


Overfull \hbox (20.65579pt too wide) in paragraph at lines 269--270
[][][][][][][][][][][][][][][][][][][][][] 
 []


Overfull \hbox (20.65579pt too wide) in paragraph at lines 270--271
[][][][][][][][][][][][][][][][][][][][][] 
 []


Overfull \hbox (20.65579pt too wide) in paragraph at lines 271--272
[][][][][][][][][][][][][][][][][][][][][] 
 []


Overfull \hbox (20.65579pt too wide) in paragraph at lines 272--273
[][][][][][][][][][][][][][][][][][][][][] 
 []


Overfull \hbox (20.65579pt too wide) in paragraph at lines 273--274
[][][][][][][][][][][][][][][][][][][][][] 
 []


Overfull \hbox (20.65579pt too wide) in paragraph at lines 274--275
[][][][][][][][][][][][][][][][][][][][][] 
 []


Overfull \hbox (20.65579pt too wide) in paragraph at lines 275--276
[][][][][][][][][][][][][][][][][][][][][] 
 []


Overfull \hbox (20.65579pt too wide) in paragraph at lines 276--277
[][][][][][][][][][][][][][][][][][][][][] 
 []


Overfull \hbox (20.65579pt too wide) in paragraph at lines 277--278
[][][][][][][][][][][][][][][][][][][][][] 
 []


Overfull \hbox (20.65579pt too wide) in paragraph at lines 278--279
[][][][][][][][][][][][][][][][][][][][][] 
 []


Overfull \hbox (20.65579pt too wide) in paragraph at lines 279--280
[][][][][][][][][][][][][][][][][][][][][] 
 []


Overfull \hbox (20.65579pt too wide) in paragraph at lines 280--281
[][][][][][][][][][][][][][][][][][][][][] 
 []


Overfull \hbox (20.65579pt too wide) in paragraph at lines 281--282
[][][][][][][][][][][][][][][][][][][][][] 
 []


Overfull \hbox (20.65579pt too wide) in paragraph at lines 282--283
[][][][][][][][][][][][][][][][][][][][][] 
 []


Overfull \hbox (27.85587pt too wide) in paragraph at lines 283--284
[][][][][][][][][][][][][][][][][][][][][] 
 []


Overfull \hbox (27.85587pt too wide) in paragraph at lines 284--285
[][][][][][][][][][][][][][][][][][][][][] 
 []


Overfull \hbox (27.85587pt too wide) in paragraph at lines 285--286
[][][][][][][][][][][][][][][][][][][][][] 
 []


Overfull \hbox (27.85587pt too wide) in paragraph at lines 286--287
[][][][][][][][][][][][][][][][][][][][][] 
 []


Overfull \hbox (27.85587pt too wide) in paragraph at lines 287--288
[][][][][][][][][][][][][][][][][][][][][] 
 []


Overfull \hbox (27.85587pt too wide) in paragraph at lines 288--289
[][][][][][][][][][][][][][][][][][][][][] 
 []


Overfull \hbox (27.85587pt too wide) in paragraph at lines 289--290
[][][][][][][][][][][][][][][][][][][][][] 
 []


Overfull \hbox (27.85587pt too wide) in paragraph at lines 290--291
[][][][][][][][][][][][][][][][][][][][][] 
 []


Overfull \hbox (27.85587pt too wide) in paragraph at lines 291--292
[][][][][][][][][][][][][][][][][][][][][] 
 []


Overfull \hbox (27.85587pt too wide) in paragraph at lines 292--293
[][][][][][][][][][][][][][][][][][][][][] 
 []


Overfull \hbox (27.85587pt too wide) in paragraph at lines 293--294
[][][][][][][][][][][][][][][][][][][][][] 
 []


Overfull \hbox (27.85587pt too wide) in paragraph at lines 294--295
[][][][][][][][][][][][][][][][][][][][][] 
 []


Overfull \hbox (27.85587pt too wide) in paragraph at lines 295--296
[][][][][][][][][][][][][][][][][][][][][] 
 []


Overfull \hbox (27.85587pt too wide) in paragraph at lines 296--297
[][][][][][][][][][][][][][][][][][][][][] 
 []


Overfull \hbox (27.85587pt too wide) in paragraph at lines 297--298
[][][][][][][][][][][][][][][][][][][][][] 
 []


Overfull \hbox (27.85587pt too wide) in paragraph at lines 298--299
[][][][][][][][][][][][][][][][][][][][][] 
 []


Overfull \hbox (27.85587pt too wide) in paragraph at lines 299--300
[][][][][][][][][][][][][][][][][][][][][] 
 []


Overfull \hbox (27.85587pt too wide) in paragraph at lines 300--301
[][][][][][][][][][][][][][][][][][][][][] 
 []


Overfull \hbox (27.85587pt too wide) in paragraph at lines 301--302
[][][][][][][][][][][][][][][][][][][][][] 
 []


Overfull \hbox (27.85587pt too wide) in paragraph at lines 302--303
[][][][][][][][][][][][][][][][][][][][][] 
 []


Overfull \hbox (27.85587pt too wide) in paragraph at lines 303--304
[][][][][][][][][][][][][][][][][][][][][] 
 []


Overfull \hbox (27.85587pt too wide) in paragraph at lines 304--305
[][][][][][][][][][][][][][][][][][][][][] 
 []



[7]
Overfull \hbox (27.85587pt too wide) in paragraph at lines 305--306
[][][][][][][][][][][][][][][][][][][][][] 
 []


Overfull \hbox (27.85587pt too wide) in paragraph at lines 306--307
[][][][][][][][][][][][][][][][][][][][][] 
 []


Overfull \hbox (27.85587pt too wide) in paragraph at lines 307--308
[][][][][][][][][][][][][][][][][][][][][] 
 []


Overfull \hbox (27.85587pt too wide) in paragraph at lines 308--309
[][][][][][][][][][][][][][][][][][][][][] 
 []


Overfull \hbox (27.85587pt too wide) in paragraph at lines 309--310
[][][][][][][][][][][][][][][][][][][][][] 
 []


Overfull \hbox (27.85587pt too wide) in paragraph at lines 310--311
[][][][][][][][][][][][][][][][][][][][][] 
 []


Overfull \hbox (27.85587pt too wide) in paragraph at lines 311--312
[][][][][][][][][][][][][][][][][][][][][] 
 []


Overfull \hbox (27.85587pt too wide) in paragraph at lines 312--313
[][][][][][][][][][][][][][][][][][][][][] 
 []


Overfull \hbox (27.85587pt too wide) in paragraph at lines 313--314
[][][][][][][][][][][][][][][][][][][][][] 
 []


Overfull \hbox (27.85587pt too wide) in paragraph at lines 314--315
[][][][][][][][][][][][][][][][][][][][][] 
 []


Overfull \hbox (27.85587pt too wide) in paragraph at lines 315--316
[][][][][][][][][][][][][][][][][][][][][] 
 []


Overfull \hbox (27.85587pt too wide) in paragraph at lines 316--317
[][][][][][][][][][][][][][][][][][][][][] 
 []


Overfull \hbox (27.85587pt too wide) in paragraph at lines 317--318
[][][][][][][][][][][][][][][][][][][][][] 
 []


Overfull \hbox (27.85587pt too wide) in paragraph at lines 318--319
[][][][][][][][][][][][][][][][][][][][][] 
 []


Overfull \hbox (27.85587pt too wide) in paragraph at lines 319--320
[][][][][][][][][][][][][][][][][][][][][] 
 []


Overfull \hbox (27.85587pt too wide) in paragraph at lines 320--321
[][][][][][][][][][][][][][][][][][][][][] 
 []


Overfull \hbox (27.85587pt too wide) in paragraph at lines 321--322
[][][][][][][][][][][][][][][][][][][][][] 
 []


Overfull \hbox (27.85587pt too wide) in paragraph at lines 322--323
[][][][][][][][][][][][][][][][][][][][][] 
 []


Overfull \hbox (27.85587pt too wide) in paragraph at lines 323--324
[][][][][][][][][][][][][][][][][][][][][] 
 []


Overfull \hbox (27.85587pt too wide) in paragraph at lines 324--325
[][][][][][][][][][][][][][][][][][][][][] 
 []


Overfull \hbox (27.85587pt too wide) in paragraph at lines 325--326
[][][][][][][][][][][][][][][][][][][][][] 
 []


Overfull \hbox (27.85587pt too wide) in paragraph at lines 326--327
[][][][][][][][][][][][][][][][][][][][][] 
 []


Overfull \hbox (27.85587pt too wide) in paragraph at lines 327--328
[][][][][][][][][][][][][][][][][][][][][] 
 []


Overfull \hbox (27.85587pt too wide) in paragraph at lines 328--329
[][][][][][][][][][][][][][][][][][][][][] 
 []


Overfull \hbox (27.85587pt too wide) in paragraph at lines 329--330
[][][][][][][][][][][][][][][][][][][][][] 
 []


Overfull \hbox (27.85587pt too wide) in paragraph at lines 330--331
[][][][][][][][][][][][][][][][][][][][][] 
 []


Overfull \hbox (27.85587pt too wide) in paragraph at lines 331--332
[][][][][][][][][][][][][][][][][][][][][] 
 []


Overfull \hbox (27.85587pt too wide) in paragraph at lines 332--333
[][][][][][][][][][][][][][][][][][][][][] 
 []


Overfull \hbox (27.85587pt too wide) in paragraph at lines 333--334
[][][][][][][][][][][][][][][][][][][][][] 
 []


Overfull \hbox (27.85587pt too wide) in paragraph at lines 334--335
[][][][][][][][][][][][][][][][][][][][][] 
 []


Overfull \hbox (27.85587pt too wide) in paragraph at lines 335--336
[][][][][][][][][][][][][][][][][][][][][] 
 []


Overfull \hbox (27.85587pt too wide) in paragraph at lines 336--337
[][][][][][][][][][][][][][][][][][][][][] 
 []


Overfull \hbox (27.85587pt too wide) in paragraph at lines 337--338
[][][][][][][][][][][][][][][][][][][][][] 
 []


Overfull \hbox (27.85587pt too wide) in paragraph at lines 338--339
[][][][][][][][][][][][][][][][][][][][][] 
 []


Overfull \hbox (27.85587pt too wide) in paragraph at lines 339--340
[][][][][][][][][][][][][][][][][][][][][] 
 []


Overfull \hbox (27.85587pt too wide) in paragraph at lines 340--341
[][][][][][][][][][][][][][][][][][][][][] 
 []


Overfull \hbox (27.85587pt too wide) in paragraph at lines 341--342
[][][][][][][][][][][][][][][][][][][][][] 
 []


Overfull \hbox (27.85587pt too wide) in paragraph at lines 342--343
[][][][][][][][][][][][][][][][][][][][][] 
 []


Overfull \hbox (27.85587pt too wide) in paragraph at lines 343--344
[][][][][][][][][][][][][][][][][][][][][] 
 []



[8]
Overfull \hbox (27.85587pt too wide) in paragraph at lines 344--345
[][][][][][][][][][][][][][][][][][][][][] 
 []


Overfull \hbox (27.85587pt too wide) in paragraph at lines 345--346
[][][][][][][][][][][][][][][][][][][][][] 
 []


Overfull \hbox (27.85587pt too wide) in paragraph at lines 346--347
[][][][][][][][][][][][][][][][][][][][][] 
 []


Overfull \hbox (27.85587pt too wide) in paragraph at lines 347--348
[][][][][][][][][][][][][][][][][][][][][] 
 []


Overfull \hbox (27.85587pt too wide) in paragraph at lines 348--349
[][][][][][][][][][][][][][][][][][][][][] 
 []


Overfull \hbox (27.85587pt too wide) in paragraph at lines 349--350
[][][][][][][][][][][][][][][][][][][][][] 
 []


Overfull \hbox (27.85587pt too wide) in paragraph at lines 350--351
[][][][][][][][][][][][][][][][][][][][][] 
 []


Overfull \hbox (27.85587pt too wide) in paragraph at lines 351--352
[][][][][][][][][][][][][][][][][][][][][] 
 []


Overfull \hbox (27.85587pt too wide) in paragraph at lines 352--353
[][][][][][][][][][][][][][][][][][][][][] 
 []


Overfull \hbox (27.85587pt too wide) in paragraph at lines 353--354
[][][][][][][][][][][][][][][][][][][][][] 
 []


Overfull \hbox (27.85587pt too wide) in paragraph at lines 354--355
[][][][][][][][][][][][][][][][][][][][][] 
 []


Overfull \hbox (27.85587pt too wide) in paragraph at lines 355--356
[][][][][][][][][][][][][][][][][][][][][] 
 []


Overfull \hbox (27.85587pt too wide) in paragraph at lines 356--357
[][][][][][][][][][][][][][][][][][][][][] 
 []


Overfull \hbox (27.85587pt too wide) in paragraph at lines 357--358
[][][][][][][][][][][][][][][][][][][][][] 
 []


Overfull \hbox (27.85587pt too wide) in paragraph at lines 358--359
[][][][][][][][][][][][][][][][][][][][][] 
 []


Overfull \hbox (35.05594pt too wide) in paragraph at lines 359--360
[][][][][][][][][][][][][][][][][][][][][] 
 []


Overfull \hbox (35.05594pt too wide) in paragraph at lines 360--361
[][][][][][][][][][][][][][][][][][][][][] 
 []


Overfull \hbox (35.05594pt too wide) in paragraph at lines 361--362
[][][][][][][][][][][][][][][][][][][][][] 
 []


Overfull \hbox (35.05594pt too wide) in paragraph at lines 362--363
[][][][][][][][][][][][][][][][][][][][][] 
 []


Overfull \hbox (35.05594pt too wide) in paragraph at lines 363--364
[][][][][][][][][][][][][][][][][][][][][] 
 []


Overfull \hbox (35.05594pt too wide) in paragraph at lines 364--365
[][][][][][][][][][][][][][][][][][][][][] 
 []


Overfull \hbox (35.05594pt too wide) in paragraph at lines 365--366
[][][][][][][][][][][][][][][][][][][][][] 
 []


Overfull \hbox (35.05594pt too wide) in paragraph at lines 366--367
[][][][][][][][][][][][][][][][][][][][][] 
 []


Overfull \hbox (35.05594pt too wide) in paragraph at lines 367--368
[][][][][][][][][][][][][][][][][][][][][] 
 []


Overfull \hbox (35.05594pt too wide) in paragraph at lines 368--369
[][][][][][][][][][][][][][][][][][][][][] 
 []


Overfull \hbox (35.05594pt too wide) in paragraph at lines 369--370
[][][][][][][][][][][][][][][][][][][][][] 
 []


Overfull \hbox (35.05594pt too wide) in paragraph at lines 370--371
[][][][][][][][][][][][][][][][][][][][][] 
 []


Overfull \hbox (35.05594pt too wide) in paragraph at lines 371--372
[][][][][][][][][][][][][][][][][][][][][] 
 []


Overfull \hbox (35.05594pt too wide) in paragraph at lines 372--373
[][][][][][][][][][][][][][][][][][][][][] 
 []


Overfull \hbox (35.05594pt too wide) in paragraph at lines 373--374
[][][][][][][][][][][][][][][][][][][][][] 
 []


Overfull \hbox (35.05594pt too wide) in paragraph at lines 374--375
[][][][][][][][][][][][][][][][][][][][][] 
 []


Overfull \hbox (35.05594pt too wide) in paragraph at lines 375--376
[][][][][][][][][][][][][][][][][][][][][] 
 []


Overfull \hbox (35.05594pt too wide) in paragraph at lines 376--377
[][][][][][][][][][][][][][][][][][][][][] 
 []


Overfull \hbox (35.05594pt too wide) in paragraph at lines 377--378
[][][][][][][][][][][][][][][][][][][][][] 
 []


Overfull \hbox (35.05594pt too wide) in paragraph at lines 378--379
[][][][][][][][][][][][][][][][][][][][][] 
 []


Overfull \hbox (35.05594pt too wide) in paragraph at lines 379--380
[][][][][][][][][][][][][][][][][][][][][] 
 []


Overfull \hbox (35.05594pt too wide) in paragraph at lines 380--381
[][][][][][][][][][][][][][][][][][][][][] 
 []


Overfull \hbox (35.05594pt too wide) in paragraph at lines 381--382
[][][][][][][][][][][][][][][][][][][][][] 
 []


Overfull \hbox (35.05594pt too wide) in paragraph at lines 382--383
[][][][][][][][][][][][][][][][][][][][][] 
 []



[9]
Overfull \hbox (35.05594pt too wide) in paragraph at lines 383--384
[][][][][][][][][][][][][][][][][][][][][] 
 []


Overfull \hbox (35.05594pt too wide) in paragraph at lines 384--385
[][][][][][][][][][][][][][][][][][][][][] 
 []


Overfull \hbox (35.05594pt too wide) in paragraph at lines 385--386
[][][][][][][][][][][][][][][][][][][][][] 
 []


Overfull \hbox (35.05594pt too wide) in paragraph at lines 386--387
[][][][][][][][][][][][][][][][][][][][][] 
 []


Overfull \hbox (35.05594pt too wide) in paragraph at lines 387--388
[][][][][][][][][][][][][][][][][][][][][] 
 []


Overfull \hbox (42.25601pt too wide) in paragraph at lines 388--389
[][][][][][][][][][][][][][][][][][][][][] 
 []


Overfull \hbox (42.25601pt too wide) in paragraph at lines 389--390
[][][][][][][][][][][][][][][][][][][][][] 
 []


Overfull \hbox (42.25601pt too wide) in paragraph at lines 390--391
[][][][][][][][][][][][][][][][][][][][][] 
 []


Overfull \hbox (42.25601pt too wide) in paragraph at lines 391--392
[][][][][][][][][][][][][][][][][][][][][] 
 []


Overfull \hbox (42.25601pt too wide) in paragraph at lines 392--393
[][][][][][][][][][][][][][][][][][][][][] 
 []


Overfull \hbox (42.25601pt too wide) in paragraph at lines 393--394
[][][][][][][][][][][][][][][][][][][][][] 
 []


Overfull \hbox (42.25601pt too wide) in paragraph at lines 394--395
[][][][][][][][][][][][][][][][][][][][][] 
 []


Overfull \hbox (42.25601pt too wide) in paragraph at lines 395--396
[][][][][][][][][][][][][][][][][][][][][] 
 []


Overfull \hbox (49.45609pt too wide) in paragraph at lines 396--397
[][][][][][][][][][][][][][][][][][][][][] 
 []


Overfull \hbox (49.45609pt too wide) in paragraph at lines 397--398
[][][][][][][][][][][][][][][][][][][][][] 
 []


Overfull \hbox (49.45609pt too wide) in paragraph at lines 398--399
[][][][][][][][][][][][][][][][][][][][][] 
 []


Overfull \hbox (49.45609pt too wide) in paragraph at lines 399--400
[][][][][][][][][][][][][][][][][][][][][] 
 []


Overfull \hbox (49.45609pt too wide) in paragraph at lines 400--401
[][][][][][][][][][][][][][][][][][][][][] 
 []


Overfull \hbox (49.45609pt too wide) in paragraph at lines 401--402
[][][][][][][][][][][][][][][][][][][][][] 
 []


Overfull \hbox (49.45609pt too wide) in paragraph at lines 402--403
[][][][][][][][][][][][][][][][][][][][][] 
 []


Overfull \hbox (49.45609pt too wide) in paragraph at lines 403--404
[][][][][][][][][][][][][][][][][][][][][] 
 []


Overfull \hbox (49.45609pt too wide) in paragraph at lines 404--405
[][][][][][][][][][][][][][][][][][][][][] 
 []


Overfull \hbox (49.45609pt too wide) in paragraph at lines 405--406
[][][][][][][][][][][][][][][][][][][][][] 
 []


Overfull \hbox (49.45609pt too wide) in paragraph at lines 406--407
[][][][][][][][][][][][][][][][][][][][][] 
 []


Overfull \hbox (49.45609pt too wide) in paragraph at lines 407--408
[][][][][][][][][][][][][][][][][][][][][] 
 []


Overfull \hbox (49.45609pt too wide) in paragraph at lines 408--409
[][][][][][][][][][][][][][][][][][][][][] 
 []


Overfull \hbox (49.45609pt too wide) in paragraph at lines 409--410
[][][][][][][][][][][][][][][][][][][][][] 
 []


Overfull \hbox (49.45609pt too wide) in paragraph at lines 410--411
[][][][][][][][][][][][][][][][][][][][][] 
 []


Overfull \hbox (49.45609pt too wide) in paragraph at lines 411--412
[][][][][][][][][][][][][][][][][][][][][] 
 []


Overfull \hbox (49.45609pt too wide) in paragraph at lines 412--413
[][][][][][][][][][][][][][][][][][][][][] 
 []


Overfull \hbox (49.45609pt too wide) in paragraph at lines 413--414
[][][][][][][][][][][][][][][][][][][][][] 
 []


Overfull \hbox (49.45609pt too wide) in paragraph at lines 414--415
[][][][][][][][][][][][][][][][][][][][][] 
 []


Overfull \hbox (49.45609pt too wide) in paragraph at lines 415--416
[][][][][][][][][][][][][][][][][][][][][] 
 []


Overfull \hbox (49.45609pt too wide) in paragraph at lines 416--417
[][][][][][][][][][][][][][][][][][][][][] 
 []


Overfull \hbox (49.45609pt too wide) in paragraph at lines 417--418
[][][][][][][][][][][][][][][][][][][][][] 
 []


Overfull \hbox (49.45609pt too wide) in paragraph at lines 418--419
[][][][][][][][][][][][][][][][][][][][][] 
 []


Overfull \hbox (49.45609pt too wide) in paragraph at lines 419--420
[][][][][][][][][][][][][][][][][][][][][] 
 []


Overfull \hbox (49.45609pt too wide) in paragraph at lines 420--421
[][][][][][][][][][][][][][][][][][][][][] 
 []


Overfull \hbox (49.45609pt too wide) in paragraph at lines 421--422
[][][][][][][][][][][][][][][][][][][][][] 
 []



[10]
Overfull \hbox (49.45609pt too wide) in paragraph at lines 422--423
[][][][][][][][][][][][][][][][][][][][][] 
 []


Overfull \hbox (49.45609pt too wide) in paragraph at lines 423--424
[][][][][][][][][][][][][][][][][][][][][] 
 []


Overfull \hbox (49.45609pt too wide) in paragraph at lines 424--425
[][][][][][][][][][][][][][][][][][][][][] 
 []


Overfull \hbox (49.45609pt too wide) in paragraph at lines 425--426
[][][][][][][][][][][][][][][][][][][][][] 
 []


Overfull \hbox (49.45609pt too wide) in paragraph at lines 426--427
[][][][][][][][][][][][][][][][][][][][][] 
 []


Overfull \hbox (49.45609pt too wide) in paragraph at lines 427--428
[][][][][][][][][][][][][][][][][][][][][] 
 []


Overfull \hbox (49.45609pt too wide) in paragraph at lines 428--429
[][][][][][][][][][][][][][][][][][][][][] 
 []


Overfull \hbox (49.45609pt too wide) in paragraph at lines 429--430
[][][][][][][][][][][][][][][][][][][][][] 
 []


Overfull \hbox (49.45609pt too wide) in paragraph at lines 430--431
[][][][][][][][][][][][][][][][][][][][][] 
 []


Overfull \hbox (49.45609pt too wide) in paragraph at lines 431--432
[][][][][][][][][][][][][][][][][][][][][] 
 []


Overfull \hbox (49.45609pt too wide) in paragraph at lines 432--433
[][][][][][][][][][][][][][][][][][][][][] 
 []


Overfull \hbox (49.45609pt too wide) in paragraph at lines 433--434
[][][][][][][][][][][][][][][][][][][][][] 
 []


Overfull \hbox (49.45609pt too wide) in paragraph at lines 434--435
[][][][][][][][][][][][][][][][][][][][][] 
 []


Overfull \hbox (49.45609pt too wide) in paragraph at lines 435--436
[][][][][][][][][][][][][][][][][][][][][] 
 []


Overfull \hbox (49.45609pt too wide) in paragraph at lines 436--437
[][][][][][][][][][][][][][][][][][][][][] 
 []


Overfull \hbox (49.45609pt too wide) in paragraph at lines 437--438
[][][][][][][][][][][][][][][][][][][][][] 
 []


Overfull \hbox (49.45609pt too wide) in paragraph at lines 438--439
[][][][][][][][][][][][][][][][][][][][][] 
 []


Overfull \hbox (49.45609pt too wide) in paragraph at lines 439--440
[][][][][][][][][][][][][][][][][][][][][] 
 []


Overfull \hbox (49.45609pt too wide) in paragraph at lines 440--441
[][][][][][][][][][][][][][][][][][][][][] 
 []


Overfull \hbox (49.45609pt too wide) in paragraph at lines 441--442
[][][][][][][][][][][][][][][][][][][][][] 
 []


Overfull \hbox (49.45609pt too wide) in paragraph at lines 442--443
[][][][][][][][][][][][][][][][][][][][][] 
 []


Overfull \hbox (49.45609pt too wide) in paragraph at lines 443--444
[][][][][][][][][][][][][][][][][][][][][] 
 []


Overfull \hbox (49.45609pt too wide) in paragraph at lines 444--445
[][][][][][][][][][][][][][][][][][][][][] 
 []


Overfull \hbox (49.45609pt too wide) in paragraph at lines 445--446
[][][][][][][][][][][][][][][][][][][][][] 
 []


Overfull \hbox (49.45609pt too wide) in paragraph at lines 446--447
[][][][][][][][][][][][][][][][][][][][][] 
 []


Overfull \hbox (49.45609pt too wide) in paragraph at lines 447--448
[][][][][][][][][][][][][][][][][][][][][] 
 []


Overfull \hbox (49.45609pt too wide) in paragraph at lines 448--449
[][][][][][][][][][][][][][][][][][][][][] 
 []


Overfull \hbox (49.45609pt too wide) in paragraph at lines 449--450
[][][][][][][][][][][][][][][][][][][][][] 
 []


Overfull \hbox (49.45609pt too wide) in paragraph at lines 450--451
[][][][][][][][][][][][][][][][][][][][][] 
 []


Overfull \hbox (49.45609pt too wide) in paragraph at lines 451--452
[][][][][][][][][][][][][][][][][][][][][] 
 []


Overfull \hbox (49.45609pt too wide) in paragraph at lines 452--453
[][][][][][][][][][][][][][][][][][][][][] 
 []


Overfull \hbox (49.45609pt too wide) in paragraph at lines 453--454
[][][][][][][][][][][][][][][][][][][][][] 
 []


Overfull \hbox (49.45609pt too wide) in paragraph at lines 454--455
[][][][][][][][][][][][][][][][][][][][][] 
 []


Overfull \hbox (49.45609pt too wide) in paragraph at lines 455--456
[][][][][][][][][][][][][][][][][][][][][] 
 []


Overfull \hbox (49.45609pt too wide) in paragraph at lines 456--457
[][][][][][][][][][][][][][][][][][][][][] 
 []


Overfull \hbox (49.45609pt too wide) in paragraph at lines 457--458
[][][][][][][][][][][][][][][][][][][][][] 
 []


Overfull \hbox (49.45609pt too wide) in paragraph at lines 458--459
[][][][][][][][][][][][][][][][][][][][][] 
 []


Overfull \hbox (49.45609pt too wide) in paragraph at lines 459--460
[][][][][][][][][][][][][][][][][][][][][] 
 []


Overfull \hbox (49.45609pt too wide) in paragraph at lines 460--461
[][][][][][][][][][][][][][][][][][][][][] 
 []



[11]
Overfull \hbox (49.45609pt too wide) in paragraph at lines 461--462
[][][][][][][][][][][][][][][][][][][][][] 
 []


Overfull \hbox (49.45609pt too wide) in paragraph at lines 462--463
[][][][][][][][][][][][][][][][][][][][][] 
 []


Overfull \hbox (49.45609pt too wide) in paragraph at lines 463--464
[][][][][][][][][][][][][][][][][][][][][] 
 []


Overfull \hbox (49.45609pt too wide) in paragraph at lines 464--465
[][][][][][][][][][][][][][][][][][][][][] 
 []


Overfull \hbox (49.45609pt too wide) in paragraph at lines 465--466
[][][][][][][][][][][][][][][][][][][][][] 
 []


Overfull \hbox (49.45609pt too wide) in paragraph at lines 466--467
[][][][][][][][][][][][][][][][][][][][][] 
 []


Overfull \hbox (49.45609pt too wide) in paragraph at lines 467--468
[][][][][][][][][][][][][][][][][][][][][] 
 []


Overfull \hbox (49.45609pt too wide) in paragraph at lines 468--469
[][][][][][][][][][][][][][][][][][][][][] 
 []


Overfull \hbox (49.45609pt too wide) in paragraph at lines 469--470
[][][][][][][][][][][][][][][][][][][][][] 
 []


Overfull \hbox (49.45609pt too wide) in paragraph at lines 470--471
[][][][][][][][][][][][][][][][][][][][][] 
 []


Overfull \hbox (49.45609pt too wide) in paragraph at lines 471--472
[][][][][][][][][][][][][][][][][][][][][] 
 []


Overfull \hbox (49.45609pt too wide) in paragraph at lines 472--473
[][][][][][][][][][][][][][][][][][][][][] 
 []


Overfull \hbox (49.45609pt too wide) in paragraph at lines 473--474
[][][][][][][][][][][][][][][][][][][][][] 
 []


Overfull \hbox (49.45609pt too wide) in paragraph at lines 474--475
[][][][][][][][][][][][][][][][][][][][][] 
 []


Overfull \hbox (49.45609pt too wide) in paragraph at lines 475--476
[][][][][][][][][][][][][][][][][][][][][] 
 []


Overfull \hbox (49.45609pt too wide) in paragraph at lines 476--477
[][][][][][][][][][][][][][][][][][][][][] 
 []


Overfull \hbox (49.45609pt too wide) in paragraph at lines 477--478
[][][][][][][][][][][][][][][][][][][][][] 
 []


Overfull \hbox (49.45609pt too wide) in paragraph at lines 478--479
[][][][][][][][][][][][][][][][][][][][][] 
 []


Overfull \hbox (49.45609pt too wide) in paragraph at lines 479--480
[][][][][][][][][][][][][][][][][][][][][] 
 []


Overfull \hbox (49.45609pt too wide) in paragraph at lines 480--481
[][][][][][][][][][][][][][][][][][][][][] 
 []


Overfull \hbox (49.45609pt too wide) in paragraph at lines 481--482
[][][][][][][][][][][][][][][][][][][][][] 
 []


Overfull \hbox (49.45609pt too wide) in paragraph at lines 482--483
[][][][][][][][][][][][][][][][][][][][][] 
 []


Overfull \hbox (49.45609pt too wide) in paragraph at lines 483--484
[][][][][][][][][][][][][][][][][][][][][] 
 []


Overfull \hbox (49.45609pt too wide) in paragraph at lines 484--485
[][][][][][][][][][][][][][][][][][][][][] 
 []


Overfull \hbox (49.45609pt too wide) in paragraph at lines 485--486
[][][][][][][][][][][][][][][][][][][][][] 
 []


Overfull \hbox (49.45609pt too wide) in paragraph at lines 486--487
[][][][][][][][][][][][][][][][][][][][][] 
 []


Overfull \hbox (49.45609pt too wide) in paragraph at lines 487--488
[][][][][][][][][][][][][][][][][][][][][] 
 []


Overfull \hbox (49.45609pt too wide) in paragraph at lines 488--489
[][][][][][][][][][][][][][][][][][][][][] 
 []


Overfull \hbox (49.45609pt too wide) in paragraph at lines 489--490
[][][][][][][][][][][][][][][][][][][][][] 
 []


Overfull \hbox (49.45609pt too wide) in paragraph at lines 490--491
[][][][][][][][][][][][][][][][][][][][][] 
 []


Overfull \hbox (49.45609pt too wide) in paragraph at lines 491--492
[][][][][][][][][][][][][][][][][][][][][] 
 []


Overfull \hbox (49.45609pt too wide) in paragraph at lines 492--493
[][][][][][][][][][][][][][][][][][][][][] 
 []


Overfull \hbox (49.45609pt too wide) in paragraph at lines 493--494
[][][][][][][][][][][][][][][][][][][][][] 
 []


Overfull \hbox (49.45609pt too wide) in paragraph at lines 494--495
[][][][][][][][][][][][][][][][][][][][][] 
 []


Overfull \hbox (49.45609pt too wide) in paragraph at lines 495--496
[][][][][][][][][][][][][][][][][][][][][] 
 []


Overfull \hbox (49.45609pt too wide) in paragraph at lines 496--497
[][][][][][][][][][][][][][][][][][][][][] 
 []


Overfull \hbox (49.45609pt too wide) in paragraph at lines 497--498
[][][][][][][][][][][][][][][][][][][][][] 
 []


Overfull \hbox (49.45609pt too wide) in paragraph at lines 498--499
[][][][][][][][][][][][][][][][][][][][][] 
 []


Overfull \hbox (49.45609pt too wide) in paragraph at lines 499--500
[][][][][][][][][][][][][][][][][][][][][] 
 []



[12]
Overfull \hbox (49.45609pt too wide) in paragraph at lines 500--501
[][][][][][][][][][][][][][][][][][][][][] 
 []


Overfull \hbox (49.45609pt too wide) in paragraph at lines 501--502
[][][][][][][][][][][][][][][][][][][][][] 
 []


Overfull \hbox (49.45609pt too wide) in paragraph at lines 502--503
[][][][][][][][][][][][][][][][][][][][][] 
 []


Overfull \hbox (49.45609pt too wide) in paragraph at lines 503--504
[][][][][][][][][][][][][][][][][][][][][] 
 []


Overfull \hbox (49.45609pt too wide) in paragraph at lines 504--505
[][][][][][][][][][][][][][][][][][][][][] 
 []


Overfull \hbox (49.45609pt too wide) in paragraph at lines 505--506
[][][][][][][][][][][][][][][][][][][][][] 
 []


Overfull \hbox (49.45609pt too wide) in paragraph at lines 506--507
[][][][][][][][][][][][][][][][][][][][][] 
 []


Overfull \hbox (49.45609pt too wide) in paragraph at lines 507--508
[][][][][][][][][][][][][][][][][][][][][] 
 []


Overfull \hbox (49.45609pt too wide) in paragraph at lines 508--509
[][][][][][][][][][][][][][][][][][][][][] 
 []


Overfull \hbox (49.45609pt too wide) in paragraph at lines 509--510
[][][][][][][][][][][][][][][][][][][][][] 
 []


Overfull \hbox (49.45609pt too wide) in paragraph at lines 510--511
[][][][][][][][][][][][][][][][][][][][][] 
 []


Overfull \hbox (49.45609pt too wide) in paragraph at lines 511--512
[][][][][][][][][][][][][][][][][][][][][] 
 []


Overfull \hbox (49.45609pt too wide) in paragraph at lines 512--513
[][][][][][][][][][][][][][][][][][][][][] 
 []


Overfull \hbox (49.45609pt too wide) in paragraph at lines 513--514
[][][][][][][][][][][][][][][][][][][][][] 
 []


Overfull \hbox (49.45609pt too wide) in paragraph at lines 514--515
[][][][][][][][][][][][][][][][][][][][][] 
 []


Overfull \hbox (49.45609pt too wide) in paragraph at lines 515--516
[][][][][][][][][][][][][][][][][][][][][] 
 []


Overfull \hbox (49.45609pt too wide) in paragraph at lines 516--517
[][][][][][][][][][][][][][][][][][][][][] 
 []


Overfull \hbox (49.45609pt too wide) in paragraph at lines 517--518
[][][][][][][][][][][][][][][][][][][][][] 
 []


Overfull \hbox (49.45609pt too wide) in paragraph at lines 518--519
[][][][][][][][][][][][][][][][][][][][][] 
 []


Overfull \hbox (49.45609pt too wide) in paragraph at lines 519--520
[][][][][][][][][][][][][][][][][][][][][] 
 []


Overfull \hbox (49.45609pt too wide) in paragraph at lines 520--521
[][][][][][][][][][][][][][][][][][][][][] 
 []


Overfull \hbox (49.45609pt too wide) in paragraph at lines 521--522
[][][][][][][][][][][][][][][][][][][][][] 
 []


Overfull \hbox (49.45609pt too wide) in paragraph at lines 522--523
[][][][][][][][][][][][][][][][][][][][][] 
 []


Overfull \hbox (49.45609pt too wide) in paragraph at lines 523--524
[][][][][][][][][][][][][][][][][][][][][] 
 []


Overfull \hbox (49.45609pt too wide) in paragraph at lines 524--525
[][][][][][][][][][][][][][][][][][][][][] 
 []


Overfull \hbox (49.45609pt too wide) in paragraph at lines 525--526
[][][][][][][][][][][][][][][][][][][][][] 
 []


Overfull \hbox (49.45609pt too wide) in paragraph at lines 526--527
[][][][][][][][][][][][][][][][][][][][][] 
 []


Overfull \hbox (49.45609pt too wide) in paragraph at lines 527--528
[][][][][][][][][][][][][][][][][][][][][] 
 []


Overfull \hbox (49.45609pt too wide) in paragraph at lines 528--529
[][][][][][][][][][][][][][][][][][][][][] 
 []


Overfull \hbox (49.45609pt too wide) in paragraph at lines 529--530
[][][][][][][][][][][][][][][][][][][][][] 
 []


Overfull \hbox (49.45609pt too wide) in paragraph at lines 530--531
[][][][][][][][][][][][][][][][][][][][][] 
 []


Overfull \hbox (49.45609pt too wide) in paragraph at lines 531--532
[][][][][][][][][][][][][][][][][][][][][] 
 []


Overfull \hbox (49.45609pt too wide) in paragraph at lines 532--533
[][][][][][][][][][][][][][][][][][][][][] 
 []


Overfull \hbox (49.45609pt too wide) in paragraph at lines 533--534
[][][][][][][][][][][][][][][][][][][][][] 
 []


Overfull \hbox (49.45609pt too wide) in paragraph at lines 534--535
[][][][][][][][][][][][][][][][][][][][][] 
 []


Overfull \hbox (49.45609pt too wide) in paragraph at lines 535--536
[][][][][][][][][][][][][][][][][][][][][] 
 []


Overfull \hbox (49.45609pt too wide) in paragraph at lines 536--537
[][][][][][][][][][][][][][][][][][][][][] 
 []


Overfull \hbox (49.45609pt too wide) in paragraph at lines 537--538
[][][][][][][][][][][][][][][][][][][][][] 
 []


Overfull \hbox (49.45609pt too wide) in paragraph at lines 538--539
[][][][][][][][][][][][][][][][][][][][][] 
 []



[13]
Overfull \hbox (49.45609pt too wide) in paragraph at lines 539--540
[][][][][][][][][][][][][][][][][][][][][] 
 []


Overfull \hbox (49.45609pt too wide) in paragraph at lines 540--541
[][][][][][][][][][][][][][][][][][][][][] 
 []


Overfull \hbox (49.45609pt too wide) in paragraph at lines 541--542
[][][][][][][][][][][][][][][][][][][][][] 
 []


Overfull \hbox (49.45609pt too wide) in paragraph at lines 542--543
[][][][][][][][][][][][][][][][][][][][][] 
 []


Overfull \hbox (49.45609pt too wide) in paragraph at lines 543--544
[][][][][][][][][][][][][][][][][][][][][] 
 []


Overfull \hbox (49.45609pt too wide) in paragraph at lines 544--545
[][][][][][][][][][][][][][][][][][][][][] 
 []


Overfull \hbox (49.45609pt too wide) in paragraph at lines 545--546
[][][][][][][][][][][][][][][][][][][][][] 
 []


Overfull \hbox (49.45609pt too wide) in paragraph at lines 546--547
[][][][][][][][][][][][][][][][][][][][][] 
 []


Overfull \hbox (49.45609pt too wide) in paragraph at lines 547--548
[][][][][][][][][][][][][][][][][][][][][] 
 []


Overfull \hbox (49.45609pt too wide) in paragraph at lines 548--549
[][][][][][][][][][][][][][][][][][][][][] 
 []


Overfull \hbox (49.45609pt too wide) in paragraph at lines 549--550
[][][][][][][][][][][][][][][][][][][][][] 
 []


Overfull \hbox (49.45609pt too wide) in paragraph at lines 550--551
[][][][][][][][][][][][][][][][][][][][][] 
 []


Overfull \hbox (49.45609pt too wide) in paragraph at lines 551--552
[][][][][][][][][][][][][][][][][][][][][] 
 []


Overfull \hbox (49.45609pt too wide) in paragraph at lines 552--553
[][][][][][][][][][][][][][][][][][][][][] 
 []


Overfull \hbox (49.45609pt too wide) in paragraph at lines 553--554
[][][][][][][][][][][][][][][][][][][][][] 
 []


Overfull \hbox (49.45609pt too wide) in paragraph at lines 554--555
[][][][][][][][][][][][][][][][][][][][][] 
 []


Overfull \hbox (49.45609pt too wide) in paragraph at lines 555--556
[][][][][][][][][][][][][][][][][][][][][] 
 []


Overfull \hbox (49.45609pt too wide) in paragraph at lines 556--557
[][][][][][][][][][][][][][][][][][][][][] 
 []


Overfull \hbox (49.45609pt too wide) in paragraph at lines 557--558
[][][][][][][][][][][][][][][][][][][][][] 
 []


Overfull \hbox (49.45609pt too wide) in paragraph at lines 558--559
[][][][][][][][][][][][][][][][][][][][][] 
 []


Overfull \hbox (49.45609pt too wide) in paragraph at lines 559--560
[][][][][][][][][][][][][][][][][][][][][] 
 []


Overfull \hbox (49.45609pt too wide) in paragraph at lines 560--561
[][][][][][][][][][][][][][][][][][][][][] 
 []


Overfull \hbox (49.45609pt too wide) in paragraph at lines 561--562
[][][][][][][][][][][][][][][][][][][][][] 
 []


Overfull \hbox (49.45609pt too wide) in paragraph at lines 562--563
[][][][][][][][][][][][][][][][][][][][][] 
 []


Overfull \hbox (49.45609pt too wide) in paragraph at lines 563--564
[][][][][][][][][][][][][][][][][][][][][] 
 []


Overfull \hbox (49.45609pt too wide) in paragraph at lines 564--565
[][][][][][][][][][][][][][][][][][][][][] 
 []


Overfull \hbox (49.45609pt too wide) in paragraph at lines 565--566
[][][][][][][][][][][][][][][][][][][][][] 
 []


Overfull \hbox (49.45609pt too wide) in paragraph at lines 566--567
[][][][][][][][][][][][][][][][][][][][][] 
 []


Overfull \hbox (49.45609pt too wide) in paragraph at lines 567--568
[][][][][][][][][][][][][][][][][][][][][] 
 []


Overfull \hbox (49.45609pt too wide) in paragraph at lines 568--569
[][][][][][][][][][][][][][][][][][][][][] 
 []


Overfull \hbox (49.45609pt too wide) in paragraph at lines 569--570
[][][][][][][][][][][][][][][][][][][][][] 
 []


Overfull \hbox (49.45609pt too wide) in paragraph at lines 570--571
[][][][][][][][][][][][][][][][][][][][][] 
 []


Overfull \hbox (49.45609pt too wide) in paragraph at lines 571--572
[][][][][][][][][][][][][][][][][][][][][] 
 []


Overfull \hbox (49.45609pt too wide) in paragraph at lines 572--573
[][][][][][][][][][][][][][][][][][][][][] 
 []


Overfull \hbox (49.45609pt too wide) in paragraph at lines 573--574
[][][][][][][][][][][][][][][][][][][][][] 
 []


Overfull \hbox (49.45609pt too wide) in paragraph at lines 574--575
[][][][][][][][][][][][][][][][][][][][][] 
 []


Overfull \hbox (49.45609pt too wide) in paragraph at lines 575--576
[][][][][][][][][][][][][][][][][][][][][] 
 []


Overfull \hbox (49.45609pt too wide) in paragraph at lines 576--577
[][][][][][][][][][][][][][][][][][][][][] 
 []


Overfull \hbox (49.45609pt too wide) in paragraph at lines 577--578
[][][][][][][][][][][][][][][][][][][][][] 
 []



[14]
Overfull \hbox (49.45609pt too wide) in paragraph at lines 578--579
[][][][][][][][][][][][][][][][][][][][][] 
 []


Overfull \hbox (49.45609pt too wide) in paragraph at lines 579--580
[][][][][][][][][][][][][][][][][][][][][] 
 []


Overfull \hbox (49.45609pt too wide) in paragraph at lines 580--581
[][][][][][][][][][][][][][][][][][][][][] 
 []


Overfull \hbox (49.45609pt too wide) in paragraph at lines 581--582
[][][][][][][][][][][][][][][][][][][][][] 
 []


Overfull \hbox (49.45609pt too wide) in paragraph at lines 582--583
[][][][][][][][][][][][][][][][][][][][][] 
 []


Overfull \hbox (49.45609pt too wide) in paragraph at lines 583--584
[][][][][][][][][][][][][][][][][][][][][] 
 []


Overfull \hbox (49.45609pt too wide) in paragraph at lines 584--585
[][][][][][][][][][][][][][][][][][][][][] 
 []


Overfull \hbox (49.45609pt too wide) in paragraph at lines 585--586
[][][][][][][][][][][][][][][][][][][][][] 
 []


Overfull \hbox (49.45609pt too wide) in paragraph at lines 586--587
[][][][][][][][][][][][][][][][][][][][][] 
 []


Overfull \hbox (49.45609pt too wide) in paragraph at lines 587--588
[][][][][][][][][][][][][][][][][][][][][] 
 []


Overfull \hbox (49.45609pt too wide) in paragraph at lines 588--589
[][][][][][][][][][][][][][][][][][][][][] 
 []


Overfull \hbox (49.45609pt too wide) in paragraph at lines 589--590
[][][][][][][][][][][][][][][][][][][][][] 
 []


Overfull \hbox (49.45609pt too wide) in paragraph at lines 590--591
[][][][][][][][][][][][][][][][][][][][][] 
 []


Overfull \hbox (49.45609pt too wide) in paragraph at lines 591--592
[][][][][][][][][][][][][][][][][][][][][] 
 []


Overfull \hbox (49.45609pt too wide) in paragraph at lines 592--593
[][][][][][][][][][][][][][][][][][][][][] 
 []


Overfull \hbox (49.45609pt too wide) in paragraph at lines 593--594
[][][][][][][][][][][][][][][][][][][][][] 
 []


Overfull \hbox (49.45609pt too wide) in paragraph at lines 594--595
[][][][][][][][][][][][][][][][][][][][][] 
 []


Overfull \hbox (49.45609pt too wide) in paragraph at lines 595--596
[][][][][][][][][][][][][][][][][][][][][] 
 []


Overfull \hbox (49.45609pt too wide) in paragraph at lines 596--597
[][][][][][][][][][][][][][][][][][][][][] 
 []


Overfull \hbox (49.45609pt too wide) in paragraph at lines 597--598
[][][][][][][][][][][][][][][][][][][][][] 
 []


Overfull \hbox (49.45609pt too wide) in paragraph at lines 598--599
[][][][][][][][][][][][][][][][][][][][][] 
 []


Overfull \hbox (49.45609pt too wide) in paragraph at lines 599--600
[][][][][][][][][][][][][][][][][][][][][] 
 []


Overfull \hbox (49.45609pt too wide) in paragraph at lines 600--601
[][][][][][][][][][][][][][][][][][][][][] 
 []


Overfull \hbox (49.45609pt too wide) in paragraph at lines 601--602
[][][][][][][][][][][][][][][][][][][][][] 
 []


Overfull \hbox (49.45609pt too wide) in paragraph at lines 602--603
[][][][][][][][][][][][][][][][][][][][][] 
 []


Overfull \hbox (49.45609pt too wide) in paragraph at lines 603--604
[][][][][][][][][][][][][][][][][][][][][] 
 []


Overfull \hbox (49.45609pt too wide) in paragraph at lines 604--605
[][][][][][][][][][][][][][][][][][][][][] 
 []


Overfull \hbox (49.45609pt too wide) in paragraph at lines 605--606
[][][][][][][][][][][][][][][][][][][][][] 
 []


Overfull \hbox (49.45609pt too wide) in paragraph at lines 606--607
[][][][][][][][][][][][][][][][][][][][][] 
 []


Overfull \hbox (49.45609pt too wide) in paragraph at lines 607--608
[][][][][][][][][][][][][][][][][][][][][] 
 []


Overfull \hbox (49.45609pt too wide) in paragraph at lines 608--609
[][][][][][][][][][][][][][][][][][][][][] 
 []


Overfull \hbox (49.45609pt too wide) in paragraph at lines 609--610
[][][][][][][][][][][][][][][][][][][][][] 
 []


Overfull \hbox (49.45609pt too wide) in paragraph at lines 610--611
[][][][][][][][][][][][][][][][][][][][][] 
 []


Overfull \hbox (49.45609pt too wide) in paragraph at lines 611--612
[][][][][][][][][][][][][][][][][][][][][] 
 []


Overfull \hbox (49.45609pt too wide) in paragraph at lines 612--613
[][][][][][][][][][][][][][][][][][][][][] 
 []


Overfull \hbox (49.45609pt too wide) in paragraph at lines 613--614
[][][][][][][][][][][][][][][][][][][][][] 
 []


Overfull \hbox (49.45609pt too wide) in paragraph at lines 614--615
[][][][][][][][][][][][][][][][][][][][][] 
 []


Overfull \hbox (49.45609pt too wide) in paragraph at lines 615--616
[][][][][][][][][][][][][][][][][][][][][] 
 []


Overfull \hbox (49.45609pt too wide) in paragraph at lines 616--617
[][][][][][][][][][][][][][][][][][][][][] 
 []



[15]
Overfull \hbox (49.45609pt too wide) in paragraph at lines 617--618
[][][][][][][][][][][][][][][][][][][][][] 
 []


Overfull \hbox (49.45609pt too wide) in paragraph at lines 618--619
[][][][][][][][][][][][][][][][][][][][][] 
 []


Overfull \hbox (49.45609pt too wide) in paragraph at lines 619--620
[][][][][][][][][][][][][][][][][][][][][] 
 []


Overfull \hbox (49.45609pt too wide) in paragraph at lines 620--621
[][][][][][][][][][][][][][][][][][][][][] 
 []


Overfull \hbox (49.45609pt too wide) in paragraph at lines 621--622
[][][][][][][][][][][][][][][][][][][][][] 
 []


Overfull \hbox (49.45609pt too wide) in paragraph at lines 622--623
[][][][][][][][][][][][][][][][][][][][][] 
 []


Overfull \hbox (49.45609pt too wide) in paragraph at lines 623--624
[][][][][][][][][][][][][][][][][][][][][] 
 []


Overfull \hbox (49.45609pt too wide) in paragraph at lines 624--625
[][][][][][][][][][][][][][][][][][][][][] 
 []


Overfull \hbox (49.45609pt too wide) in paragraph at lines 625--626
[][][][][][][][][][][][][][][][][][][][][] 
 []


Overfull \hbox (49.45609pt too wide) in paragraph at lines 626--627
[][][][][][][][][][][][][][][][][][][][][] 
 []


Overfull \hbox (49.45609pt too wide) in paragraph at lines 627--628
[][][][][][][][][][][][][][][][][][][][][] 
 []


Overfull \hbox (49.45609pt too wide) in paragraph at lines 628--629
[][][][][][][][][][][][][][][][][][][][][] 
 []


Overfull \hbox (49.45609pt too wide) in paragraph at lines 629--630
[][][][][][][][][][][][][][][][][][][][][] 
 []


Overfull \hbox (49.45609pt too wide) in paragraph at lines 630--631
[][][][][][][][][][][][][][][][][][][][][] 
 []


Overfull \hbox (49.45609pt too wide) in paragraph at lines 631--632
[][][][][][][][][][][][][][][][][][][][][] 
 []


Overfull \hbox (49.45609pt too wide) in paragraph at lines 632--633
[][][][][][][][][][][][][][][][][][][][][] 
 []


Overfull \hbox (49.45609pt too wide) in paragraph at lines 633--634
[][][][][][][][][][][][][][][][][][][][][] 
 []


Overfull \hbox (49.45609pt too wide) in paragraph at lines 634--635
[][][][][][][][][][][][][][][][][][][][][] 
 []


Overfull \hbox (49.45609pt too wide) in paragraph at lines 635--636
[][][][][][][][][][][][][][][][][][][][][] 
 []


Overfull \hbox (49.45609pt too wide) in paragraph at lines 636--637
[][][][][][][][][][][][][][][][][][][][][] 
 []


Overfull \hbox (49.45609pt too wide) in paragraph at lines 637--638
[][][][][][][][][][][][][][][][][][][][][] 
 []


Overfull \hbox (49.45609pt too wide) in paragraph at lines 638--639
[][][][][][][][][][][][][][][][][][][][][] 
 []


Overfull \hbox (49.45609pt too wide) in paragraph at lines 639--640
[][][][][][][][][][][][][][][][][][][][][] 
 []


Overfull \hbox (49.45609pt too wide) in paragraph at lines 640--641
[][][][][][][][][][][][][][][][][][][][][] 
 []


Overfull \hbox (49.45609pt too wide) in paragraph at lines 641--642
[][][][][][][][][][][][][][][][][][][][][] 
 []


Overfull \hbox (49.45609pt too wide) in paragraph at lines 642--643
[][][][][][][][][][][][][][][][][][][][][] 
 []


Overfull \hbox (49.45609pt too wide) in paragraph at lines 643--644
[][][][][][][][][][][][][][][][][][][][][] 
 []


Overfull \hbox (49.45609pt too wide) in paragraph at lines 644--645
[][][][][][][][][][][][][][][][][][][][][] 
 []


Overfull \hbox (49.45609pt too wide) in paragraph at lines 645--646
[][][][][][][][][][][][][][][][][][][][][] 
 []


Overfull \hbox (49.45609pt too wide) in paragraph at lines 646--647
[][][][][][][][][][][][][][][][][][][][][] 
 []


Overfull \hbox (49.45609pt too wide) in paragraph at lines 647--648
[][][][][][][][][][][][][][][][][][][][][] 
 []


Overfull \hbox (49.45609pt too wide) in paragraph at lines 648--649
[][][][][][][][][][][][][][][][][][][][][] 
 []


Overfull \hbox (49.45609pt too wide) in paragraph at lines 649--650
[][][][][][][][][][][][][][][][][][][][][] 
 []


Overfull \hbox (49.45609pt too wide) in paragraph at lines 650--651
[][][][][][][][][][][][][][][][][][][][][] 
 []


Overfull \hbox (49.45609pt too wide) in paragraph at lines 651--652
[][][][][][][][][][][][][][][][][][][][][] 
 []


Overfull \hbox (49.45609pt too wide) in paragraph at lines 652--653
[][][][][][][][][][][][][][][][][][][][][] 
 []


Overfull \hbox (49.45609pt too wide) in paragraph at lines 653--654
[][][][][][][][][][][][][][][][][][][][][] 
 []


Overfull \hbox (49.45609pt too wide) in paragraph at lines 654--655
[][][][][][][][][][][][][][][][][][][][][] 
 []


Overfull \hbox (49.45609pt too wide) in paragraph at lines 655--656
[][][][][][][][][][][][][][][][][][][][][] 
 []



[16]
Overfull \hbox (49.45609pt too wide) in paragraph at lines 656--657
[][][][][][][][][][][][][][][][][][][][][] 
 []


Overfull \hbox (49.45609pt too wide) in paragraph at lines 657--658
[][][][][][][][][][][][][][][][][][][][][] 
 []


Overfull \hbox (49.45609pt too wide) in paragraph at lines 658--659
[][][][][][][][][][][][][][][][][][][][][] 
 []


Overfull \hbox (49.45609pt too wide) in paragraph at lines 659--660
[][][][][][][][][][][][][][][][][][][][][] 
 []


Overfull \hbox (49.45609pt too wide) in paragraph at lines 660--661
[][][][][][][][][][][][][][][][][][][][][] 
 []


Overfull \hbox (49.45609pt too wide) in paragraph at lines 661--662
[][][][][][][][][][][][][][][][][][][][][] 
 []


Overfull \hbox (49.45609pt too wide) in paragraph at lines 662--663
[][][][][][][][][][][][][][][][][][][][][] 
 []


Overfull \hbox (49.45609pt too wide) in paragraph at lines 663--664
[][][][][][][][][][][][][][][][][][][][][] 
 []


Overfull \hbox (49.45609pt too wide) in paragraph at lines 664--665
[][][][][][][][][][][][][][][][][][][][][] 
 []


Overfull \hbox (49.45609pt too wide) in paragraph at lines 665--666
[][][][][][][][][][][][][][][][][][][][][] 
 []


Overfull \hbox (49.45609pt too wide) in paragraph at lines 666--667
[][][][][][][][][][][][][][][][][][][][][] 
 []


Overfull \hbox (49.45609pt too wide) in paragraph at lines 667--668
[][][][][][][][][][][][][][][][][][][][][] 
 []


Overfull \hbox (49.45609pt too wide) in paragraph at lines 668--669
[][][][][][][][][][][][][][][][][][][][][] 
 []


Overfull \hbox (49.45609pt too wide) in paragraph at lines 669--670
[][][][][][][][][][][][][][][][][][][][][] 
 []


Overfull \hbox (49.45609pt too wide) in paragraph at lines 670--671
[][][][][][][][][][][][][][][][][][][][][] 
 []


Overfull \hbox (49.45609pt too wide) in paragraph at lines 671--672
[][][][][][][][][][][][][][][][][][][][][] 
 []


Overfull \hbox (49.45609pt too wide) in paragraph at lines 672--673
[][][][][][][][][][][][][][][][][][][][][] 
 []


Overfull \hbox (49.45609pt too wide) in paragraph at lines 673--674
[][][][][][][][][][][][][][][][][][][][][] 
 []


Overfull \hbox (49.45609pt too wide) in paragraph at lines 674--675
[][][][][][][][][][][][][][][][][][][][][] 
 []


Overfull \hbox (49.45609pt too wide) in paragraph at lines 675--676
[][][][][][][][][][][][][][][][][][][][][] 
 []


Overfull \hbox (49.45609pt too wide) in paragraph at lines 676--677
[][][][][][][][][][][][][][][][][][][][][] 
 []


Overfull \hbox (49.45609pt too wide) in paragraph at lines 677--678
[][][][][][][][][][][][][][][][][][][][][] 
 []


Overfull \hbox (49.45609pt too wide) in paragraph at lines 678--679
[][][][][][][][][][][][][][][][][][][][][] 
 []


Overfull \hbox (49.45609pt too wide) in paragraph at lines 679--680
[][][][][][][][][][][][][][][][][][][][][] 
 []


Overfull \hbox (49.45609pt too wide) in paragraph at lines 680--681
[][][][][][][][][][][][][][][][][][][][][] 
 []


Overfull \hbox (49.45609pt too wide) in paragraph at lines 681--682
[][][][][][][][][][][][][][][][][][][][][] 
 []


Overfull \hbox (49.45609pt too wide) in paragraph at lines 682--683
[][][][][][][][][][][][][][][][][][][][][] 
 []


Overfull \hbox (49.45609pt too wide) in paragraph at lines 683--684
[][][][][][][][][][][][][][][][][][][][][] 
 []


Overfull \hbox (49.45609pt too wide) in paragraph at lines 684--685
[][][][][][][][][][][][][][][][][][][][][] 
 []


Overfull \hbox (49.45609pt too wide) in paragraph at lines 685--686
[][][][][][][][][][][][][][][][][][][][][] 
 []


Overfull \hbox (49.45609pt too wide) in paragraph at lines 686--687
[][][][][][][][][][][][][][][][][][][][][] 
 []


Overfull \hbox (49.45609pt too wide) in paragraph at lines 687--688
[][][][][][][][][][][][][][][][][][][][][] 
 []


Overfull \hbox (49.45609pt too wide) in paragraph at lines 688--689
[][][][][][][][][][][][][][][][][][][][][] 
 []


Overfull \hbox (49.45609pt too wide) in paragraph at lines 689--690
[][][][][][][][][][][][][][][][][][][][][] 
 []


Overfull \hbox (49.45609pt too wide) in paragraph at lines 690--691
[][][][][][][][][][][][][][][][][][][][][] 
 []


Overfull \hbox (49.45609pt too wide) in paragraph at lines 691--692
[][][][][][][][][][][][][][][][][][][][][] 
 []


Overfull \hbox (49.45609pt too wide) in paragraph at lines 692--693
[][][][][][][][][][][][][][][][][][][][][] 
 []


Overfull \hbox (49.45609pt too wide) in paragraph at lines 693--694
[][][][][][][][][][][][][][][][][][][][][] 
 []


Overfull \hbox (49.45609pt too wide) in paragraph at lines 694--695
[][][][][][][][][][][][][][][][][][][][][] 
 []



[17]
Overfull \hbox (49.45609pt too wide) in paragraph at lines 695--696
[][][][][][][][][][][][][][][][][][][][][] 
 []


Overfull \hbox (49.45609pt too wide) in paragraph at lines 696--697
[][][][][][][][][][][][][][][][][][][][][] 
 []


Overfull \hbox (49.45609pt too wide) in paragraph at lines 697--698
[][][][][][][][][][][][][][][][][][][][][] 
 []


Overfull \hbox (49.45609pt too wide) in paragraph at lines 698--699
[][][][][][][][][][][][][][][][][][][][][] 
 []


Overfull \hbox (49.45609pt too wide) in paragraph at lines 699--700
[][][][][][][][][][][][][][][][][][][][][] 
 []


Overfull \hbox (49.45609pt too wide) in paragraph at lines 700--701
[][][][][][][][][][][][][][][][][][][][][] 
 []


Overfull \hbox (49.45609pt too wide) in paragraph at lines 701--702
[][][][][][][][][][][][][][][][][][][][][] 
 []


Overfull \hbox (49.45609pt too wide) in paragraph at lines 702--703
[][][][][][][][][][][][][][][][][][][][][] 
 []


Overfull \hbox (49.45609pt too wide) in paragraph at lines 703--704
[][][][][][][][][][][][][][][][][][][][][] 
 []


Overfull \hbox (49.45609pt too wide) in paragraph at lines 704--705
[][][][][][][][][][][][][][][][][][][][][] 
 []


Overfull \hbox (49.45609pt too wide) in paragraph at lines 705--706
[][][][][][][][][][][][][][][][][][][][][] 
 []


Overfull \hbox (49.45609pt too wide) in paragraph at lines 706--707
[][][][][][][][][][][][][][][][][][][][][] 
 []


Overfull \hbox (49.45609pt too wide) in paragraph at lines 707--708
[][][][][][][][][][][][][][][][][][][][][] 
 []


Overfull \hbox (49.45609pt too wide) in paragraph at lines 708--709
[][][][][][][][][][][][][][][][][][][][][] 
 []


Overfull \hbox (49.45609pt too wide) in paragraph at lines 709--710
[][][][][][][][][][][][][][][][][][][][][] 
 []


Overfull \hbox (49.45609pt too wide) in paragraph at lines 710--711
[][][][][][][][][][][][][][][][][][][][][] 
 []


Overfull \hbox (49.45609pt too wide) in paragraph at lines 711--712
[][][][][][][][][][][][][][][][][][][][][] 
 []


Overfull \hbox (49.45609pt too wide) in paragraph at lines 712--713
[][][][][][][][][][][][][][][][][][][][][] 
 []


Overfull \hbox (49.45609pt too wide) in paragraph at lines 713--714
[][][][][][][][][][][][][][][][][][][][][] 
 []


Overfull \hbox (49.45609pt too wide) in paragraph at lines 714--715
[][][][][][][][][][][][][][][][][][][][][] 
 []


Overfull \hbox (49.45609pt too wide) in paragraph at lines 715--716
[][][][][][][][][][][][][][][][][][][][][] 
 []


Overfull \hbox (49.45609pt too wide) in paragraph at lines 716--717
[][][][][][][][][][][][][][][][][][][][][] 
 []


Overfull \hbox (49.45609pt too wide) in paragraph at lines 717--718
[][][][][][][][][][][][][][][][][][][][][] 
 []


Overfull \hbox (49.45609pt too wide) in paragraph at lines 718--719
[][][][][][][][][][][][][][][][][][][][][] 
 []


Overfull \hbox (49.45609pt too wide) in paragraph at lines 719--720
[][][][][][][][][][][][][][][][][][][][][] 
 []


Overfull \hbox (49.45609pt too wide) in paragraph at lines 720--721
[][][][][][][][][][][][][][][][][][][][][] 
 []


Overfull \hbox (49.45609pt too wide) in paragraph at lines 721--722
[][][][][][][][][][][][][][][][][][][][][] 
 []


Overfull \hbox (49.45609pt too wide) in paragraph at lines 722--723
[][][][][][][][][][][][][][][][][][][][][] 
 []


Overfull \hbox (49.45609pt too wide) in paragraph at lines 723--724
[][][][][][][][][][][][][][][][][][][][][] 
 []


Overfull \hbox (49.45609pt too wide) in paragraph at lines 724--725
[][][][][][][][][][][][][][][][][][][][][] 
 []


Overfull \hbox (49.45609pt too wide) in paragraph at lines 725--726
[][][][][][][][][][][][][][][][][][][][][] 
 []


Overfull \hbox (49.45609pt too wide) in paragraph at lines 726--727
[][][][][][][][][][][][][][][][][][][][][] 
 []


Overfull \hbox (49.45609pt too wide) in paragraph at lines 727--728
[][][][][][][][][][][][][][][][][][][][][] 
 []


Overfull \hbox (49.45609pt too wide) in paragraph at lines 728--729
[][][][][][][][][][][][][][][][][][][][][] 
 []


Overfull \hbox (49.45609pt too wide) in paragraph at lines 729--730
[][][][][][][][][][][][][][][][][][][][][] 
 []


Overfull \hbox (49.45609pt too wide) in paragraph at lines 730--731
[][][][][][][][][][][][][][][][][][][][][] 
 []


Overfull \hbox (49.45609pt too wide) in paragraph at lines 731--732
[][][][][][][][][][][][][][][][][][][][][] 
 []


Overfull \hbox (49.45609pt too wide) in paragraph at lines 732--733
[][][][][][][][][][][][][][][][][][][][][] 
 []


Overfull \hbox (49.45609pt too wide) in paragraph at lines 733--734
[][][][][][][][][][][][][][][][][][][][][] 
 []



[18]
Overfull \hbox (49.45609pt too wide) in paragraph at lines 734--735
[][][][][][][][][][][][][][][][][][][][][] 
 []


Overfull \hbox (49.45609pt too wide) in paragraph at lines 735--736
[][][][][][][][][][][][][][][][][][][][][] 
 []


Overfull \hbox (49.45609pt too wide) in paragraph at lines 736--737
[][][][][][][][][][][][][][][][][][][][][] 
 []


Overfull \hbox (49.45609pt too wide) in paragraph at lines 737--738
[][][][][][][][][][][][][][][][][][][][][] 
 []


Overfull \hbox (49.45609pt too wide) in paragraph at lines 738--739
[][][][][][][][][][][][][][][][][][][][][] 
 []


Overfull \hbox (49.45609pt too wide) in paragraph at lines 739--740
[][][][][][][][][][][][][][][][][][][][][] 
 []


Overfull \hbox (49.45609pt too wide) in paragraph at lines 740--741
[][][][][][][][][][][][][][][][][][][][][] 
 []


Overfull \hbox (49.45609pt too wide) in paragraph at lines 741--742
[][][][][][][][][][][][][][][][][][][][][] 
 []


Overfull \hbox (49.45609pt too wide) in paragraph at lines 742--743
[][][][][][][][][][][][][][][][][][][][][] 
 []


Overfull \hbox (49.45609pt too wide) in paragraph at lines 743--744
[][][][][][][][][][][][][][][][][][][][][] 
 []


Overfull \hbox (49.45609pt too wide) in paragraph at lines 744--745
[][][][][][][][][][][][][][][][][][][][][] 
 []


Overfull \hbox (49.45609pt too wide) in paragraph at lines 745--746
[][][][][][][][][][][][][][][][][][][][][] 
 []


Overfull \hbox (49.45609pt too wide) in paragraph at lines 746--747
[][][][][][][][][][][][][][][][][][][][][] 
 []


Overfull \hbox (49.45609pt too wide) in paragraph at lines 747--748
[][][][][][][][][][][][][][][][][][][][][] 
 []


Overfull \hbox (49.45609pt too wide) in paragraph at lines 748--749
[][][][][][][][][][][][][][][][][][][][][] 
 []


Overfull \hbox (49.45609pt too wide) in paragraph at lines 749--750
[][][][][][][][][][][][][][][][][][][][][] 
 []


Overfull \hbox (49.45609pt too wide) in paragraph at lines 750--751
[][][][][][][][][][][][][][][][][][][][][] 
 []


Overfull \hbox (49.45609pt too wide) in paragraph at lines 751--752
[][][][][][][][][][][][][][][][][][][][][] 
 []


Overfull \hbox (49.45609pt too wide) in paragraph at lines 752--753
[][][][][][][][][][][][][][][][][][][][][] 
 []


Overfull \hbox (49.45609pt too wide) in paragraph at lines 753--754
[][][][][][][][][][][][][][][][][][][][][] 
 []


Overfull \hbox (49.45609pt too wide) in paragraph at lines 754--755
[][][][][][][][][][][][][][][][][][][][][] 
 []


Overfull \hbox (49.45609pt too wide) in paragraph at lines 755--756
[][][][][][][][][][][][][][][][][][][][][] 
 []


Overfull \hbox (49.45609pt too wide) in paragraph at lines 756--757
[][][][][][][][][][][][][][][][][][][][][] 
 []


Overfull \hbox (49.45609pt too wide) in paragraph at lines 757--758
[][][][][][][][][][][][][][][][][][][][][] 
 []


Overfull \hbox (49.45609pt too wide) in paragraph at lines 758--759
[][][][][][][][][][][][][][][][][][][][][] 
 []


Overfull \hbox (56.65616pt too wide) in paragraph at lines 759--760
[][][][][][][][][][][][][][][][][][][][][] 
 []


Overfull \hbox (56.65616pt too wide) in paragraph at lines 760--761
[][][][][][][][][][][][][][][][][][][][][] 
 []


Overfull \hbox (56.65616pt too wide) in paragraph at lines 761--762
[][][][][][][][][][][][][][][][][][][][][] 
 []


Overfull \hbox (56.65616pt too wide) in paragraph at lines 762--763
[][][][][][][][][][][][][][][][][][][][][] 
 []


Overfull \hbox (56.65616pt too wide) in paragraph at lines 763--764
[][][][][][][][][][][][][][][][][][][][][] 
 []


Overfull \hbox (42.25601pt too wide) in paragraph at lines 764--765
[][][][][][][][][][][][][][][][][][][][][] 
 []


Overfull \hbox (27.85587pt too wide) in paragraph at lines 765--766
[][][][][][][][][][][][][][][][][][][][][] 
 []


Overfull \hbox (27.85587pt too wide) in paragraph at lines 766--767
[][][][][][][][][][][][][][][][][][][][][] 
 []


Overfull \hbox (27.85587pt too wide) in paragraph at lines 767--768
[][][][][][][][][][][][][][][][][][][][][] 
 []


Overfull \hbox (27.85587pt too wide) in paragraph at lines 768--769
[][][][][][][][][][][][][][][][][][][][][] 
 []


Overfull \hbox (35.05594pt too wide) in paragraph at lines 769--770
[][][][][][][][][][][][][][][][][][][][][] 
 []


Overfull \hbox (35.05594pt too wide) in paragraph at lines 770--771
[][][][][][][][][][][][][][][][][][][][][] 
 []


Overfull \hbox (35.05594pt too wide) in paragraph at lines 771--772
[][][][][][][][][][][][][][][][][][][][][] 
 []


Overfull \hbox (35.05594pt too wide) in paragraph at lines 772--773
[][][][][][][][][][][][][][][][][][][][][] 
 []



[19]
Overfull \hbox (35.05594pt too wide) in paragraph at lines 773--774
[][][][][][][][][][][][][][][][][][][][][] 
 []


Overfull \hbox (35.05594pt too wide) in paragraph at lines 774--775
[][][][][][][][][][][][][][][][][][][][][] 
 []


Overfull \hbox (35.05594pt too wide) in paragraph at lines 775--776
[][][][][][][][][][][][][][][][][][][][][] 
 []


Overfull \hbox (35.05594pt too wide) in paragraph at lines 776--777
[][][][][][][][][][][][][][][][][][][][][] 
 []


Overfull \hbox (35.05594pt too wide) in paragraph at lines 777--778
[][][][][][][][][][][][][][][][][][][][][] 
 []


Overfull \hbox (20.65579pt too wide) in paragraph at lines 778--779
[][][][][][][][][][][][][][][][][][][][][] 
 []


Overfull \hbox (20.65579pt too wide) in paragraph at lines 779--780
[][][][][][][][][][][][][][][][][][][][][] 
 []


Overfull \hbox (20.65579pt too wide) in paragraph at lines 781--782
[][][][][][][][][][][][][][][][][][][][][] 
 []


Overfull \hbox (20.65579pt too wide) in paragraph at lines 783--784
[][][][][][][][][][][][][][][][][][][][][] 
 []


Overfull \hbox (20.65579pt too wide) in paragraph at lines 785--786
[][][][][][][][][][][][][][][][][][][][][] 
 []


Overfull \hbox (20.65579pt too wide) in paragraph at lines 787--788
[][][][][][][][][][][][][][][][][][][][][] 
 []


Overfull \hbox (20.65579pt too wide) in paragraph at lines 788--789
[][][][][][][][][][][][][][][][][][][][][] 
 []


Overfull \hbox (20.65579pt too wide) in paragraph at lines 789--790
[][][][][][][][][][][][][][][][][][][][][] 
 []


Overfull \hbox (20.65579pt too wide) in paragraph at lines 790--791
[][][][][][][][][][][][][][][][][][][][][] 
 []


Overfull \hbox (20.65579pt too wide) in paragraph at lines 791--792
[][][][][][][][][][][][][][][][][][][][][] 
 []


Overfull \hbox (20.65579pt too wide) in paragraph at lines 792--793
[][][][][][][][][][][][][][][][][][][][][] 
 []


Overfull \hbox (20.65579pt too wide) in paragraph at lines 793--794
[][][][][][][][][][][][][][][][][][][][][] 
 []


Overfull \hbox (20.65579pt too wide) in paragraph at lines 794--795
[][][][][][][][][][][][][][][][][][][][][] 
 []


Overfull \hbox (20.65579pt too wide) in paragraph at lines 795--796
[][][][][][][][][][][][][][][][][][][][][] 
 []


Overfull \hbox (20.65579pt too wide) in paragraph at lines 796--797
[][][][][][][][][][][][][][][][][][][][][] 
 []


Overfull \hbox (20.65579pt too wide) in paragraph at lines 797--798
[][][][][][][][][][][][][][][][][][][][][] 
 []


Overfull \hbox (20.65579pt too wide) in paragraph at lines 798--799
[][][][][][][][][][][][][][][][][][][][][] 
 []


Overfull \hbox (20.65579pt too wide) in paragraph at lines 799--800
[][][][][][][][][][][][][][][][][][][][][] 
 []


Overfull \hbox (20.65579pt too wide) in paragraph at lines 801--802
[][][][][][][][][][][][][][][][][][][][][] 
 []


Overfull \hbox (20.65579pt too wide) in paragraph at lines 803--804
[][][][][][][][][][][][][][][][][][][][][] 
 []


Overfull \hbox (20.65579pt too wide) in paragraph at lines 805--806
[][][][][][][][][][][][][][][][][][][][][] 
 []


Overfull \hbox (20.65579pt too wide) in paragraph at lines 807--808
[][][][][][][][][][][][][][][][][][][][][] 
 []


Overfull \hbox (20.65579pt too wide) in paragraph at lines 809--810
[][][][][][][][][][][][][][][][][][][][][] 
 []


Overfull \hbox (20.65579pt too wide) in paragraph at lines 811--812
[][][][][][][][][][][][][][][][][][][][][] 
 []



[20]
Overfull \hbox (20.65579pt too wide) in paragraph at lines 813--814
[][][][][][][][][][][][][][][][][][][][][] 
 []


Overfull \hbox (20.65579pt too wide) in paragraph at lines 815--816
[][][][][][][][][][][][][][][][][][][][][] 
 []


Overfull \hbox (20.65579pt too wide) in paragraph at lines 816--817
[][][][][][][][][][][][][][][][][][][][][] 
 []


Overfull \hbox (20.65579pt too wide) in paragraph at lines 817--818
[][][][][][][][][][][][][][][][][][][][][] 
 []


Overfull \hbox (20.65579pt too wide) in paragraph at lines 818--819
[][][][][][][][][][][][][][][][][][][][][] 
 []


Overfull \hbox (20.65579pt too wide) in paragraph at lines 819--820
[][][][][][][][][][][][][][][][][][][][][] 
 []


Overfull \hbox (20.65579pt too wide) in paragraph at lines 820--821
[][][][][][][][][][][][][][][][][][][][][] 
 []


Overfull \hbox (20.65579pt too wide) in paragraph at lines 821--822
[][][][][][][][][][][][][][][][][][][][][] 
 []


Overfull \hbox (20.65579pt too wide) in paragraph at lines 822--823
[][][][][][][][][][][][][][][][][][][][][] 
 []


Overfull \hbox (20.65579pt too wide) in paragraph at lines 823--824
[][][][][][][][][][][][][][][][][][][][][] 
 []


Overfull \hbox (20.65579pt too wide) in paragraph at lines 824--825
[][][][][][][][][][][][][][][][][][][][][] 
 []


Overfull \hbox (20.65579pt too wide) in paragraph at lines 825--826
[][][][][][][][][][][][][][][][][][][][][] 
 []


Overfull \hbox (20.65579pt too wide) in paragraph at lines 826--827
[][][][][][][][][][][][][][][][][][][][][] 
 []


Overfull \hbox (20.65579pt too wide) in paragraph at lines 827--828
[][][][][][][][][][][][][][][][][][][][][] 
 []


Overfull \hbox (20.65579pt too wide) in paragraph at lines 828--829
[][][][][][][][][][][][][][][][][][][][][] 
 []


Overfull \hbox (20.65579pt too wide) in paragraph at lines 829--830
[][][][][][][][][][][][][][][][][][][][][] 
 []


Overfull \hbox (20.65579pt too wide) in paragraph at lines 830--831
[][][][][][][][][][][][][][][][][][][][][] 
 []


Overfull \hbox (20.65579pt too wide) in paragraph at lines 831--832
[][][][][][][][][][][][][][][][][][][][][] 
 []


Overfull \hbox (20.65579pt too wide) in paragraph at lines 833--834
[][][][][][][][][][][][][][][][][][][][][] 
 []


Overfull \hbox (20.65579pt too wide) in paragraph at lines 835--836
[][][][][][][][][][][][][][][][][][][][][] 
 []


Overfull \hbox (20.65579pt too wide) in paragraph at lines 837--838
[][][][][][][][][][][][][][][][][][][][][] 
 []


Overfull \hbox (20.65579pt too wide) in paragraph at lines 839--840
[][][][][][][][][][][][][][][][][][][][][] 
 []


Overfull \hbox (20.65579pt too wide) in paragraph at lines 841--842
[][][][][][][][][][][][][][][][][][][][][] 
 []


Overfull \hbox (20.65579pt too wide) in paragraph at lines 843--844
[][][][][][][][][][][][][][][][][][][][][] 
 []


Overfull \hbox (20.65579pt too wide) in paragraph at lines 845--846
[][][][][][][][][][][][][][][][][][][][][] 
 []


Overfull \hbox (20.65579pt too wide) in paragraph at lines 847--848
[][][][][][][][][][][][][][][][][][][][][] 
 []


Overfull \hbox (20.65579pt too wide) in paragraph at lines 849--850
[][][][][][][][][][][][][][][][][][][][][] 
 []



[21]
Overfull \hbox (20.65579pt too wide) in paragraph at lines 851--852
[][][][][][][][][][][][][][][][][][][][][] 
 []


Overfull \hbox (20.65579pt too wide) in paragraph at lines 853--854
[][][][][][][][][][][][][][][][][][][][][] 
 []


Overfull \hbox (20.65579pt too wide) in paragraph at lines 855--856
[][][][][][][][][][][][][][][][][][][][][] 
 []


Overfull \hbox (20.65579pt too wide) in paragraph at lines 857--858
[][][][][][][][][][][][][][][][][][][][][] 
 []


Overfull \hbox (20.65579pt too wide) in paragraph at lines 858--859
[][][][][][][][][][][][][][][][][][][][][] 
 []


Overfull \hbox (20.65579pt too wide) in paragraph at lines 859--860
[][][][][][][][][][][][][][][][][][][][][] 
 []


Overfull \hbox (20.65579pt too wide) in paragraph at lines 860--861
[][][][][][][][][][][][][][][][][][][][][] 
 []


Overfull \hbox (20.65579pt too wide) in paragraph at lines 861--862
[][][][][][][][][][][][][][][][][][][][][] 
 []


Overfull \hbox (20.65579pt too wide) in paragraph at lines 862--863
[][][][][][][][][][][][][][][][][][][][][] 
 []


Overfull \hbox (20.65579pt too wide) in paragraph at lines 863--864
[][][][][][][][][][][][][][][][][][][][][] 
 []


Overfull \hbox (20.65579pt too wide) in paragraph at lines 864--865
[][][][][][][][][][][][][][][][][][][][][] 
 []


Overfull \hbox (20.65579pt too wide) in paragraph at lines 865--866
[][][][][][][][][][][][][][][][][][][][][] 
 []


Overfull \hbox (20.65579pt too wide) in paragraph at lines 866--867
[][][][][][][][][][][][][][][][][][][][][] 
 []


Overfull \hbox (20.65579pt too wide) in paragraph at lines 867--868
[][][][][][][][][][][][][][][][][][][][][] 
 []


Overfull \hbox (20.65579pt too wide) in paragraph at lines 868--869
[][][][][][][][][][][][][][][][][][][][][] 
 []


Overfull \hbox (20.65579pt too wide) in paragraph at lines 869--870
[][][][][][][][][][][][][][][][][][][][][] 
 []


Overfull \hbox (20.65579pt too wide) in paragraph at lines 870--871
[][][][][][][][][][][][][][][][][][][][][] 
 []


Overfull \hbox (20.65579pt too wide) in paragraph at lines 871--872
[][][][][][][][][][][][][][][][][][][][][] 
 []


Overfull \hbox (20.65579pt too wide) in paragraph at lines 872--873
[][][][][][][][][][][][][][][][][][][][][] 
 []


Overfull \hbox (20.65579pt too wide) in paragraph at lines 873--874
[][][][][][][][][][][][][][][][][][][][][] 
 []


Overfull \hbox (20.65579pt too wide) in paragraph at lines 874--875
[][][][][][][][][][][][][][][][][][][][][] 
 []


Overfull \hbox (20.65579pt too wide) in paragraph at lines 875--876
[][][][][][][][][][][][][][][][][][][][][] 
 []


Overfull \hbox (20.65579pt too wide) in paragraph at lines 876--877
[][][][][][][][][][][][][][][][][][][][][] 
 []


Overfull \hbox (20.65579pt too wide) in paragraph at lines 877--878
[][][][][][][][][][][][][][][][][][][][][] 
 []


Overfull \hbox (20.65579pt too wide) in paragraph at lines 878--879
[][][][][][][][][][][][][][][][][][][][][] 
 []


Overfull \hbox (20.65579pt too wide) in paragraph at lines 879--880
[][][][][][][][][][][][][][][][][][][][][] 
 []


Overfull \hbox (20.65579pt too wide) in paragraph at lines 880--881
[][][][][][][][][][][][][][][][][][][][][] 
 []


Overfull \hbox (20.65579pt too wide) in paragraph at lines 881--882
[][][][][][][][][][][][][][][][][][][][][] 
 []


Overfull \hbox (20.65579pt too wide) in paragraph at lines 882--883
[][][][][][][][][][][][][][][][][][][][][] 
 []


Overfull \hbox (20.65579pt too wide) in paragraph at lines 883--884
[][][][][][][][][][][][][][][][][][][][][] 
 []


Overfull \hbox (27.85587pt too wide) in paragraph at lines 884--885
[][][][][][][][][][][][][][][][][][][][][] 
 []


Overfull \hbox (27.85587pt too wide) in paragraph at lines 885--886
[][][][][][][][][][][][][][][][][][][][][] 
 []


Overfull \hbox (27.85587pt too wide) in paragraph at lines 886--887
[][][][][][][][][][][][][][][][][][][][][] 
 []


Overfull \hbox (27.85587pt too wide) in paragraph at lines 887--888
[][][][][][][][][][][][][][][][][][][][][] 
 []


Overfull \hbox (27.85587pt too wide) in paragraph at lines 888--889
[][][][][][][][][][][][][][][][][][][][][] 
 []


Overfull \hbox (27.85587pt too wide) in paragraph at lines 889--890
[][][][][][][][][][][][][][][][][][][][][] 
 []



[22]
Overfull \hbox (27.85587pt too wide) in paragraph at lines 890--891
[][][][][][][][][][][][][][][][][][][][][] 
 []


Overfull \hbox (27.85587pt too wide) in paragraph at lines 891--892
[][][][][][][][][][][][][][][][][][][][][] 
 []


Overfull \hbox (27.85587pt too wide) in paragraph at lines 892--893
[][][][][][][][][][][][][][][][][][][][][] 
 []


Overfull \hbox (27.85587pt too wide) in paragraph at lines 893--894
[][][][][][][][][][][][][][][][][][][][][] 
 []


Overfull \hbox (27.85587pt too wide) in paragraph at lines 894--895
[][][][][][][][][][][][][][][][][][][][][] 
 []


Overfull \hbox (27.85587pt too wide) in paragraph at lines 895--896
[][][][][][][][][][][][][][][][][][][][][] 
 []


Overfull \hbox (27.85587pt too wide) in paragraph at lines 896--897
[][][][][][][][][][][][][][][][][][][][][] 
 []


Overfull \hbox (27.85587pt too wide) in paragraph at lines 897--898
[][][][][][][][][][][][][][][][][][][][][] 
 []


Overfull \hbox (27.85587pt too wide) in paragraph at lines 898--899
[][][][][][][][][][][][][][][][][][][][][] 
 []


Overfull \hbox (27.85587pt too wide) in paragraph at lines 899--900
[][][][][][][][][][][][][][][][][][][][][] 
 []


Overfull \hbox (27.85587pt too wide) in paragraph at lines 900--901
[][][][][][][][][][][][][][][][][][][][][] 
 []


Overfull \hbox (27.85587pt too wide) in paragraph at lines 901--902
[][][][][][][][][][][][][][][][][][][][][] 
 []


Overfull \hbox (27.85587pt too wide) in paragraph at lines 902--903
[][][][][][][][][][][][][][][][][][][][][] 
 []


Overfull \hbox (27.85587pt too wide) in paragraph at lines 903--904
[][][][][][][][][][][][][][][][][][][][][] 
 []


Overfull \hbox (27.85587pt too wide) in paragraph at lines 904--905
[][][][][][][][][][][][][][][][][][][][][] 
 []


Overfull \hbox (27.85587pt too wide) in paragraph at lines 905--906
[][][][][][][][][][][][][][][][][][][][][] 
 []


Overfull \hbox (27.85587pt too wide) in paragraph at lines 906--907
[][][][][][][][][][][][][][][][][][][][][] 
 []


Overfull \hbox (27.85587pt too wide) in paragraph at lines 907--908
[][][][][][][][][][][][][][][][][][][][][] 
 []


Overfull \hbox (27.85587pt too wide) in paragraph at lines 908--909
[][][][][][][][][][][][][][][][][][][][][] 
 []


Overfull \hbox (27.85587pt too wide) in paragraph at lines 909--910
[][][][][][][][][][][][][][][][][][][][][] 
 []


Overfull \hbox (27.85587pt too wide) in paragraph at lines 910--911
[][][][][][][][][][][][][][][][][][][][][] 
 []


Overfull \hbox (27.85587pt too wide) in paragraph at lines 911--912
[][][][][][][][][][][][][][][][][][][][][] 
 []


Overfull \hbox (27.85587pt too wide) in paragraph at lines 912--913
[][][][][][][][][][][][][][][][][][][][][] 
 []


Overfull \hbox (27.85587pt too wide) in paragraph at lines 913--914
[][][][][][][][][][][][][][][][][][][][][] 
 []


Overfull \hbox (27.85587pt too wide) in paragraph at lines 914--915
[][][][][][][][][][][][][][][][][][][][][] 
 []


Overfull \hbox (27.85587pt too wide) in paragraph at lines 915--916
[][][][][][][][][][][][][][][][][][][][][] 
 []


Overfull \hbox (27.85587pt too wide) in paragraph at lines 916--917
[][][][][][][][][][][][][][][][][][][][][] 
 []


Overfull \hbox (27.85587pt too wide) in paragraph at lines 917--918
[][][][][][][][][][][][][][][][][][][][][] 
 []


Overfull \hbox (27.85587pt too wide) in paragraph at lines 918--919
[][][][][][][][][][][][][][][][][][][][][] 
 []


Overfull \hbox (27.85587pt too wide) in paragraph at lines 919--920
[][][][][][][][][][][][][][][][][][][][][] 
 []


Overfull \hbox (27.85587pt too wide) in paragraph at lines 920--921
[][][][][][][][][][][][][][][][][][][][][] 
 []


Overfull \hbox (27.85587pt too wide) in paragraph at lines 921--922
[][][][][][][][][][][][][][][][][][][][][] 
 []


Overfull \hbox (27.85587pt too wide) in paragraph at lines 922--923
[][][][][][][][][][][][][][][][][][][][][] 
 []


Overfull \hbox (27.85587pt too wide) in paragraph at lines 923--924
[][][][][][][][][][][][][][][][][][][][][] 
 []


Overfull \hbox (27.85587pt too wide) in paragraph at lines 924--925
[][][][][][][][][][][][][][][][][][][][][] 
 []


Overfull \hbox (27.85587pt too wide) in paragraph at lines 925--926
[][][][][][][][][][][][][][][][][][][][][] 
 []


Overfull \hbox (27.85587pt too wide) in paragraph at lines 926--927
[][][][][][][][][][][][][][][][][][][][][] 
 []


Overfull \hbox (27.85587pt too wide) in paragraph at lines 927--928
[][][][][][][][][][][][][][][][][][][][][] 
 []


Overfull \hbox (27.85587pt too wide) in paragraph at lines 928--929
[][][][][][][][][][][][][][][][][][][][][] 
 []



[23]
Overfull \hbox (27.85587pt too wide) in paragraph at lines 929--930
[][][][][][][][][][][][][][][][][][][][][] 
 []


Overfull \hbox (27.85587pt too wide) in paragraph at lines 930--931
[][][][][][][][][][][][][][][][][][][][][] 
 []


Overfull \hbox (27.85587pt too wide) in paragraph at lines 931--932
[][][][][][][][][][][][][][][][][][][][][] 
 []


Overfull \hbox (27.85587pt too wide) in paragraph at lines 932--933
[][][][][][][][][][][][][][][][][][][][][] 
 []


Overfull \hbox (27.85587pt too wide) in paragraph at lines 933--934
[][][][][][][][][][][][][][][][][][][][][] 
 []


Overfull \hbox (27.85587pt too wide) in paragraph at lines 934--935
[][][][][][][][][][][][][][][][][][][][][] 
 []


Overfull \hbox (27.85587pt too wide) in paragraph at lines 935--936
[][][][][][][][][][][][][][][][][][][][][] 
 []


Overfull \hbox (27.85587pt too wide) in paragraph at lines 936--937
[][][][][][][][][][][][][][][][][][][][][] 
 []


Overfull \hbox (27.85587pt too wide) in paragraph at lines 937--938
[][][][][][][][][][][][][][][][][][][][][] 
 []


Overfull \hbox (27.85587pt too wide) in paragraph at lines 938--939
[][][][][][][][][][][][][][][][][][][][][] 
 []


Overfull \hbox (27.85587pt too wide) in paragraph at lines 939--940
[][][][][][][][][][][][][][][][][][][][][] 
 []


Overfull \hbox (27.85587pt too wide) in paragraph at lines 940--941
[][][][][][][][][][][][][][][][][][][][][] 
 []


Overfull \hbox (27.85587pt too wide) in paragraph at lines 941--942
[][][][][][][][][][][][][][][][][][][][][] 
 []


Overfull \hbox (27.85587pt too wide) in paragraph at lines 942--943
[][][][][][][][][][][][][][][][][][][][][] 
 []


Overfull \hbox (27.85587pt too wide) in paragraph at lines 943--944
[][][][][][][][][][][][][][][][][][][][][] 
 []


Overfull \hbox (27.85587pt too wide) in paragraph at lines 944--945
[][][][][][][][][][][][][][][][][][][][][] 
 []


Overfull \hbox (27.85587pt too wide) in paragraph at lines 945--946
[][][][][][][][][][][][][][][][][][][][][] 
 []


Overfull \hbox (27.85587pt too wide) in paragraph at lines 946--947
[][][][][][][][][][][][][][][][][][][][][] 
 []


Overfull \hbox (27.85587pt too wide) in paragraph at lines 947--948
[][][][][][][][][][][][][][][][][][][][][] 
 []


Overfull \hbox (27.85587pt too wide) in paragraph at lines 948--949
[][][][][][][][][][][][][][][][][][][][][] 
 []


Overfull \hbox (27.85587pt too wide) in paragraph at lines 949--950
[][][][][][][][][][][][][][][][][][][][][] 
 []


Overfull \hbox (27.85587pt too wide) in paragraph at lines 950--951
[][][][][][][][][][][][][][][][][][][][][] 
 []


Overfull \hbox (27.85587pt too wide) in paragraph at lines 951--952
[][][][][][][][][][][][][][][][][][][][][] 
 []


Overfull \hbox (27.85587pt too wide) in paragraph at lines 952--953
[][][][][][][][][][][][][][][][][][][][][] 
 []


Overfull \hbox (27.85587pt too wide) in paragraph at lines 953--954
[][][][][][][][][][][][][][][][][][][][][] 
 []


Overfull \hbox (27.85587pt too wide) in paragraph at lines 954--955
[][][][][][][][][][][][][][][][][][][][][] 
 []


Overfull \hbox (27.85587pt too wide) in paragraph at lines 955--956
[][][][][][][][][][][][][][][][][][][][][] 
 []


Overfull \hbox (27.85587pt too wide) in paragraph at lines 956--957
[][][][][][][][][][][][][][][][][][][][][] 
 []


Overfull \hbox (27.85587pt too wide) in paragraph at lines 957--958
[][][][][][][][][][][][][][][][][][][][][] 
 []


Overfull \hbox (27.85587pt too wide) in paragraph at lines 958--959
[][][][][][][][][][][][][][][][][][][][][] 
 []


Overfull \hbox (27.85587pt too wide) in paragraph at lines 959--960
[][][][][][][][][][][][][][][][][][][][][] 
 []


Overfull \hbox (27.85587pt too wide) in paragraph at lines 960--961
[][][][][][][][][][][][][][][][][][][][][] 
 []


Overfull \hbox (27.85587pt too wide) in paragraph at lines 961--962
[][][][][][][][][][][][][][][][][][][][][] 
 []


Overfull \hbox (27.85587pt too wide) in paragraph at lines 962--963
[][][][][][][][][][][][][][][][][][][][][] 
 []


Overfull \hbox (27.85587pt too wide) in paragraph at lines 963--964
[][][][][][][][][][][][][][][][][][][][][] 
 []


Overfull \hbox (27.85587pt too wide) in paragraph at lines 964--965
[][][][][][][][][][][][][][][][][][][][][] 
 []


Overfull \hbox (27.85587pt too wide) in paragraph at lines 965--966
[][][][][][][][][][][][][][][][][][][][][] 
 []


Overfull \hbox (27.85587pt too wide) in paragraph at lines 966--967
[][][][][][][][][][][][][][][][][][][][][] 
 []


Overfull \hbox (27.85587pt too wide) in paragraph at lines 967--968
[][][][][][][][][][][][][][][][][][][][][] 
 []



[24]
Overfull \hbox (27.85587pt too wide) in paragraph at lines 968--969
[][][][][][][][][][][][][][][][][][][][][] 
 []


Overfull \hbox (27.85587pt too wide) in paragraph at lines 969--970
[][][][][][][][][][][][][][][][][][][][][] 
 []


Overfull \hbox (27.85587pt too wide) in paragraph at lines 970--971
[][][][][][][][][][][][][][][][][][][][][] 
 []


Overfull \hbox (27.85587pt too wide) in paragraph at lines 971--972
[][][][][][][][][][][][][][][][][][][][][] 
 []


Overfull \hbox (27.85587pt too wide) in paragraph at lines 972--973
[][][][][][][][][][][][][][][][][][][][][] 
 []


Overfull \hbox (27.85587pt too wide) in paragraph at lines 973--974
[][][][][][][][][][][][][][][][][][][][][] 
 []


Overfull \hbox (27.85587pt too wide) in paragraph at lines 974--975
[][][][][][][][][][][][][][][][][][][][][] 
 []


Overfull \hbox (27.85587pt too wide) in paragraph at lines 975--976
[][][][][][][][][][][][][][][][][][][][][] 
 []


Overfull \hbox (27.85587pt too wide) in paragraph at lines 976--977
[][][][][][][][][][][][][][][][][][][][][] 
 []


Overfull \hbox (27.85587pt too wide) in paragraph at lines 977--978
[][][][][][][][][][][][][][][][][][][][][] 
 []


Overfull \hbox (27.85587pt too wide) in paragraph at lines 978--979
[][][][][][][][][][][][][][][][][][][][][] 
 []


Overfull \hbox (27.85587pt too wide) in paragraph at lines 979--980
[][][][][][][][][][][][][][][][][][][][][] 
 []


Overfull \hbox (27.85587pt too wide) in paragraph at lines 980--981
[][][][][][][][][][][][][][][][][][][][][] 
 []


Overfull \hbox (27.85587pt too wide) in paragraph at lines 981--982
[][][][][][][][][][][][][][][][][][][][][] 
 []


Overfull \hbox (27.85587pt too wide) in paragraph at lines 982--983
[][][][][][][][][][][][][][][][][][][][][] 
 []


Overfull \hbox (27.85587pt too wide) in paragraph at lines 983--984
[][][][][][][][][][][][][][][][][][][][][] 
 []


Overfull \hbox (27.85587pt too wide) in paragraph at lines 984--985
[][][][][][][][][][][][][][][][][][][][][] 
 []


Overfull \hbox (27.85587pt too wide) in paragraph at lines 985--986
[][][][][][][][][][][][][][][][][][][][][] 
 []


Overfull \hbox (27.85587pt too wide) in paragraph at lines 986--987
[][][][][][][][][][][][][][][][][][][][][] 
 []


Overfull \hbox (27.85587pt too wide) in paragraph at lines 987--988
[][][][][][][][][][][][][][][][][][][][][] 
 []


Overfull \hbox (27.85587pt too wide) in paragraph at lines 988--989
[][][][][][][][][][][][][][][][][][][][][] 
 []


Overfull \hbox (27.85587pt too wide) in paragraph at lines 989--990
[][][][][][][][][][][][][][][][][][][][][] 
 []


Overfull \hbox (27.85587pt too wide) in paragraph at lines 990--991
[][][][][][][][][][][][][][][][][][][][][] 
 []


Overfull \hbox (27.85587pt too wide) in paragraph at lines 991--992
[][][][][][][][][][][][][][][][][][][][][] 
 []


Overfull \hbox (27.85587pt too wide) in paragraph at lines 992--993
[][][][][][][][][][][][][][][][][][][][][] 
 []


Overfull \hbox (27.85587pt too wide) in paragraph at lines 993--994
[][][][][][][][][][][][][][][][][][][][][] 
 []


Overfull \hbox (27.85587pt too wide) in paragraph at lines 994--995
[][][][][][][][][][][][][][][][][][][][][] 
 []


Overfull \hbox (27.85587pt too wide) in paragraph at lines 995--996
[][][][][][][][][][][][][][][][][][][][][] 
 []


Overfull \hbox (27.85587pt too wide) in paragraph at lines 996--997
[][][][][][][][][][][][][][][][][][][][][] 
 []


Overfull \hbox (27.85587pt too wide) in paragraph at lines 997--998
[][][][][][][][][][][][][][][][][][][][][] 
 []


Overfull \hbox (27.85587pt too wide) in paragraph at lines 998--999
[][][][][][][][][][][][][][][][][][][][][] 
 []


Overfull \hbox (27.85587pt too wide) in paragraph at lines 999--1000
[][][][][][][][][][][][][][][][][][][][][] 
 []


Overfull \hbox (27.85587pt too wide) in paragraph at lines 1000--1001
[][][][][][][][][][][][][][][][][][][][][] 
 []


Overfull \hbox (27.85587pt too wide) in paragraph at lines 1001--1002
[][][][][][][][][][][][][][][][][][][][][] 
 []


Overfull \hbox (27.85587pt too wide) in paragraph at lines 1002--1003
[][][][][][][][][][][][][][][][][][][][][] 
 []


Overfull \hbox (27.85587pt too wide) in paragraph at lines 1003--1004
[][][][][][][][][][][][][][][][][][][][][] 
 []


Overfull \hbox (27.85587pt too wide) in paragraph at lines 1004--1005
[][][][][][][][][][][][][][][][][][][][][] 
 []


Overfull \hbox (27.85587pt too wide) in paragraph at lines 1005--1006
[][][][][][][][][][][][][][][][][][][][][] 
 []


Overfull \hbox (27.85587pt too wide) in paragraph at lines 1006--1007
[][][][][][][][][][][][][][][][][][][][][] 
 []



[25]
Overfull \hbox (27.85587pt too wide) in paragraph at lines 1007--1008
[][][][][][][][][][][][][][][][][][][][][] 
 []


Overfull \hbox (27.85587pt too wide) in paragraph at lines 1008--1009
[][][][][][][][][][][][][][][][][][][][][] 
 []


Overfull \hbox (27.85587pt too wide) in paragraph at lines 1009--1010
[][][][][][][][][][][][][][][][][][][][][] 
 []


Overfull \hbox (27.85587pt too wide) in paragraph at lines 1010--1011
[][][][][][][][][][][][][][][][][][][][][] 
 []


Overfull \hbox (27.85587pt too wide) in paragraph at lines 1011--1012
[][][][][][][][][][][][][][][][][][][][][] 
 []


Overfull \hbox (27.85587pt too wide) in paragraph at lines 1012--1013
[][][][][][][][][][][][][][][][][][][][][] 
 []


Overfull \hbox (27.85587pt too wide) in paragraph at lines 1013--1014
[][][][][][][][][][][][][][][][][][][][][] 
 []


Overfull \hbox (27.85587pt too wide) in paragraph at lines 1014--1015
[][][][][][][][][][][][][][][][][][][][][] 
 []


Overfull \hbox (27.85587pt too wide) in paragraph at lines 1015--1016
[][][][][][][][][][][][][][][][][][][][][] 
 []


Overfull \hbox (27.85587pt too wide) in paragraph at lines 1016--1017
[][][][][][][][][][][][][][][][][][][][][] 
 []


Overfull \hbox (27.85587pt too wide) in paragraph at lines 1017--1018
[][][][][][][][][][][][][][][][][][][][][] 
 []


Overfull \hbox (27.85587pt too wide) in paragraph at lines 1018--1019
[][][][][][][][][][][][][][][][][][][][][] 
 []


Overfull \hbox (27.85587pt too wide) in paragraph at lines 1019--1020
[][][][][][][][][][][][][][][][][][][][][] 
 []


Overfull \hbox (27.85587pt too wide) in paragraph at lines 1020--1021
[][][][][][][][][][][][][][][][][][][][][] 
 []


Overfull \hbox (27.85587pt too wide) in paragraph at lines 1021--1022
[][][][][][][][][][][][][][][][][][][][][] 
 []


Overfull \hbox (27.85587pt too wide) in paragraph at lines 1022--1023
[][][][][][][][][][][][][][][][][][][][][] 
 []


Overfull \hbox (27.85587pt too wide) in paragraph at lines 1023--1024
[][][][][][][][][][][][][][][][][][][][][] 
 []


Overfull \hbox (27.85587pt too wide) in paragraph at lines 1024--1025
[][][][][][][][][][][][][][][][][][][][][] 
 []


Overfull \hbox (27.85587pt too wide) in paragraph at lines 1025--1026
[][][][][][][][][][][][][][][][][][][][][] 
 []


Overfull \hbox (27.85587pt too wide) in paragraph at lines 1026--1027
[][][][][][][][][][][][][][][][][][][][][] 
 []


Overfull \hbox (27.85587pt too wide) in paragraph at lines 1027--1028
[][][][][][][][][][][][][][][][][][][][][] 
 []


Overfull \hbox (27.85587pt too wide) in paragraph at lines 1028--1029
[][][][][][][][][][][][][][][][][][][][][] 
 []


Overfull \hbox (27.85587pt too wide) in paragraph at lines 1029--1030
[][][][][][][][][][][][][][][][][][][][][] 
 []


Overfull \hbox (27.85587pt too wide) in paragraph at lines 1030--1031
[][][][][][][][][][][][][][][][][][][][][] 
 []


Overfull \hbox (27.85587pt too wide) in paragraph at lines 1031--1032
[][][][][][][][][][][][][][][][][][][][][] 
 []


Overfull \hbox (27.85587pt too wide) in paragraph at lines 1032--1033
[][][][][][][][][][][][][][][][][][][][][] 
 []


Overfull \hbox (27.85587pt too wide) in paragraph at lines 1033--1034
[][][][][][][][][][][][][][][][][][][][][] 
 []


Overfull \hbox (27.85587pt too wide) in paragraph at lines 1034--1035
[][][][][][][][][][][][][][][][][][][][][] 
 []


Overfull \hbox (27.85587pt too wide) in paragraph at lines 1035--1036
[][][][][][][][][][][][][][][][][][][][][] 
 []


Overfull \hbox (27.85587pt too wide) in paragraph at lines 1036--1037
[][][][][][][][][][][][][][][][][][][][][] 
 []


Overfull \hbox (27.85587pt too wide) in paragraph at lines 1037--1038
[][][][][][][][][][][][][][][][][][][][][] 
 []


Overfull \hbox (27.85587pt too wide) in paragraph at lines 1038--1039
[][][][][][][][][][][][][][][][][][][][][] 
 []


Overfull \hbox (27.85587pt too wide) in paragraph at lines 1039--1040
[][][][][][][][][][][][][][][][][][][][][] 
 []


Overfull \hbox (27.85587pt too wide) in paragraph at lines 1040--1041
[][][][][][][][][][][][][][][][][][][][][] 
 []


Overfull \hbox (27.85587pt too wide) in paragraph at lines 1041--1042
[][][][][][][][][][][][][][][][][][][][][] 
 []


Overfull \hbox (27.85587pt too wide) in paragraph at lines 1042--1043
[][][][][][][][][][][][][][][][][][][][][] 
 []


Overfull \hbox (27.85587pt too wide) in paragraph at lines 1043--1044
[][][][][][][][][][][][][][][][][][][][][] 
 []


Overfull \hbox (27.85587pt too wide) in paragraph at lines 1044--1045
[][][][][][][][][][][][][][][][][][][][][] 
 []


Overfull \hbox (27.85587pt too wide) in paragraph at lines 1045--1046
[][][][][][][][][][][][][][][][][][][][][] 
 []



[26]
Overfull \hbox (27.85587pt too wide) in paragraph at lines 1046--1047
[][][][][][][][][][][][][][][][][][][][][] 
 []


Overfull \hbox (27.85587pt too wide) in paragraph at lines 1047--1048
[][][][][][][][][][][][][][][][][][][][][] 
 []


Overfull \hbox (27.85587pt too wide) in paragraph at lines 1048--1049
[][][][][][][][][][][][][][][][][][][][][] 
 []


Overfull \hbox (27.85587pt too wide) in paragraph at lines 1049--1050
[][][][][][][][][][][][][][][][][][][][][] 
 []


Overfull \hbox (27.85587pt too wide) in paragraph at lines 1050--1051
[][][][][][][][][][][][][][][][][][][][][] 
 []


Overfull \hbox (27.85587pt too wide) in paragraph at lines 1051--1052
[][][][][][][][][][][][][][][][][][][][][] 
 []


Overfull \hbox (27.85587pt too wide) in paragraph at lines 1052--1053
[][][][][][][][][][][][][][][][][][][][][] 
 []


Overfull \hbox (27.85587pt too wide) in paragraph at lines 1053--1054
[][][][][][][][][][][][][][][][][][][][][] 
 []


Overfull \hbox (27.85587pt too wide) in paragraph at lines 1054--1055
[][][][][][][][][][][][][][][][][][][][][] 
 []


Overfull \hbox (27.85587pt too wide) in paragraph at lines 1055--1056
[][][][][][][][][][][][][][][][][][][][][] 
 []


Overfull \hbox (27.85587pt too wide) in paragraph at lines 1056--1057
[][][][][][][][][][][][][][][][][][][][][] 
 []


Overfull \hbox (27.85587pt too wide) in paragraph at lines 1057--1058
[][][][][][][][][][][][][][][][][][][][][] 
 []


Overfull \hbox (27.85587pt too wide) in paragraph at lines 1058--1059
[][][][][][][][][][][][][][][][][][][][][] 
 []


Overfull \hbox (27.85587pt too wide) in paragraph at lines 1059--1060
[][][][][][][][][][][][][][][][][][][][][] 
 []


Overfull \hbox (27.85587pt too wide) in paragraph at lines 1060--1061
[][][][][][][][][][][][][][][][][][][][][] 
 []


Overfull \hbox (27.85587pt too wide) in paragraph at lines 1061--1062
[][][][][][][][][][][][][][][][][][][][][] 
 []


Overfull \hbox (27.85587pt too wide) in paragraph at lines 1062--1063
[][][][][][][][][][][][][][][][][][][][][] 
 []


Overfull \hbox (27.85587pt too wide) in paragraph at lines 1063--1064
[][][][][][][][][][][][][][][][][][][][][] 
 []


Overfull \hbox (27.85587pt too wide) in paragraph at lines 1064--1065
[][][][][][][][][][][][][][][][][][][][][] 
 []


Overfull \hbox (27.85587pt too wide) in paragraph at lines 1065--1066
[][][][][][][][][][][][][][][][][][][][][] 
 []


Overfull \hbox (27.85587pt too wide) in paragraph at lines 1066--1067
[][][][][][][][][][][][][][][][][][][][][] 
 []


Overfull \hbox (27.85587pt too wide) in paragraph at lines 1067--1068
[][][][][][][][][][][][][][][][][][][][][] 
 []


Overfull \hbox (27.85587pt too wide) in paragraph at lines 1068--1069
[][][][][][][][][][][][][][][][][][][][][] 
 []


Overfull \hbox (27.85587pt too wide) in paragraph at lines 1069--1070
[][][][][][][][][][][][][][][][][][][][][] 
 []


Overfull \hbox (27.85587pt too wide) in paragraph at lines 1070--1071
[][][][][][][][][][][][][][][][][][][][][] 
 []


Overfull \hbox (27.85587pt too wide) in paragraph at lines 1071--1072
[][][][][][][][][][][][][][][][][][][][][] 
 []


Overfull \hbox (27.85587pt too wide) in paragraph at lines 1072--1073
[][][][][][][][][][][][][][][][][][][][][] 
 []


Overfull \hbox (27.85587pt too wide) in paragraph at lines 1073--1074
[][][][][][][][][][][][][][][][][][][][][] 
 []


Overfull \hbox (27.85587pt too wide) in paragraph at lines 1074--1075
[][][][][][][][][][][][][][][][][][][][][] 
 []


Overfull \hbox (27.85587pt too wide) in paragraph at lines 1075--1076
[][][][][][][][][][][][][][][][][][][][][] 
 []


Overfull \hbox (27.85587pt too wide) in paragraph at lines 1076--1077
[][][][][][][][][][][][][][][][][][][][][] 
 []


Overfull \hbox (27.85587pt too wide) in paragraph at lines 1077--1078
[][][][][][][][][][][][][][][][][][][][][] 
 []


Overfull \hbox (27.85587pt too wide) in paragraph at lines 1078--1079
[][][][][][][][][][][][][][][][][][][][][] 
 []


Overfull \hbox (27.85587pt too wide) in paragraph at lines 1079--1080
[][][][][][][][][][][][][][][][][][][][][] 
 []


Overfull \hbox (27.85587pt too wide) in paragraph at lines 1080--1081
[][][][][][][][][][][][][][][][][][][][][] 
 []


Overfull \hbox (27.85587pt too wide) in paragraph at lines 1081--1082
[][][][][][][][][][][][][][][][][][][][][] 
 []


Overfull \hbox (27.85587pt too wide) in paragraph at lines 1082--1083
[][][][][][][][][][][][][][][][][][][][][] 
 []


Overfull \hbox (27.85587pt too wide) in paragraph at lines 1083--1084
[][][][][][][][][][][][][][][][][][][][][] 
 []


Overfull \hbox (27.85587pt too wide) in paragraph at lines 1084--1085
[][][][][][][][][][][][][][][][][][][][][] 
 []



[27]
Overfull \hbox (27.85587pt too wide) in paragraph at lines 1085--1086
[][][][][][][][][][][][][][][][][][][][][] 
 []


Overfull \hbox (27.85587pt too wide) in paragraph at lines 1086--1087
[][][][][][][][][][][][][][][][][][][][][] 
 []


Overfull \hbox (27.85587pt too wide) in paragraph at lines 1087--1088
[][][][][][][][][][][][][][][][][][][][][] 
 []


Overfull \hbox (27.85587pt too wide) in paragraph at lines 1088--1089
[][][][][][][][][][][][][][][][][][][][][] 
 []


Overfull \hbox (27.85587pt too wide) in paragraph at lines 1089--1090
[][][][][][][][][][][][][][][][][][][][][] 
 []


Overfull \hbox (27.85587pt too wide) in paragraph at lines 1090--1091
[][][][][][][][][][][][][][][][][][][][][] 
 []


Overfull \hbox (27.85587pt too wide) in paragraph at lines 1091--1092
[][][][][][][][][][][][][][][][][][][][][] 
 []


Overfull \hbox (27.85587pt too wide) in paragraph at lines 1092--1093
[][][][][][][][][][][][][][][][][][][][][] 
 []


Overfull \hbox (27.85587pt too wide) in paragraph at lines 1093--1094
[][][][][][][][][][][][][][][][][][][][][] 
 []


Overfull \hbox (27.85587pt too wide) in paragraph at lines 1094--1095
[][][][][][][][][][][][][][][][][][][][][] 
 []


Overfull \hbox (27.85587pt too wide) in paragraph at lines 1095--1096
[][][][][][][][][][][][][][][][][][][][][] 
 []


Overfull \hbox (27.85587pt too wide) in paragraph at lines 1096--1097
[][][][][][][][][][][][][][][][][][][][][] 
 []


Overfull \hbox (27.85587pt too wide) in paragraph at lines 1097--1098
[][][][][][][][][][][][][][][][][][][][][] 
 []


Overfull \hbox (27.85587pt too wide) in paragraph at lines 1098--1099
[][][][][][][][][][][][][][][][][][][][][] 
 []


Overfull \hbox (27.85587pt too wide) in paragraph at lines 1099--1100
[][][][][][][][][][][][][][][][][][][][][] 
 []


Overfull \hbox (27.85587pt too wide) in paragraph at lines 1100--1101
[][][][][][][][][][][][][][][][][][][][][] 
 []


Overfull \hbox (27.85587pt too wide) in paragraph at lines 1101--1102
[][][][][][][][][][][][][][][][][][][][][] 
 []


Overfull \hbox (27.85587pt too wide) in paragraph at lines 1102--1103
[][][][][][][][][][][][][][][][][][][][][] 
 []


Overfull \hbox (27.85587pt too wide) in paragraph at lines 1103--1104
[][][][][][][][][][][][][][][][][][][][][] 
 []


Overfull \hbox (27.85587pt too wide) in paragraph at lines 1104--1105
[][][][][][][][][][][][][][][][][][][][][] 
 []


Overfull \hbox (27.85587pt too wide) in paragraph at lines 1105--1106
[][][][][][][][][][][][][][][][][][][][][] 
 []


Overfull \hbox (27.85587pt too wide) in paragraph at lines 1106--1107
[][][][][][][][][][][][][][][][][][][][][] 
 []


Overfull \hbox (27.85587pt too wide) in paragraph at lines 1107--1108
[][][][][][][][][][][][][][][][][][][][][] 
 []


Overfull \hbox (27.85587pt too wide) in paragraph at lines 1108--1109
[][][][][][][][][][][][][][][][][][][][][] 
 []


Overfull \hbox (27.85587pt too wide) in paragraph at lines 1109--1110
[][][][][][][][][][][][][][][][][][][][][] 
 []


Overfull \hbox (27.85587pt too wide) in paragraph at lines 1110--1111
[][][][][][][][][][][][][][][][][][][][][] 
 []


Overfull \hbox (27.85587pt too wide) in paragraph at lines 1111--1112
[][][][][][][][][][][][][][][][][][][][][] 
 []


Overfull \hbox (27.85587pt too wide) in paragraph at lines 1112--1113
[][][][][][][][][][][][][][][][][][][][][] 
 []


Overfull \hbox (27.85587pt too wide) in paragraph at lines 1113--1114
[][][][][][][][][][][][][][][][][][][][][] 
 []


Overfull \hbox (27.85587pt too wide) in paragraph at lines 1114--1115
[][][][][][][][][][][][][][][][][][][][][] 
 []


Overfull \hbox (27.85587pt too wide) in paragraph at lines 1115--1116
[][][][][][][][][][][][][][][][][][][][][] 
 []


Overfull \hbox (27.85587pt too wide) in paragraph at lines 1116--1117
[][][][][][][][][][][][][][][][][][][][][] 
 []


Overfull \hbox (27.85587pt too wide) in paragraph at lines 1117--1118
[][][][][][][][][][][][][][][][][][][][][] 
 []


Overfull \hbox (27.85587pt too wide) in paragraph at lines 1118--1119
[][][][][][][][][][][][][][][][][][][][][] 
 []


Overfull \hbox (27.85587pt too wide) in paragraph at lines 1119--1120
[][][][][][][][][][][][][][][][][][][][][] 
 []


Overfull \hbox (27.85587pt too wide) in paragraph at lines 1120--1121
[][][][][][][][][][][][][][][][][][][][][] 
 []


Overfull \hbox (27.85587pt too wide) in paragraph at lines 1121--1122
[][][][][][][][][][][][][][][][][][][][][] 
 []


Overfull \hbox (27.85587pt too wide) in paragraph at lines 1122--1123
[][][][][][][][][][][][][][][][][][][][][] 
 []


Overfull \hbox (27.85587pt too wide) in paragraph at lines 1123--1124
[][][][][][][][][][][][][][][][][][][][][] 
 []



[28]
Overfull \hbox (27.85587pt too wide) in paragraph at lines 1124--1125
[][][][][][][][][][][][][][][][][][][][][] 
 []


Overfull \hbox (27.85587pt too wide) in paragraph at lines 1125--1126
[][][][][][][][][][][][][][][][][][][][][] 
 []


Overfull \hbox (27.85587pt too wide) in paragraph at lines 1126--1127
[][][][][][][][][][][][][][][][][][][][][] 
 []


Overfull \hbox (27.85587pt too wide) in paragraph at lines 1127--1128
[][][][][][][][][][][][][][][][][][][][][] 
 []


Overfull \hbox (27.85587pt too wide) in paragraph at lines 1128--1129
[][][][][][][][][][][][][][][][][][][][][] 
 []


Overfull \hbox (27.85587pt too wide) in paragraph at lines 1129--1130
[][][][][][][][][][][][][][][][][][][][][] 
 []


Overfull \hbox (27.85587pt too wide) in paragraph at lines 1130--1131
[][][][][][][][][][][][][][][][][][][][][] 
 []


Overfull \hbox (27.85587pt too wide) in paragraph at lines 1131--1132
[][][][][][][][][][][][][][][][][][][][][] 
 []


Overfull \hbox (27.85587pt too wide) in paragraph at lines 1132--1133
[][][][][][][][][][][][][][][][][][][][][] 
 []


Overfull \hbox (27.85587pt too wide) in paragraph at lines 1133--1134
[][][][][][][][][][][][][][][][][][][][][] 
 []


Overfull \hbox (27.85587pt too wide) in paragraph at lines 1134--1135
[][][][][][][][][][][][][][][][][][][][][] 
 []


Overfull \hbox (27.85587pt too wide) in paragraph at lines 1135--1136
[][][][][][][][][][][][][][][][][][][][][] 
 []


Overfull \hbox (27.85587pt too wide) in paragraph at lines 1136--1137
[][][][][][][][][][][][][][][][][][][][][] 
 []


Overfull \hbox (27.85587pt too wide) in paragraph at lines 1137--1138
[][][][][][][][][][][][][][][][][][][][][] 
 []


Overfull \hbox (27.85587pt too wide) in paragraph at lines 1138--1139
[][][][][][][][][][][][][][][][][][][][][] 
 []


Overfull \hbox (27.85587pt too wide) in paragraph at lines 1139--1140
[][][][][][][][][][][][][][][][][][][][][] 
 []


Overfull \hbox (27.85587pt too wide) in paragraph at lines 1140--1141
[][][][][][][][][][][][][][][][][][][][][] 
 []


Overfull \hbox (27.85587pt too wide) in paragraph at lines 1141--1142
[][][][][][][][][][][][][][][][][][][][][] 
 []


Overfull \hbox (27.85587pt too wide) in paragraph at lines 1142--1143
[][][][][][][][][][][][][][][][][][][][][] 
 []


Overfull \hbox (27.85587pt too wide) in paragraph at lines 1143--1144
[][][][][][][][][][][][][][][][][][][][][] 
 []


Overfull \hbox (27.85587pt too wide) in paragraph at lines 1144--1145
[][][][][][][][][][][][][][][][][][][][][] 
 []


Overfull \hbox (27.85587pt too wide) in paragraph at lines 1145--1146
[][][][][][][][][][][][][][][][][][][][][] 
 []


Overfull \hbox (27.85587pt too wide) in paragraph at lines 1146--1147
[][][][][][][][][][][][][][][][][][][][][] 
 []


Overfull \hbox (27.85587pt too wide) in paragraph at lines 1147--1148
[][][][][][][][][][][][][][][][][][][][][] 
 []


Overfull \hbox (27.85587pt too wide) in paragraph at lines 1148--1149
[][][][][][][][][][][][][][][][][][][][][] 
 []


Overfull \hbox (27.85587pt too wide) in paragraph at lines 1149--1150
[][][][][][][][][][][][][][][][][][][][][] 
 []


Overfull \hbox (27.85587pt too wide) in paragraph at lines 1150--1151
[][][][][][][][][][][][][][][][][][][][][] 
 []


Overfull \hbox (27.85587pt too wide) in paragraph at lines 1151--1152
[][][][][][][][][][][][][][][][][][][][][] 
 []


Overfull \hbox (27.85587pt too wide) in paragraph at lines 1152--1153
[][][][][][][][][][][][][][][][][][][][][] 
 []


Overfull \hbox (27.85587pt too wide) in paragraph at lines 1153--1154
[][][][][][][][][][][][][][][][][][][][][] 
 []


Overfull \hbox (27.85587pt too wide) in paragraph at lines 1154--1155
[][][][][][][][][][][][][][][][][][][][][] 
 []


Overfull \hbox (27.85587pt too wide) in paragraph at lines 1155--1156
[][][][][][][][][][][][][][][][][][][][][] 
 []


Overfull \hbox (27.85587pt too wide) in paragraph at lines 1156--1157
[][][][][][][][][][][][][][][][][][][][][] 
 []


Overfull \hbox (27.85587pt too wide) in paragraph at lines 1157--1158
[][][][][][][][][][][][][][][][][][][][][] 
 []


Overfull \hbox (27.85587pt too wide) in paragraph at lines 1158--1159
[][][][][][][][][][][][][][][][][][][][][] 
 []


Overfull \hbox (27.85587pt too wide) in paragraph at lines 1159--1160
[][][][][][][][][][][][][][][][][][][][][] 
 []


Overfull \hbox (27.85587pt too wide) in paragraph at lines 1160--1161
[][][][][][][][][][][][][][][][][][][][][] 
 []


Overfull \hbox (27.85587pt too wide) in paragraph at lines 1161--1162
[][][][][][][][][][][][][][][][][][][][][] 
 []


Overfull \hbox (27.85587pt too wide) in paragraph at lines 1162--1163
[][][][][][][][][][][][][][][][][][][][][] 
 []



[29]
Overfull \hbox (27.85587pt too wide) in paragraph at lines 1163--1164
[][][][][][][][][][][][][][][][][][][][][] 
 []


Overfull \hbox (27.85587pt too wide) in paragraph at lines 1164--1165
[][][][][][][][][][][][][][][][][][][][][] 
 []


Overfull \hbox (27.85587pt too wide) in paragraph at lines 1165--1166
[][][][][][][][][][][][][][][][][][][][][] 
 []


Overfull \hbox (27.85587pt too wide) in paragraph at lines 1166--1167
[][][][][][][][][][][][][][][][][][][][][] 
 []


Overfull \hbox (27.85587pt too wide) in paragraph at lines 1167--1168
[][][][][][][][][][][][][][][][][][][][][] 
 []


Overfull \hbox (27.85587pt too wide) in paragraph at lines 1168--1169
[][][][][][][][][][][][][][][][][][][][][] 
 []


Overfull \hbox (27.85587pt too wide) in paragraph at lines 1169--1170
[][][][][][][][][][][][][][][][][][][][][] 
 []


Overfull \hbox (27.85587pt too wide) in paragraph at lines 1170--1171
[][][][][][][][][][][][][][][][][][][][][] 
 []


Overfull \hbox (27.85587pt too wide) in paragraph at lines 1171--1172
[][][][][][][][][][][][][][][][][][][][][] 
 []


Overfull \hbox (27.85587pt too wide) in paragraph at lines 1172--1173
[][][][][][][][][][][][][][][][][][][][][] 
 []


Overfull \hbox (27.85587pt too wide) in paragraph at lines 1173--1174
[][][][][][][][][][][][][][][][][][][][][] 
 []


Overfull \hbox (27.85587pt too wide) in paragraph at lines 1174--1175
[][][][][][][][][][][][][][][][][][][][][] 
 []


Overfull \hbox (27.85587pt too wide) in paragraph at lines 1175--1176
[][][][][][][][][][][][][][][][][][][][][] 
 []


Overfull \hbox (27.85587pt too wide) in paragraph at lines 1176--1177
[][][][][][][][][][][][][][][][][][][][][] 
 []


Overfull \hbox (27.85587pt too wide) in paragraph at lines 1177--1178
[][][][][][][][][][][][][][][][][][][][][] 
 []


Overfull \hbox (27.85587pt too wide) in paragraph at lines 1178--1179
[][][][][][][][][][][][][][][][][][][][][] 
 []


Overfull \hbox (27.85587pt too wide) in paragraph at lines 1179--1180
[][][][][][][][][][][][][][][][][][][][][] 
 []


Overfull \hbox (27.85587pt too wide) in paragraph at lines 1180--1181
[][][][][][][][][][][][][][][][][][][][][] 
 []


Overfull \hbox (27.85587pt too wide) in paragraph at lines 1181--1182
[][][][][][][][][][][][][][][][][][][][][] 
 []


Overfull \hbox (27.85587pt too wide) in paragraph at lines 1182--1183
[][][][][][][][][][][][][][][][][][][][][] 
 []


Overfull \hbox (27.85587pt too wide) in paragraph at lines 1183--1184
[][][][][][][][][][][][][][][][][][][][][] 
 []


Overfull \hbox (27.85587pt too wide) in paragraph at lines 1184--1185
[][][][][][][][][][][][][][][][][][][][][] 
 []


Overfull \hbox (27.85587pt too wide) in paragraph at lines 1185--1186
[][][][][][][][][][][][][][][][][][][][][] 
 []


Overfull \hbox (27.85587pt too wide) in paragraph at lines 1186--1187
[][][][][][][][][][][][][][][][][][][][][] 
 []


Overfull \hbox (27.85587pt too wide) in paragraph at lines 1187--1188
[][][][][][][][][][][][][][][][][][][][][] 
 []


Overfull \hbox (27.85587pt too wide) in paragraph at lines 1188--1189
[][][][][][][][][][][][][][][][][][][][][] 
 []


Overfull \hbox (27.85587pt too wide) in paragraph at lines 1189--1190
[][][][][][][][][][][][][][][][][][][][][] 
 []


Overfull \hbox (27.85587pt too wide) in paragraph at lines 1190--1191
[][][][][][][][][][][][][][][][][][][][][] 
 []


Overfull \hbox (27.85587pt too wide) in paragraph at lines 1191--1192
[][][][][][][][][][][][][][][][][][][][][] 
 []


Overfull \hbox (27.85587pt too wide) in paragraph at lines 1192--1193
[][][][][][][][][][][][][][][][][][][][][] 
 []


Overfull \hbox (27.85587pt too wide) in paragraph at lines 1193--1194
[][][][][][][][][][][][][][][][][][][][][] 
 []


Overfull \hbox (27.85587pt too wide) in paragraph at lines 1194--1195
[][][][][][][][][][][][][][][][][][][][][] 
 []


Overfull \hbox (27.85587pt too wide) in paragraph at lines 1195--1196
[][][][][][][][][][][][][][][][][][][][][] 
 []


Overfull \hbox (27.85587pt too wide) in paragraph at lines 1196--1197
[][][][][][][][][][][][][][][][][][][][][] 
 []


Overfull \hbox (27.85587pt too wide) in paragraph at lines 1197--1198
[][][][][][][][][][][][][][][][][][][][][] 
 []


Overfull \hbox (27.85587pt too wide) in paragraph at lines 1198--1199
[][][][][][][][][][][][][][][][][][][][][] 
 []


Overfull \hbox (27.85587pt too wide) in paragraph at lines 1199--1200
[][][][][][][][][][][][][][][][][][][][][] 
 []


Overfull \hbox (27.85587pt too wide) in paragraph at lines 1200--1201
[][][][][][][][][][][][][][][][][][][][][] 
 []


Overfull \hbox (27.85587pt too wide) in paragraph at lines 1201--1202
[][][][][][][][][][][][][][][][][][][][][] 
 []



[30]
Overfull \hbox (27.85587pt too wide) in paragraph at lines 1202--1203
[][][][][][][][][][][][][][][][][][][][][] 
 []


Overfull \hbox (27.85587pt too wide) in paragraph at lines 1203--1204
[][][][][][][][][][][][][][][][][][][][][] 
 []


Overfull \hbox (27.85587pt too wide) in paragraph at lines 1204--1205
[][][][][][][][][][][][][][][][][][][][][] 
 []


Overfull \hbox (27.85587pt too wide) in paragraph at lines 1205--1206
[][][][][][][][][][][][][][][][][][][][][] 
 []


Overfull \hbox (27.85587pt too wide) in paragraph at lines 1206--1207
[][][][][][][][][][][][][][][][][][][][][] 
 []


Overfull \hbox (27.85587pt too wide) in paragraph at lines 1207--1208
[][][][][][][][][][][][][][][][][][][][][] 
 []


Overfull \hbox (27.85587pt too wide) in paragraph at lines 1208--1209
[][][][][][][][][][][][][][][][][][][][][] 
 []


Overfull \hbox (27.85587pt too wide) in paragraph at lines 1209--1210
[][][][][][][][][][][][][][][][][][][][][] 
 []


Overfull \hbox (27.85587pt too wide) in paragraph at lines 1210--1211
[][][][][][][][][][][][][][][][][][][][][] 
 []


Overfull \hbox (27.85587pt too wide) in paragraph at lines 1211--1212
[][][][][][][][][][][][][][][][][][][][][] 
 []


Overfull \hbox (27.85587pt too wide) in paragraph at lines 1212--1213
[][][][][][][][][][][][][][][][][][][][][] 
 []


Overfull \hbox (27.85587pt too wide) in paragraph at lines 1213--1214
[][][][][][][][][][][][][][][][][][][][][] 
 []


Overfull \hbox (27.85587pt too wide) in paragraph at lines 1214--1215
[][][][][][][][][][][][][][][][][][][][][] 
 []


Overfull \hbox (27.85587pt too wide) in paragraph at lines 1215--1216
[][][][][][][][][][][][][][][][][][][][][] 
 []


Overfull \hbox (27.85587pt too wide) in paragraph at lines 1216--1217
[][][][][][][][][][][][][][][][][][][][][] 
 []


Overfull \hbox (27.85587pt too wide) in paragraph at lines 1217--1218
[][][][][][][][][][][][][][][][][][][][][] 
 []


Overfull \hbox (27.85587pt too wide) in paragraph at lines 1218--1219
[][][][][][][][][][][][][][][][][][][][][] 
 []


Overfull \hbox (27.85587pt too wide) in paragraph at lines 1219--1220
[][][][][][][][][][][][][][][][][][][][][] 
 []


Overfull \hbox (27.85587pt too wide) in paragraph at lines 1220--1221
[][][][][][][][][][][][][][][][][][][][][] 
 []


Overfull \hbox (27.85587pt too wide) in paragraph at lines 1221--1222
[][][][][][][][][][][][][][][][][][][][][] 
 []


Overfull \hbox (27.85587pt too wide) in paragraph at lines 1222--1223
[][][][][][][][][][][][][][][][][][][][][] 
 []


Overfull \hbox (27.85587pt too wide) in paragraph at lines 1223--1224
[][][][][][][][][][][][][][][][][][][][][] 
 []


Overfull \hbox (27.85587pt too wide) in paragraph at lines 1224--1225
[][][][][][][][][][][][][][][][][][][][][] 
 []


Overfull \hbox (27.85587pt too wide) in paragraph at lines 1225--1226
[][][][][][][][][][][][][][][][][][][][][] 
 []


Overfull \hbox (27.85587pt too wide) in paragraph at lines 1226--1227
[][][][][][][][][][][][][][][][][][][][][] 
 []


Overfull \hbox (27.85587pt too wide) in paragraph at lines 1227--1228
[][][][][][][][][][][][][][][][][][][][][] 
 []


Overfull \hbox (27.85587pt too wide) in paragraph at lines 1228--1229
[][][][][][][][][][][][][][][][][][][][][] 
 []


Overfull \hbox (27.85587pt too wide) in paragraph at lines 1229--1230
[][][][][][][][][][][][][][][][][][][][][] 
 []


Overfull \hbox (27.85587pt too wide) in paragraph at lines 1230--1231
[][][][][][][][][][][][][][][][][][][][][] 
 []


Overfull \hbox (27.85587pt too wide) in paragraph at lines 1231--1232
[][][][][][][][][][][][][][][][][][][][][] 
 []


Overfull \hbox (27.85587pt too wide) in paragraph at lines 1232--1233
[][][][][][][][][][][][][][][][][][][][][] 
 []


Overfull \hbox (27.85587pt too wide) in paragraph at lines 1233--1234
[][][][][][][][][][][][][][][][][][][][][] 
 []


Overfull \hbox (27.85587pt too wide) in paragraph at lines 1234--1235
[][][][][][][][][][][][][][][][][][][][][] 
 []


Overfull \hbox (27.85587pt too wide) in paragraph at lines 1235--1236
[][][][][][][][][][][][][][][][][][][][][] 
 []


Overfull \hbox (27.85587pt too wide) in paragraph at lines 1236--1237
[][][][][][][][][][][][][][][][][][][][][] 
 []


Overfull \hbox (27.85587pt too wide) in paragraph at lines 1237--1238
[][][][][][][][][][][][][][][][][][][][][] 
 []


Overfull \hbox (27.85587pt too wide) in paragraph at lines 1238--1239
[][][][][][][][][][][][][][][][][][][][][] 
 []


Overfull \hbox (27.85587pt too wide) in paragraph at lines 1239--1240
[][][][][][][][][][][][][][][][][][][][][] 
 []


Overfull \hbox (27.85587pt too wide) in paragraph at lines 1240--1241
[][][][][][][][][][][][][][][][][][][][][] 
 []



[31]
Overfull \hbox (27.85587pt too wide) in paragraph at lines 1241--1242
[][][][][][][][][][][][][][][][][][][][][] 
 []


Overfull \hbox (27.85587pt too wide) in paragraph at lines 1242--1243
[][][][][][][][][][][][][][][][][][][][][] 
 []


Overfull \hbox (27.85587pt too wide) in paragraph at lines 1243--1244
[][][][][][][][][][][][][][][][][][][][][] 
 []


Overfull \hbox (27.85587pt too wide) in paragraph at lines 1244--1245
[][][][][][][][][][][][][][][][][][][][][] 
 []


Overfull \hbox (27.85587pt too wide) in paragraph at lines 1245--1246
[][][][][][][][][][][][][][][][][][][][][] 
 []


Overfull \hbox (27.85587pt too wide) in paragraph at lines 1246--1247
[][][][][][][][][][][][][][][][][][][][][] 
 []


Overfull \hbox (27.85587pt too wide) in paragraph at lines 1247--1248
[][][][][][][][][][][][][][][][][][][][][] 
 []


Overfull \hbox (27.85587pt too wide) in paragraph at lines 1248--1249
[][][][][][][][][][][][][][][][][][][][][] 
 []


Overfull \hbox (27.85587pt too wide) in paragraph at lines 1249--1250
[][][][][][][][][][][][][][][][][][][][][] 
 []


Overfull \hbox (27.85587pt too wide) in paragraph at lines 1250--1251
[][][][][][][][][][][][][][][][][][][][][] 
 []


Overfull \hbox (27.85587pt too wide) in paragraph at lines 1251--1252
[][][][][][][][][][][][][][][][][][][][][] 
 []


Overfull \hbox (27.85587pt too wide) in paragraph at lines 1252--1253
[][][][][][][][][][][][][][][][][][][][][] 
 []


Overfull \hbox (27.85587pt too wide) in paragraph at lines 1253--1254
[][][][][][][][][][][][][][][][][][][][][] 
 []


Overfull \hbox (27.85587pt too wide) in paragraph at lines 1254--1255
[][][][][][][][][][][][][][][][][][][][][] 
 []


Overfull \hbox (27.85587pt too wide) in paragraph at lines 1255--1256
[][][][][][][][][][][][][][][][][][][][][] 
 []


Overfull \hbox (27.85587pt too wide) in paragraph at lines 1256--1257
[][][][][][][][][][][][][][][][][][][][][] 
 []


Overfull \hbox (27.85587pt too wide) in paragraph at lines 1257--1258
[][][][][][][][][][][][][][][][][][][][][] 
 []


Overfull \hbox (27.85587pt too wide) in paragraph at lines 1258--1259
[][][][][][][][][][][][][][][][][][][][][] 
 []


Overfull \hbox (27.85587pt too wide) in paragraph at lines 1259--1260
[][][][][][][][][][][][][][][][][][][][][] 
 []


Overfull \hbox (27.85587pt too wide) in paragraph at lines 1260--1261
[][][][][][][][][][][][][][][][][][][][][] 
 []


Overfull \hbox (27.85587pt too wide) in paragraph at lines 1261--1262
[][][][][][][][][][][][][][][][][][][][][] 
 []


Overfull \hbox (27.85587pt too wide) in paragraph at lines 1262--1263
[][][][][][][][][][][][][][][][][][][][][] 
 []


Overfull \hbox (27.85587pt too wide) in paragraph at lines 1263--1264
[][][][][][][][][][][][][][][][][][][][][] 
 []


Overfull \hbox (27.85587pt too wide) in paragraph at lines 1264--1265
[][][][][][][][][][][][][][][][][][][][][] 
 []


Overfull \hbox (27.85587pt too wide) in paragraph at lines 1265--1266
[][][][][][][][][][][][][][][][][][][][][] 
 []


Overfull \hbox (27.85587pt too wide) in paragraph at lines 1266--1267
[][][][][][][][][][][][][][][][][][][][][] 
 []


Overfull \hbox (27.85587pt too wide) in paragraph at lines 1267--1268
[][][][][][][][][][][][][][][][][][][][][] 
 []


Overfull \hbox (27.85587pt too wide) in paragraph at lines 1268--1269
[][][][][][][][][][][][][][][][][][][][][] 
 []


Overfull \hbox (27.85587pt too wide) in paragraph at lines 1269--1270
[][][][][][][][][][][][][][][][][][][][][] 
 []


Overfull \hbox (27.85587pt too wide) in paragraph at lines 1270--1271
[][][][][][][][][][][][][][][][][][][][][] 
 []


Overfull \hbox (27.85587pt too wide) in paragraph at lines 1271--1272
[][][][][][][][][][][][][][][][][][][][][] 
 []


Overfull \hbox (27.85587pt too wide) in paragraph at lines 1272--1273
[][][][][][][][][][][][][][][][][][][][][] 
 []


Overfull \hbox (27.85587pt too wide) in paragraph at lines 1273--1274
[][][][][][][][][][][][][][][][][][][][][] 
 []


Overfull \hbox (27.85587pt too wide) in paragraph at lines 1274--1275
[][][][][][][][][][][][][][][][][][][][][] 
 []


Overfull \hbox (27.85587pt too wide) in paragraph at lines 1275--1276
[][][][][][][][][][][][][][][][][][][][][] 
 []


Overfull \hbox (27.85587pt too wide) in paragraph at lines 1276--1277
[][][][][][][][][][][][][][][][][][][][][] 
 []


Overfull \hbox (27.85587pt too wide) in paragraph at lines 1277--1278
[][][][][][][][][][][][][][][][][][][][][] 
 []


Overfull \hbox (27.85587pt too wide) in paragraph at lines 1278--1279
[][][][][][][][][][][][][][][][][][][][][] 
 []


Overfull \hbox (27.85587pt too wide) in paragraph at lines 1279--1280
[][][][][][][][][][][][][][][][][][][][][] 
 []



[32]
Overfull \hbox (27.85587pt too wide) in paragraph at lines 1280--1281
[][][][][][][][][][][][][][][][][][][][][] 
 []


Overfull \hbox (27.85587pt too wide) in paragraph at lines 1281--1282
[][][][][][][][][][][][][][][][][][][][][] 
 []


Overfull \hbox (27.85587pt too wide) in paragraph at lines 1282--1283
[][][][][][][][][][][][][][][][][][][][][] 
 []


Overfull \hbox (27.85587pt too wide) in paragraph at lines 1283--1285
[][][][][][][][][][][][][][][][][][][][][] 
 []



[33]

[34]

[35]

[36]

[37]

[38]

[39]

[40]

[41]

[42]

[43]

[44]

[45]

[46]

[47]

[48]

[49]

[50]

[51]

[52]

[53]

[54]

[55]

[56]

[57]

[58]

[59]
Overfull \hbox (6.25563pt too wide) in paragraph at lines 2356--2357
[][][][][][][][][][][][][][][][][][] 
 []



[60] (./19周组会.aux)
 ***********
LaTeX2e <2024-11-01> patch level 2
L3 programming layer <2022/08/05>
 ***********


Package rerunfilecheck Warning: File `19周组会.out' has changed.
(rerunfilecheck)                Rerun to get outlines right
(rerunfilecheck)                or use package `bookmark'.

Package rerunfilecheck Info: Checksums for `19周组会.out':
(rerunfilecheck)             Before: 40C8153DFE19CB1BC62F5310CB5F7228;349
(rerunfilecheck)             After:  68CB4BEC3B2E88E13582EF77433E7519;542.
 ) 
Here is how much of TeX's memory you used:
 29760 strings out of 473832
 641265 string characters out of 5733158
 1202259 words of memory out of 5000000
 52344 multiletter control sequences out of 15000+600000
 560983 words of font info for 57 fonts, out of 8000000 for 9000
 1348 hyphenation exceptions out of 8191
 93i,6n,111p,450b,1658s stack positions out of 10000i,1000n,20000p,200000b,200000s

Output written on 19周组会.pdf (60 pages).
