tech,cell_type,cell_name,from_pin,to_pin,pol,voltage,temp,delay,wp_sum,wn_sum,slew,cap,log_slew,log_cap,req_p,req_n,rc_p,rc_n,req_eff,rc_eff,wp_over_wn,pn_balance,is_inv,stack_pd,inv_v,inv_temp,is_labeled
ASAP7,AND3X4,AND3x4_ASAP7_6t_L,C,Y,rise,0.7,25.0,87.8009,-0.4225081990138475,-0.26760623937278244,2.301029995666153,-1.336487520160051,2.301029995666153,-1.336487520160051,0.4225082003269381,0.26760624041155046,-0.9139793258594977,-1.0688812843184246,0.4225082003269381,-0.9139793258594977,0.7,-0.17647058823529424,0,1,1.4285714285714286,0.04,1
ASAP7,AND4X2,AND4x2_ASAP7_6t_L,B,Y,fall,0.7,25.0,34.7238,-0.48945498845297275,-0.48945498845297275,1.6989700043447047,-2.239577441178447,1.6989700043447047,-2.239577441178447,0.4894549899340993,0.4894549899340993,-1.7501225023543363,-1.7501225023543363,0.4894549899340993,-1.7501225023543363,1.0,0.0,0,1,1.4285714285714286,0.04,1
ASAP7,OR3X1,OR3x1_ASAP7_6t_L,C,Y,fall,0.7,25.0,33.292,-0.6655462468384465,-0.6655462468384465,1.6989700043447047,-2.8416372063114648,1.6989700043447047,-2.8416372063114648,0.6655462489428767,0.6655462489428767,-2.176091193911514,-2.176091193911514,0.6655462489428767,-2.176091193911514,1.0,0.0,0,1,1.4285714285714286,0.04,1
ASAP7,NOR3X2,NOR3x2_ASAP7_6t_L,B,Y,rise,0.7,25.0,283.448,-0.012333734626920325,-0.48945498845297275,2.6020599913290483,-1.0354575292084665,2.6020599913290483,-1.0354575292084665,0.012333735495859591,0.4894549899340993,-1.0231237942666884,-0.5460025426006588,0.012333735495859591,-1.0231237942666884,3.0000000000000004,0.5,0,1,1.4285714285714286,0.04,1
ASAP7,NAND3X2,NAND3x2_ASAP7_6t_L,B,Y,rise,0.7,25.0,34.3218,-0.48945498845297275,-0.012333734626920325,1.6989700043447047,-2.239577441178447,1.6989700043447047,-2.239577441178447,0.4894549899340993,0.012333735495859591,-1.7501225023543363,-2.227243708215875,0.4894549899340993,-1.7501225023543363,0.33333333333333326,-0.5,0,1,1.4285714285714286,0.04,1
ASAP7,AND4X1,AND4x1_ASAP7_6t_L,C,Y,rise,0.7,25.0,27.1235,-0.5686362342325145,-0.5686362342325145,1.0969100130428,-3.14266690038237,1.0969100130428,-3.14266690038237,0.5686362359582722,0.5686362359582722,-2.5740311048673186,-2.5740311048673186,0.5686362359582722,-2.5740311048673186,1.0,0.0,0,1,1.4285714285714286,0.04,1
ASAP7,AND2X4,AND2x4_ASAP7_6t_L,B,Y,fall,0.7,25.0,72.2882,-0.3645162521797766,-0.3645162521797766,2.0000000000043427,-1.336487520160051,2.0000000000043427,-1.336487520160051,0.3645162533727032,0.3645162533727032,-0.9719712723282457,-0.9719712723282457,0.3645162533727032,-0.9719712723282457,1.0,0.0,0,1,1.4285714285714286,0.04,1
ASAP7,AND4X2,AND4x2_ASAP7_6t_L,A,Y,rise,0.7,25.0,145.235,-0.48945498845297275,-0.48945498845297275,1.0969100130428,-1.336487520160051,1.0969100130428,-1.336487520160051,0.4894549899340993,0.4894549899340993,-0.8470325367378235,-0.8470325367378235,0.4894549899340993,-0.8470325367378235,1.0,0.0,0,1,1.4285714285714286,0.04,1
ASAP7,NAND3X2,NAND3x2_ASAP7_6t_L,C,Y,rise,0.7,25.0,65.7461,-0.48945498845297275,-0.012333734626920325,2.301029995666153,-2.239577441178447,2.301029995666153,-2.239577441178447,0.4894549899340993,0.012333735495859591,-1.7501225023543363,-2.227243708215875,0.4894549899340993,-1.7501225023543363,0.33333333333333326,-0.5,0,1,1.4285714285714286,0.04,1
ASAP7,BUFX2,BUFx2_ASAP7_6t_L,A,Y,fall,0.7,25.0,142.878,-0.8696662282879977,-0.8696662282879977,2.301029995666153,-1.336487520160051,2.301029995666153,-1.336487520160051,0.8696662315636237,0.8696662315636237,-0.4668212968075034,-0.4668212968075034,0.8696662315636237,-0.4668212968075034,1.0,0.0,0,1,1.4285714285714286,0.04,1
ASAP7,NAND3X1,NAND3x1_ASAP7_6t_L,B,Y,fall,0.7,25.0,43.0126,-0.7904849827765389,-0.31336372984409655,2.6020599913290483,-2.239577441178447,2.6020599913290483,-2.239577441178447,0.7904849855277247,0.31336373094877373,-1.4490925189048869,-1.926213749195486,0.31336373094877373,-1.926213749195486,0.3333333333333333,-0.4999999999999999,0,1,1.4285714285714286,0.04,1
ASAP7,AND4X2,AND4x2_ASAP7_6t_L,D,Y,rise,0.7,25.0,49.1591,-0.48945498845297275,-0.48945498845297275,2.6020599913290483,-2.5406073614441,2.6020599913290483,-2.5406073614441,0.4894549899340993,0.4894549899340993,-2.051152473589255,-2.051152473589255,0.4894549899340993,-2.051152473589255,1.0,0.0,0,1,1.4285714285714286,0.04,1
ASAP7,NAND3X2,NAND3x2_ASAP7_6t_L,C,Y,rise,0.7,25.0,19.4332,-0.48945498845297275,-0.012333734626920325,1.0969100130428,-2.5406073614441,1.0969100130428,-2.5406073614441,0.4894549899340993,0.012333735495859591,-2.051152473589255,-2.528273630592681,0.4894549899340993,-2.051152473589255,0.33333333333333326,-0.5,0,1,1.4285714285714286,0.04,1
ASAP7,AND4X2,AND4x2_ASAP7_6t_L,A,Y,fall,0.7,25.0,27.3112,-0.48945498845297275,-0.48945498845297275,1.6989700043447047,-2.5406073614441,1.6989700043447047,-2.5406073614441,0.4894549899340993,0.4894549899340993,-2.051152473589255,-2.051152473589255,0.4894549899340993,-2.051152473589255,1.0,0.0,0,1,1.4285714285714286,0.04,1
ASAP7,OR4X2,OR4x2_ASAP7_6t_L,C,Y,fall,0.7,25.0,255.262,-0.48945498845297275,-0.48945498845297275,2.301029995666153,-1.0354575292084665,2.301029995666153,-1.0354575292084665,0.4894549899340993,0.4894549899340993,-0.5460025426006588,-0.5460025426006588,0.4894549899340993,-0.5460025426006588,1.0,0.0,0,1,1.4285714285714286,0.04,1
ASAP7,BUFX8,BUFx8_ASAP7_6t_L,A,Y,fall,0.7,25.0,21.7211,-0.26760623937278244,-0.26760623937278244,0.7958800174135623,-1.9385474832136347,0.7958800174135623,-1.9385474832136347,0.26760624041155046,0.26760624041155046,-1.670941260378222,-1.670941260378222,0.26760624041155046,-1.670941260378222,1.0,0.0,0,1,1.4285714285714286,0.04,1
ASAP7,INVX2,INVx2_ASAP7_6t_L,A,Y,fall,0.7,25.0,283.464,-0.9665762404918051,-0.9665762404918051,2.6020599913290483,-1.0354575292084665,2.6020599913290483,-1.0354575292084665,0.9665762445599542,0.9665762445599542,-0.06888128889887407,-0.06888128889887407,0.9665762445599542,-0.06888128889887407,1.0,0.0,1,1,1.4285714285714286,0.04,1
ASAP7,AND3X4,AND3x4_ASAP7_6t_L,A,Y,fall,0.7,25.0,99.3006,-0.4225081990138475,-0.26760623937278244,2.301029995666153,-1.336487520160051,2.301029995666153,-1.336487520160051,0.4225082003269381,0.26760624041155046,-0.9139793258594977,-1.0688812843184246,0.26760624041155046,-1.0688812843184246,0.7,-0.17647058823529424,0,1,1.4285714285714286,0.04,1
ASAP7,NAND3X2,NAND3x2_ASAP7_6t_L,B,Y,fall,0.7,25.0,45.0026,-0.48945498845297275,-0.012333734626920325,1.0969100130428,-1.637517506399239,1.0969100130428,-1.637517506399239,0.4894549899340993,0.012333735495859591,-1.1480625293481717,-1.6251837718533022,0.012333735495859591,-1.6251837718533022,0.33333333333333326,-0.5,0,1,1.4285714285714286,0.04,1
ASAP7,INVX8,INVx8_ASAP7_6t_L,A,Y,rise,0.7,25.0,43.208,-0.3645162521797766,-0.3645162521797766,1.6989700043447047,-1.336487520160051,1.6989700043447047,-1.336487520160051,0.3645162533727032,0.3645162533727032,-0.9719712723282457,-0.9719712723282457,0.3645162533727032,-0.9719712723282457,1.0,0.0,1,1,1.4285714285714286,0.04,1
ASAP7,AND3X1,AND3x1_ASAP7_6t_L,B,Y,fall,0.7,25.0,17.9962,-0.6655462468384465,-0.6655462468384465,1.3979400086894094,-3.14266690038237,1.3979400086894094,-3.14266690038237,0.6655462489428767,0.6655462489428767,-2.4771211244313376,-2.4771211244313376,0.6655462489428767,-2.4771211244313376,1.0,0.0,0,1,1.4285714285714286,0.04,1
ASAP7,AND3X4,AND3x4_ASAP7_6t_L,B,Y,fall,0.7,25.0,151.917,-0.4225081990138475,-0.26760623937278244,2.301029995666153,-1.0354575292084665,2.301029995666153,-1.0354575292084665,0.4225082003269381,0.26760624041155046,-0.6129493319768025,-0.7678512911991375,0.26760624041155046,-0.7678512911991375,0.7,-0.17647058823529424,0,1,1.4285714285714286,0.04,1
ASAP7,AND3X1,AND3x1_ASAP7_6t_L,A,Y,rise,0.7,25.0,24.3851,-0.6655462468384465,-0.6655462468384465,1.3979400086894094,-3.14266690038237,1.3979400086894094,-3.14266690038237,0.6655462489428767,0.6655462489428767,-2.4771211244313376,-2.4771211244313376,0.6655462489428767,-2.4771211244313376,1.0,0.0,0,1,1.4285714285714286,0.04,1
ASAP7,AND3X4,AND3x4_ASAP7_6t_L,B,Y,rise,0.7,25.0,67.8287,-0.4225081990138475,-0.26760623937278244,2.6020599913290483,-1.637517506399239,2.6020599913290483,-1.637517506399239,0.4225082003269381,0.26760624041155046,-1.2150093179609072,-1.3699112748930173,0.4225082003269381,-1.2150093179609072,0.7,-0.17647058823529424,0,1,1.4285714285714286,0.04,1
ASAP7,AND2X4,AND2x4_ASAP7_6t_L,B,Y,fall,0.7,25.0,114.44,-0.3645162521797766,-0.3645162521797766,1.6989700043447047,-1.0354575292084665,1.6989700043447047,-1.0354575292084665,0.3645162533727032,0.3645162533727032,-0.6709412787000198,-0.6709412787000198,0.3645162533727032,-0.6709412787000198,1.0,0.0,0,1,1.4285714285714286,0.04,1
ASAP7,AND4X1,AND4x1_ASAP7_6t_L,C,Y,fall,0.7,25.0,67.9893,-0.5686362342325145,-0.5686362342325145,1.6989700043447047,-1.9385474832136347,1.6989700043447047,-1.9385474832136347,0.5686362359582722,0.5686362359582722,-1.3699112748930173,-1.3699112748930173,0.5686362359582722,-1.3699112748930173,1.0,0.0,0,1,1.4285714285714286,0.04,1
ASAP7,OR2X4,OR2x4_ASAP7_6t_L,A,Y,fall,0.7,25.0,74.6327,-0.48945498845297275,-0.48945498845297275,2.6020599913290483,-2.239577441178447,2.6020599913290483,-2.239577441178447,0.4894549899340993,0.4894549899340993,-1.7501225023543363,-1.7501225023543363,0.4894549899340993,-1.7501225023543363,1.0,0.0,0,1,1.4285714285714286,0.04,1
ASAP7,AND2X4,AND2x4_ASAP7_6t_L,B,Y,rise,0.7,25.0,244.394,-0.3645162521797766,-0.3645162521797766,1.0969100130428,-0.7344275359006837,1.0969100130428,-0.7344275359006837,0.3645162533727032,0.3645162533727032,-0.36991128405391627,-0.36991128405391627,0.3645162533727032,-0.36991128405391627,1.0,0.0,0,1,1.4285714285714286,0.04,1
ASAP7,INVX2,INVx2_ASAP7_6t_L,A,Y,fall,0.7,25.0,10.665,-0.9665762404918051,-0.9665762404918051,1.6989700043447047,-2.8416372063114648,1.6989700043447047,-2.8416372063114648,0.9665762445599542,0.9665762445599542,-1.875061230819615,-1.875061230819615,0.9665762445599542,-1.875061230819615,1.0,0.0,1,1,1.4285714285714286,0.04,1
ASAP7,XOR2X2,XOR2x2_ASAP7_6t_L,B,Y,rise,0.7,25.0,29.9352,-0.4225081990138475,-0.4225081990138475,0.7958800174135623,-2.5406073614441,0.7958800174135623,-2.5406073614441,0.4225082003269381,0.4225082003269381,-2.1180992550768476,-2.1180992550768476,0.4225082003269381,-2.1180992550768476,1.0,0.0,0,1,1.4285714285714286,0.04,1
ASAP7,XOR2X2,XOR2x2_ASAP7_6t_L,A,Y,fall,0.7,25.0,115.137,-0.4225081990138475,-0.4225081990138475,0.7958800174135623,-1.336487520160051,0.7958800174135623,-1.336487520160051,0.4225082003269381,0.4225082003269381,-0.9139793258594977,-0.9139793258594977,0.4225082003269381,-0.9139793258594977,1.0,0.0,0,1,1.4285714285714286,0.04,1
ASAP7,AND3X4,AND3x4_ASAP7_6t_L,A,Y,fall,0.7,25.0,38.9289,-0.4225081990138475,-0.26760623937278244,2.0000000000043427,-2.5406073614441,2.0000000000043427,-2.5406073614441,0.4225082003269381,0.26760624041155046,-2.1180992550768476,-2.27300119063353,0.26760624041155046,-2.27300119063353,0.7,-0.17647058823529424,0,1,1.4285714285714286,0.04,1
ASAP7,OR3X2,OR3x2_ASAP7_6t_L,B,Y,fall,0.7,25.0,129.498,-0.5686362342325145,-0.5686362342325145,1.3979400086894094,-1.336487520160051,1.3979400086894094,-1.336487520160051,0.5686362359582722,0.5686362359582722,-0.7678512911991375,-0.7678512911991375,0.5686362359582722,-0.7678512911991375,1.0,0.0,0,1,1.4285714285714286,0.04,1
ASAP7,OR3X2,OR3x2_ASAP7_6t_L,A,Y,fall,0.7,25.0,86.7581,-0.5686362342325145,-0.5686362342325145,1.6989700043447047,-1.637517506399239,1.6989700043447047,-1.637517506399239,0.5686362359582722,0.5686362359582722,-1.0688812843184246,-1.0688812843184246,0.5686362359582722,-1.0688812843184246,1.0,0.0,0,1,1.4285714285714286,0.04,1
ASAP7,OR4X2,OR4x2_ASAP7_6t_L,D,Y,fall,0.7,25.0,93.1905,-0.48945498845297275,-0.48945498845297275,1.3979400086894094,-1.637517506399239,1.3979400086894094,-1.637517506399239,0.4894549899340993,0.4894549899340993,-1.1480625293481717,-1.1480625293481717,0.4894549899340993,-1.1480625293481717,1.0,0.0,0,1,1.4285714285714286,0.04,1
ASAP7,BUFX8,BUFx8_ASAP7_6t_L,A,Y,rise,0.7,25.0,24.8215,-0.26760623937278244,-0.26760623937278244,1.6989700043447047,-2.239577441178447,1.6989700043447047,-2.239577441178447,0.26760624041155046,0.26760624041155046,-1.9719712356846508,-1.9719712356846508,0.26760624041155046,-1.9719712356846508,1.0,0.0,0,1,1.4285714285714286,0.04,1
ASAP7,AND4X1,AND4x1_ASAP7_6t_L,B,Y,rise,0.7,25.0,54.017,-0.5686362342325145,-0.5686362342325145,1.0969100130428,-2.239577441178447,1.0969100130428,-2.239577441178447,0.5686362359582722,0.5686362359582722,-1.670941260378222,-1.670941260378222,0.5686362359582722,-1.670941260378222,1.0,0.0,0,1,1.4285714285714286,0.04,1
ASAP7,XOR2X2,XOR2x2_ASAP7_6t_L,B,Y,fall,0.7,25.0,60.4754,-0.4225081990138475,-0.4225081990138475,2.301029995666153,-2.239577441178447,2.301029995666153,-2.239577441178447,0.4225082003269381,0.4225082003269381,-1.817069287913439,-1.817069287913439,0.4225082003269381,-1.817069287913439,1.0,0.0,0,1,1.4285714285714286,0.04,1
ASAP7,NOR3X2,NOR3x2_ASAP7_6t_L,A,Y,rise,0.7,25.0,23.9707,-0.012333734626920325,-0.48945498845297275,2.0000000000043427,-2.5406073614441,2.0000000000043427,-2.5406073614441,0.012333735495859591,0.4894549899340993,-2.528273630592681,-2.051152473589255,0.012333735495859591,-2.528273630592681,3.0000000000000004,0.5,0,1,1.4285714285714286,0.04,1
ASAP7,NAND2X1,NAND2x1_ASAP7_6t_L,A,Y,rise,0.7,25.0,256.631,-0.9665762404918051,-0.6655462468384465,2.0000000000043427,-1.336487520160051,2.0000000000043427,-1.336487520160051,0.9665762445599542,0.6655462489428767,-0.3699112840539164,-0.67094127870002,0.9665762445599542,-0.3699112840539164,0.5,-0.3333333333333333,0,1,1.4285714285714286,0.04,1
ASAP7,NAND2X1,NAND2x1_ASAP7_6t_L,A,Y,fall,0.7,25.0,25.599,-0.9665762404918051,-0.6655462468384465,1.0969100130428,-2.239577441178447,1.0969100130428,-2.239577441178447,0.9665762445599542,0.6655462489428767,-1.2730012639207162,-1.574031251441676,0.6655462489428767,-1.574031251441676,0.5,-0.3333333333333333,0,1,1.4285714285714286,0.04,1
ASAP7,OR4X1,OR4x1_ASAP7_6t_L,A,Y,fall,0.7,25.0,43.3483,-0.5686362342325145,-0.5686362342325145,1.3979400086894094,-2.5406073614441,1.3979400086894094,-2.5406073614441,0.5686362359582722,0.5686362359582722,-1.9719712356846508,-1.9719712356846508,0.5686362359582722,-1.9719712356846508,1.0,0.0,0,1,1.4285714285714286,0.04,1
ASAP7,OR4X1,OR4x1_ASAP7_6t_L,A,Y,fall,0.7,25.0,54.1973,-0.5686362342325145,-0.5686362342325145,1.0969100130428,-2.239577441178447,1.0969100130428,-2.239577441178447,0.5686362359582722,0.5686362359582722,-1.670941260378222,-1.670941260378222,0.5686362359582722,-1.670941260378222,1.0,0.0,0,1,1.4285714285714286,0.04,1
ASAP7,NOR2X2,NOR2x2_ASAP7_6t_L,A,Y,rise,0.7,25.0,32.6712,-0.3645162521797766,-0.6655462468384465,0.7958800174135623,-1.9385474832136347,0.7958800174135623,-1.9385474832136347,0.3645162533727032,0.6655462489428767,-1.574031251441676,-1.2730012639207162,0.3645162533727032,-1.574031251441676,1.9999999999999998,0.3333333333333333,0,1,1.4285714285714286,0.04,1
ASAP7,OR4X1,OR4x1_ASAP7_6t_L,C,Y,fall,0.7,25.0,81.5156,-0.5686362342325145,-0.5686362342325145,0.7958800174135623,-1.9385474832136347,0.7958800174135623,-1.9385474832136347,0.5686362359582722,0.5686362359582722,-1.3699112748930173,-1.3699112748930173,0.5686362359582722,-1.3699112748930173,1.0,0.0,0,1,1.4285714285714286,0.04,1
ASAP7,AND4X1,AND4x1_ASAP7_6t_L,A,Y,fall,0.7,25.0,81.7926,-0.5686362342325145,-0.5686362342325145,2.6020599913290483,-1.9385474832136347,2.6020599913290483,-1.9385474832136347,0.5686362359582722,0.5686362359582722,-1.3699112748930173,-1.3699112748930173,0.5686362359582722,-1.3699112748930173,1.0,0.0,0,1,1.4285714285714286,0.04,1
ASAP7,BUFX4,BUFx4_ASAP7_6t_L,A,Y,fall,0.7,25.0,121.443,-0.5686362342325145,-0.5686362342325145,1.6989700043447047,-1.0354575292084665,1.6989700043447047,-1.0354575292084665,0.5686362359582722,0.5686362359582722,-0.4668212968075034,-0.4668212968075034,0.5686362359582722,-0.4668212968075034,1.0,0.0,0,1,1.4285714285714286,0.04,1
ASAP7,OR3X4,OR3x4_ASAP7_6t_L,B,Y,fall,0.7,25.0,101.489,-0.4225081990138475,-0.4225081990138475,1.6989700043447047,-1.336487520160051,1.6989700043447047,-1.336487520160051,0.4225082003269381,0.4225082003269381,-0.9139793258594977,-0.9139793258594977,0.4225082003269381,-0.9139793258594977,1.0,0.0,0,1,1.4285714285714286,0.04,1
ASAP7,NAND2X1,NAND2x1_ASAP7_6t_L,B,Y,rise,0.7,25.0,331.746,-0.9665762404918051,-0.6655462468384465,2.6020599913290483,-1.336487520160051,2.6020599913290483,-1.336487520160051,0.9665762445599542,0.6655462489428767,-0.3699112840539164,-0.67094127870002,0.9665762445599542,-0.3699112840539164,0.5,-0.3333333333333333,0,1,1.4285714285714286,0.04,1
ASAP7,XOR2X2,XOR2x2_ASAP7_6t_L,A,Y,rise,0.7,25.0,137.079,-0.4225081990138475,-0.4225081990138475,1.0969100130428,-1.336487520160051,1.0969100130428,-1.336487520160051,0.4225082003269381,0.4225082003269381,-0.9139793258594977,-0.9139793258594977,0.4225082003269381,-0.9139793258594977,1.0,0.0,0,1,1.4285714285714286,0.04,1
ASAP7,NOR3X2,NOR3x2_ASAP7_6t_L,B,Y,rise,0.7,25.0,117.799,-0.012333734626920325,-0.48945498845297275,1.3979400086894094,-1.336487520160051,1.3979400086894094,-1.336487520160051,0.012333735495859591,0.4894549899340993,-1.3241537853502199,-0.8470325367378235,0.012333735495859591,-1.3241537853502199,3.0000000000000004,0.5,0,1,1.4285714285714286,0.04,1
ASAP7,OR4X2,OR4x2_ASAP7_6t_L,D,Y,fall,0.7,25.0,140.901,-0.48945498845297275,-0.48945498845297275,1.3979400086894094,-1.336487520160051,1.3979400086894094,-1.336487520160051,0.4894549899340993,0.4894549899340993,-0.8470325367378235,-0.8470325367378235,0.4894549899340993,-0.8470325367378235,1.0,0.0,0,1,1.4285714285714286,0.04,1
ASAP7,NAND3X1,NAND3x1_ASAP7_6t_L,A,Y,rise,0.7,25.0,235.391,-0.7904849827765389,-0.31336372984409655,1.0969100130428,-1.336487520160051,1.0969100130428,-1.336487520160051,0.7904849855277247,0.31336373094877373,-0.5460025426006588,-1.0231237942666882,0.7904849855277247,-0.5460025426006588,0.3333333333333333,-0.4999999999999999,0,1,1.4285714285714286,0.04,1
ASAP7,NOR3X1,NOR3x1_ASAP7_6t_L,B,Y,rise,0.7,25.0,221.363,-0.31336372984409655,-0.7904849827765389,1.0969100130428,-1.336487520160051,1.0969100130428,-1.336487520160051,0.31336373094877373,0.7904849855277247,-1.0231237942666882,-0.5460025426006588,0.31336373094877373,-1.0231237942666882,3.0,0.4999999999999999,0,1,1.4285714285714286,0.04,1
ASAP7,AND3X2,AND3x2_ASAP7_6t_L,B,Y,rise,0.7,25.0,30.0754,-0.5686362342325145,-0.5686362342325145,0.7958800174135623,-2.5406073614441,0.7958800174135623,-2.5406073614441,0.5686362359582722,0.5686362359582722,-1.9719712356846508,-1.9719712356846508,0.5686362359582722,-1.9719712356846508,1.0,0.0,0,1,1.4285714285714286,0.04,1
ASAP7,NOR3X1,NOR3x1_ASAP7_6t_L,A,Y,rise,0.7,25.0,60.182,-0.31336372984409655,-0.7904849827765389,1.0969100130428,-1.9385474832136347,1.0969100130428,-1.9385474832136347,0.31336373094877373,0.7904849855277247,-1.6251837718533022,-1.1480625293481717,0.31336373094877373,-1.6251837718533022,3.0,0.4999999999999999,0,1,1.4285714285714286,0.04,1
ASAP7,OR3X2,OR3x2_ASAP7_6t_L,A,Y,fall,0.7,25.0,110.087,-0.5686362342325145,-0.5686362342325145,2.6020599913290483,-1.9385474832136347,2.6020599913290483,-1.9385474832136347,0.5686362359582722,0.5686362359582722,-1.3699112748930173,-1.3699112748930173,0.5686362359582722,-1.3699112748930173,1.0,0.0,0,1,1.4285714285714286,0.04,1
ASAP7,OR3X4,OR3x4_ASAP7_6t_L,B,Y,fall,0.7,25.0,95.8815,-0.4225081990138475,-0.4225081990138475,1.0969100130428,-1.336487520160051,1.0969100130428,-1.336487520160051,0.4225082003269381,0.4225082003269381,-0.9139793258594977,-0.9139793258594977,0.4225082003269381,-0.9139793258594977,1.0,0.0,0,1,1.4285714285714286,0.04,1
ASAP7,NOR2X1,NOR2x1_ASAP7_6t_L,B,Y,rise,0.7,25.0,218.803,-0.6655462468384465,-0.9665762404918051,0.7958800174135623,-1.336487520160051,0.7958800174135623,-1.336487520160051,0.6655462489428767,0.9665762445599542,-0.67094127870002,-0.3699112840539164,0.6655462489428767,-0.67094127870002,2.0,0.3333333333333333,0,1,1.4285714285714286,0.04,1
ASAP7,AND3X4,AND3x4_ASAP7_6t_L,C,Y,fall,0.7,25.0,216.543,-0.4225081990138475,-0.26760623937278244,1.0969100130428,-0.7344275359006837,1.0969100130428,-0.7344275359006837,0.4225082003269381,0.26760624041155046,-0.31191933720346426,-0.4668212968075034,0.26760624041155046,-0.4668212968075034,0.7,-0.17647058823529424,0,1,1.4285714285714286,0.04,1
ASAP7,OR2X2,OR2x2_ASAP7_6t_L,B,Y,rise,0.7,25.0,64.8025,-0.6655462468384465,-0.7904849827765389,2.6020599913290483,-2.239577441178447,2.6020599913290483,-2.239577441178447,0.6655462489428767,0.7904849855277247,-1.574031251441676,-1.4490925189048869,0.6655462489428767,-1.574031251441676,1.3333333333333335,0.14285714285714285,0,1,1.4285714285714286,0.04,1
ASAP7,AND3X4,AND3x4_ASAP7_6t_L,C,Y,rise,0.7,25.0,34.238,-0.4225081990138475,-0.26760623937278244,2.0000000000043427,-2.239577441178447,2.0000000000043427,-2.239577441178447,0.4225082003269381,0.26760624041155046,-1.817069287913439,-1.9719712356846508,0.4225082003269381,-1.817069287913439,0.7,-0.17647058823529424,0,1,1.4285714285714286,0.04,1
ASAP7,XOR2X2,XOR2x2_ASAP7_6t_L,B,Y,fall,0.7,25.0,49.0179,-0.4225081990138475,-0.4225081990138475,2.301029995666153,-2.8416372063114648,2.301029995666153,-2.8416372063114648,0.4225082003269381,0.4225082003269381,-2.419129193739689,-2.419129193739689,0.4225082003269381,-2.419129193739689,1.0,0.0,0,1,1.4285714285714286,0.04,1
ASAP7,NAND2X2,NAND2x2_ASAP7_6t_L,B,Y,fall,0.7,25.0,48.0465,-0.6655462468384465,-0.3645162521797766,1.3979400086894094,-1.637517506399239,1.3979400086894094,-1.637517506399239,0.6655462489428767,0.3645162533727032,-0.9719712723282458,-1.2730012639207162,0.3645162533727032,-1.2730012639207162,0.5000000000000001,-0.3333333333333333,0,1,1.4285714285714286,0.04,1
ASAP7,AND3X2,AND3x2_ASAP7_6t_L,B,Y,fall,0.7,25.0,38.9942,-0.5686362342325145,-0.5686362342325145,1.0969100130428,-1.9385474832136347,1.0969100130428,-1.9385474832136347,0.5686362359582722,0.5686362359582722,-1.3699112748930173,-1.3699112748930173,0.5686362359582722,-1.3699112748930173,1.0,0.0,0,1,1.4285714285714286,0.04,1
ASAP7,OR4X1,OR4x1_ASAP7_6t_L,D,Y,rise,0.7,25.0,71.8077,-0.5686362342325145,-0.5686362342325145,1.3979400086894094,-1.9385474832136347,1.3979400086894094,-1.9385474832136347,0.5686362359582722,0.5686362359582722,-1.3699112748930173,-1.3699112748930173,0.5686362359582722,-1.3699112748930173,1.0,0.0,0,1,1.4285714285714286,0.04,1
ASAP7,NAND2X2,NAND2x2_ASAP7_6t_L,B,Y,fall,0.7,25.0,87.9593,-0.6655462468384465,-0.3645162521797766,1.3979400086894094,-1.336487520160051,1.3979400086894094,-1.336487520160051,0.6655462489428767,0.3645162533727032,-0.67094127870002,-0.9719712723282457,0.3645162533727032,-0.9719712723282457,0.5000000000000001,-0.3333333333333333,0,1,1.4285714285714286,0.04,1
ASAP7,OR3X2,OR3x2_ASAP7_6t_L,C,Y,rise,0.7,25.0,17.0543,-0.5686362342325145,-0.5686362342325145,1.0969100130428,-2.8416372063114648,1.0969100130428,-2.8416372063114648,0.5686362359582722,0.5686362359582722,-2.27300119063353,-2.27300119063353,0.5686362359582722,-2.27300119063353,1.0,0.0,0,1,1.4285714285714286,0.04,1
ASAP7,AND3X2,AND3x2_ASAP7_6t_L,B,Y,fall,0.7,25.0,226.286,-0.5686362342325145,-0.5686362342325145,2.301029995666153,-1.0354575292084665,2.301029995666153,-1.0354575292084665,0.5686362359582722,0.5686362359582722,-0.4668212968075034,-0.4668212968075034,0.5686362359582722,-0.4668212968075034,1.0,0.0,0,1,1.4285714285714286,0.04,1
ASAP7,NAND3X2,NAND3x2_ASAP7_6t_L,A,Y,rise,0.7,25.0,144.886,-0.48945498845297275,-0.012333734626920325,2.0000000000043427,-1.336487520160051,2.0000000000043427,-1.336487520160051,0.4894549899340993,0.012333735495859591,-0.8470325367378235,-1.3241537853502199,0.4894549899340993,-0.8470325367378235,0.33333333333333326,-0.5,0,1,1.4285714285714286,0.04,1
ASAP7,BUFX8,BUFx8_ASAP7_6t_L,A,Y,rise,0.7,25.0,258.275,-0.26760623937278244,-0.26760623937278244,2.0000000000043427,-0.4333975414148016,2.0000000000043427,-0.4333975414148016,0.26760624041155046,0.26760624041155046,-0.16579130177969584,-0.16579130177969584,0.26760624041155046,-0.16579130177969584,1.0,0.0,0,1,1.4285714285714286,0.04,1
ASAP7,NAND3X2,NAND3x2_ASAP7_6t_L,A,Y,rise,0.7,25.0,32.2566,-0.48945498845297275,-0.012333734626920325,1.6989700043447047,-2.239577441178447,1.6989700043447047,-2.239577441178447,0.4894549899340993,0.012333735495859591,-1.7501225023543363,-2.227243708215875,0.4894549899340993,-1.7501225023543363,0.33333333333333326,-0.5,0,1,1.4285714285714286,0.04,1
ASAP7,BUFX2,BUFx2_ASAP7_6t_L,A,Y,fall,0.7,25.0,114.752,-0.8696662282879977,-0.8696662282879977,1.0969100130428,-1.336487520160051,1.0969100130428,-1.336487520160051,0.8696662315636237,0.8696662315636237,-0.4668212968075034,-0.4668212968075034,0.8696662315636237,-0.4668212968075034,1.0,0.0,0,1,1.4285714285714286,0.04,1
ASAP7,NAND2X1,NAND2x1_ASAP7_6t_L,A,Y,fall,0.7,25.0,189.288,-0.9665762404918051,-0.6655462468384465,2.301029995666153,-1.336487520160051,2.301029995666153,-1.336487520160051,0.9665762445599542,0.6655462489428767,-0.3699112840539164,-0.67094127870002,0.6655462489428767,-0.67094127870002,0.5,-0.3333333333333333,0,1,1.4285714285714286,0.04,1
ASAP7,AND2X4,AND2x4_ASAP7_6t_L,B,Y,fall,0.7,25.0,18.6106,-0.3645162521797766,-0.3645162521797766,1.0969100130428,-2.239577441178447,1.0969100130428,-2.239577441178447,0.3645162533727032,0.3645162533727032,-1.875061230819615,-1.875061230819615,0.3645162533727032,-1.875061230819615,1.0,0.0,0,1,1.4285714285714286,0.04,1
ASAP7,OR3X2,OR3x2_ASAP7_6t_L,A,Y,rise,0.7,25.0,40.0773,-0.5686362342325145,-0.5686362342325145,0.7958800174135623,-1.9385474832136347,0.7958800174135623,-1.9385474832136347,0.5686362359582722,0.5686362359582722,-1.3699112748930173,-1.3699112748930173,0.5686362359582722,-1.3699112748930173,1.0,0.0,0,1,1.4285714285714286,0.04,1
ASAP7,NOR3X1,NOR3x1_ASAP7_6t_L,B,Y,fall,0.7,25.0,35.532,-0.31336372984409655,-0.7904849827765389,1.3979400086894094,-2.239577441178447,1.3979400086894094,-2.239577441178447,0.31336373094877373,0.7904849855277247,-1.926213749195486,-1.4490925189048869,0.7904849855277247,-1.4490925189048869,3.0,0.4999999999999999,0,1,1.4285714285714286,0.04,1
ASAP7,OR3X2,OR3x2_ASAP7_6t_L,A,Y,rise,0.7,25.0,238.582,-0.5686362342325145,-0.5686362342325145,0.7958800174135623,-1.0354575292084665,0.7958800174135623,-1.0354575292084665,0.5686362359582722,0.5686362359582722,-0.4668212968075034,-0.4668212968075034,0.5686362359582722,-0.4668212968075034,1.0,0.0,0,1,1.4285714285714286,0.04,1
ASAP7,AND3X2,AND3x2_ASAP7_6t_L,A,Y,rise,0.7,25.0,151.537,-0.5686362342325145,-0.5686362342325145,2.0000000000043427,-1.336487520160051,2.0000000000043427,-1.336487520160051,0.5686362359582722,0.5686362359582722,-0.7678512911991375,-0.7678512911991375,0.5686362359582722,-0.7678512911991375,1.0,0.0,0,1,1.4285714285714286,0.04,1
ASAP7,NOR3X1,NOR3x1_ASAP7_6t_L,B,Y,fall,0.7,25.0,19.5507,-0.31336372984409655,-0.7904849827765389,0.7958800174135623,-2.5406073614441,0.7958800174135623,-2.5406073614441,0.31336373094877373,0.7904849855277247,-2.227243708215875,-1.7501225023543363,0.7904849855277247,-1.7501225023543363,3.0,0.4999999999999999,0,1,1.4285714285714286,0.04,1
ASAP7,AND4X1,AND4x1_ASAP7_6t_L,C,Y,rise,0.7,25.0,37.659,-0.5686362342325145,-0.5686362342325145,2.0000000000043427,-2.8416372063114648,2.0000000000043427,-2.8416372063114648,0.5686362359582722,0.5686362359582722,-2.27300119063353,-2.27300119063353,0.5686362359582722,-2.27300119063353,1.0,0.0,0,1,1.4285714285714286,0.04,1
ASAP7,NOR3X2,NOR3x2_ASAP7_6t_L,C,Y,rise,0.7,25.0,26.6404,-0.012333734626920325,-0.48945498845297275,1.6989700043447047,-2.239577441178447,1.6989700043447047,-2.239577441178447,0.012333735495859591,0.4894549899340993,-2.227243708215875,-1.7501225023543363,0.012333735495859591,-2.227243708215875,3.0000000000000004,0.5,0,1,1.4285714285714286,0.04,1
ASAP7,NAND3X2,NAND3x2_ASAP7_6t_L,B,Y,rise,0.7,25.0,113.668,-0.48945498845297275,-0.012333734626920325,2.6020599913290483,-1.9385474832136347,2.6020599913290483,-1.9385474832136347,0.4894549899340993,0.012333735495859591,-1.4490925189048869,-1.926213749195486,0.4894549899340993,-1.4490925189048869,0.33333333333333326,-0.5,0,1,1.4285714285714286,0.04,1
ASAP7,NOR3X1,NOR3x1_ASAP7_6t_L,C,Y,rise,0.7,25.0,61.2505,-0.31336372984409655,-0.7904849827765389,0.7958800174135623,-1.9385474832136347,0.7958800174135623,-1.9385474832136347,0.31336373094877373,0.7904849855277247,-1.6251837718533022,-1.1480625293481717,0.31336373094877373,-1.6251837718533022,3.0,0.4999999999999999,0,1,1.4285714285714286,0.04,1
ASAP7,NOR3X2,NOR3x2_ASAP7_6t_L,B,Y,rise,0.7,25.0,24.106,-0.012333734626920325,-0.48945498845297275,1.3979400086894094,-2.239577441178447,1.3979400086894094,-2.239577441178447,0.012333735495859591,0.4894549899340993,-2.227243708215875,-1.7501225023543363,0.012333735495859591,-2.227243708215875,3.0000000000000004,0.5,0,1,1.4285714285714286,0.04,1
ASAP7,OR3X2,OR3x2_ASAP7_6t_L,B,Y,fall,0.7,25.0,55.1703,-0.5686362342325145,-0.5686362342325145,0.7958800174135623,-1.9385474832136347,0.7958800174135623,-1.9385474832136347,0.5686362359582722,0.5686362359582722,-1.3699112748930173,-1.3699112748930173,0.5686362359582722,-1.3699112748930173,1.0,0.0,0,1,1.4285714285714286,0.04,1
ASAP7,INVX8,INVx8_ASAP7_6t_L,A,Y,fall,0.7,25.0,16.6235,-0.3645162521797766,-0.3645162521797766,1.0969100130428,-1.637517506399239,1.0969100130428,-1.637517506399239,0.3645162533727032,0.3645162533727032,-1.2730012639207162,-1.2730012639207162,0.3645162533727032,-1.2730012639207162,1.0,0.0,1,1,1.4285714285714286,0.04,1
ASAP7,AND2X2,AND2x2_ASAP7_6t_L,B,Y,rise,0.7,25.0,78.9386,-0.7904849827765389,-0.6655462468384465,1.6989700043447047,-1.637517506399239,1.6989700043447047,-1.637517506399239,0.7904849855277247,0.6655462489428767,-0.8470325367378235,-0.9719712723282458,0.7904849855277247,-0.8470325367378235,0.75,-0.14285714285714285,0,1,1.4285714285714286,0.04,1
ASAP7,AND4X1,AND4x1_ASAP7_6t_L,C,Y,rise,0.7,25.0,146.391,-0.5686362342325145,-0.5686362342325145,2.0000000000043427,-1.637517506399239,2.0000000000043427,-1.637517506399239,0.5686362359582722,0.5686362359582722,-1.0688812843184246,-1.0688812843184246,0.5686362359582722,-1.0688812843184246,1.0,0.0,0,1,1.4285714285714286,0.04,1
ASAP7,OR2X2,OR2x2_ASAP7_6t_L,A,Y,fall,0.7,25.0,131.227,-0.6655462468384465,-0.7904849827765389,2.301029995666153,-1.336487520160051,2.301029995666153,-1.336487520160051,0.6655462489428767,0.7904849855277247,-0.67094127870002,-0.5460025426006588,0.7904849855277247,-0.5460025426006588,1.3333333333333335,0.14285714285714285,0,1,1.4285714285714286,0.04,1
ASAP7,OR4X2,OR4x2_ASAP7_6t_L,D,Y,fall,0.7,25.0,42.7376,-0.48945498845297275,-0.48945498845297275,1.6989700043447047,-2.8416372063114648,1.6989700043447047,-2.8416372063114648,0.4894549899340993,0.4894549899340993,-2.352182420395115,-2.352182420395115,0.4894549899340993,-2.352182420395115,1.0,0.0,0,1,1.4285714285714286,0.04,1
ASAP7,AND4X1,AND4x1_ASAP7_6t_L,B,Y,rise,0.7,25.0,27.8267,-0.5686362342325145,-0.5686362342325145,1.3979400086894094,-3.14266690038237,1.3979400086894094,-3.14266690038237,0.5686362359582722,0.5686362359582722,-2.5740311048673186,-2.5740311048673186,0.5686362359582722,-2.5740311048673186,1.0,0.0,0,1,1.4285714285714286,0.04,1
ASAP7,OR3X4,OR3x4_ASAP7_6t_L,B,Y,fall,0.7,25.0,41.5441,-0.4225081990138475,-0.4225081990138475,0.7958800174135623,-2.5406073614441,0.7958800174135623,-2.5406073614441,0.4225082003269381,0.4225082003269381,-2.1180992550768476,-2.1180992550768476,0.4225082003269381,-2.1180992550768476,1.0,0.0,0,1,1.4285714285714286,0.04,1
ASAP7,AND3X1,AND3x1_ASAP7_6t_L,C,Y,rise,0.7,25.0,133.098,-0.6655462468384465,-0.6655462468384465,0.7958800174135623,-1.637517506399239,0.7958800174135623,-1.637517506399239,0.6655462489428767,0.6655462489428767,-0.9719712723282458,-0.9719712723282458,0.6655462489428767,-0.9719712723282458,1.0,0.0,0,1,1.4285714285714286,0.04,1
ASAP7,AND2X2,AND2x2_ASAP7_6t_L,B,Y,fall,0.7,25.0,55.7793,-0.7904849827765389,-0.6655462468384465,2.301029995666153,-2.5406073614441,2.301029995666153,-2.5406073614441,0.7904849855277247,0.6655462489428767,-1.7501225023543363,-1.875061230819615,0.6655462489428767,-1.875061230819615,0.75,-0.14285714285714285,0,1,1.4285714285714286,0.04,1
ASAP7,BUFX4,BUFx4_ASAP7_6t_L,A,Y,fall,0.7,25.0,28.0971,-0.5686362342325145,-0.5686362342325145,1.6989700043447047,-2.5406073614441,1.6989700043447047,-2.5406073614441,0.5686362359582722,0.5686362359582722,-1.9719712356846508,-1.9719712356846508,0.5686362359582722,-1.9719712356846508,1.0,0.0,0,1,1.4285714285714286,0.04,1
ASAP7,NAND3X2,NAND3x2_ASAP7_6t_L,A,Y,rise,0.7,25.0,42.201,-0.48945498845297275,-0.012333734626920325,2.0000000000043427,-2.239577441178447,2.0000000000043427,-2.239577441178447,0.4894549899340993,0.012333735495859591,-1.7501225023543363,-2.227243708215875,0.4894549899340993,-1.7501225023543363,0.33333333333333326,-0.5,0,1,1.4285714285714286,0.04,1
ASAP7,AND4X1,AND4x1_ASAP7_6t_L,A,Y,rise,0.7,25.0,159.906,-0.5686362342325145,-0.5686362342325145,2.301029995666153,-1.637517506399239,2.301029995666153,-1.637517506399239,0.5686362359582722,0.5686362359582722,-1.0688812843184246,-1.0688812843184246,0.5686362359582722,-1.0688812843184246,1.0,0.0,0,1,1.4285714285714286,0.04,1
ASAP7,AND2X2,AND2x2_ASAP7_6t_L,A,Y,fall,0.7,25.0,117.238,-0.7904849827765389,-0.6655462468384465,1.0969100130428,-1.336487520160051,1.0969100130428,-1.336487520160051,0.7904849855277247,0.6655462489428767,-0.5460025426006588,-0.67094127870002,0.6655462489428767,-0.67094127870002,0.75,-0.14285714285714285,0,1,1.4285714285714286,0.04,1
ASAP7,AND3X4,AND3x4_ASAP7_6t_L,B,Y,rise,0.7,25.0,93.3098,-0.4225081990138475,-0.26760623937278244,2.301029995666153,-1.336487520160051,2.301029995666153,-1.336487520160051,0.4225082003269381,0.26760624041155046,-0.9139793258594977,-1.0688812843184246,0.4225082003269381,-0.9139793258594977,0.7,-0.17647058823529424,0,1,1.4285714285714286,0.04,1
ASAP7,AND3X1,AND3x1_ASAP7_6t_L,B,Y,fall,0.7,25.0,113.612,-0.6655462468384465,-0.6655462468384465,1.6989700043447047,-1.637517506399239,1.6989700043447047,-1.637517506399239,0.6655462489428767,0.6655462489428767,-0.9719712723282458,-0.9719712723282458,0.6655462489428767,-0.9719712723282458,1.0,0.0,0,1,1.4285714285714286,0.04,1
ASAP7,AND3X4,AND3x4_ASAP7_6t_L,B,Y,rise,0.7,25.0,28.9807,-0.4225081990138475,-0.26760623937278244,0.7958800174135623,-2.239577441178447,0.7958800174135623,-2.239577441178447,0.4225082003269381,0.26760624041155046,-1.817069287913439,-1.9719712356846508,0.4225082003269381,-1.817069287913439,0.7,-0.17647058823529424,0,1,1.4285714285714286,0.04,1
ASAP7,BUFX4,BUFx4_ASAP7_6t_L,A,Y,fall,0.7,25.0,110.29,-0.5686362342325145,-0.5686362342325145,2.6020599913290483,-1.336487520160051,2.6020599913290483,-1.336487520160051,0.5686362359582722,0.5686362359582722,-0.7678512911991375,-0.7678512911991375,0.5686362359582722,-0.7678512911991375,1.0,0.0,0,1,1.4285714285714286,0.04,1
ASAP7,NAND3X1,NAND3x1_ASAP7_6t_L,C,Y,fall,0.7,25.0,12.3077,-0.7904849827765389,-0.31336372984409655,1.3979400086894094,-2.8416372063114648,1.3979400086894094,-2.8416372063114648,0.7904849855277247,0.31336373094877373,-2.051152473589255,-2.5282736305926807,0.31336373094877373,-2.5282736305926807,0.3333333333333333,-0.4999999999999999,0,1,1.4285714285714286,0.04,1
ASAP7,AND3X4,AND3x4_ASAP7_6t_L,C,Y,fall,0.7,25.0,33.4888,-0.4225081990138475,-0.26760623937278244,1.3979400086894094,-2.239577441178447,1.3979400086894094,-2.239577441178447,0.4225082003269381,0.26760624041155046,-1.817069287913439,-1.9719712356846508,0.26760624041155046,-1.9719712356846508,0.7,-0.17647058823529424,0,1,1.4285714285714286,0.04,1
ASAP7,OR3X2,OR3x2_ASAP7_6t_L,C,Y,fall,0.7,25.0,129.424,-0.5686362342325145,-0.5686362342325145,1.3979400086894094,-1.336487520160051,1.3979400086894094,-1.336487520160051,0.5686362359582722,0.5686362359582722,-0.7678512911991375,-0.7678512911991375,0.5686362359582722,-0.7678512911991375,1.0,0.0,0,1,1.4285714285714286,0.04,1
ASAP7,OR2X2,OR2x2_ASAP7_6t_L,A,Y,rise,0.7,25.0,76.5626,-0.6655462468384465,-0.7904849827765389,1.0969100130428,-1.637517506399239,1.0969100130428,-1.637517506399239,0.6655462489428767,0.7904849855277247,-0.9719712723282458,-0.8470325367378235,0.6655462489428767,-0.9719712723282458,1.3333333333333335,0.14285714285714285,0,1,1.4285714285714286,0.04,1
ASAP7,XOR2X2,XOR2x2_ASAP7_6t_L,B,Y,rise,0.7,25.0,270.179,-0.4225081990138475,-0.4225081990138475,2.301029995666153,-1.0354575292084665,2.301029995666153,-1.0354575292084665,0.4225082003269381,0.4225082003269381,-0.6129493319768025,-0.6129493319768025,0.4225082003269381,-0.6129493319768025,1.0,0.0,0,1,1.4285714285714286,0.04,1
ASAP7,NAND2X1,NAND2x1_ASAP7_6t_L,A,Y,fall,0.7,25.0,34.8688,-0.9665762404918051,-0.6655462468384465,2.0000000000043427,-2.239577441178447,2.0000000000043427,-2.239577441178447,0.9665762445599542,0.6655462489428767,-1.2730012639207162,-1.574031251441676,0.6655462489428767,-1.574031251441676,0.5,-0.3333333333333333,0,1,1.4285714285714286,0.04,1
ASAP7,AND4X1,AND4x1_ASAP7_6t_L,A,Y,fall,0.7,25.0,30.1852,-0.5686362342325145,-0.5686362342325145,1.6989700043447047,-2.5406073614441,1.6989700043447047,-2.5406073614441,0.5686362359582722,0.5686362359582722,-1.9719712356846508,-1.9719712356846508,0.5686362359582722,-1.9719712356846508,1.0,0.0,0,1,1.4285714285714286,0.04,1
ASAP7,NOR3X1,NOR3x1_ASAP7_6t_L,B,Y,fall,0.7,25.0,87.6135,-0.31336372984409655,-0.7904849827765389,2.6020599913290483,-2.239577441178447,2.6020599913290483,-2.239577441178447,0.31336373094877373,0.7904849855277247,-1.926213749195486,-1.4490925189048869,0.7904849855277247,-1.4490925189048869,3.0,0.4999999999999999,0,1,1.4285714285714286,0.04,1
ASAP7,AND2X4,AND2x4_ASAP7_6t_L,B,Y,rise,0.7,25.0,45.0471,-0.3645162521797766,-0.3645162521797766,1.0969100130428,-1.637517506399239,1.0969100130428,-1.637517506399239,0.3645162533727032,0.3645162533727032,-1.2730012639207162,-1.2730012639207162,0.3645162533727032,-1.2730012639207162,1.0,0.0,0,1,1.4285714285714286,0.04,1
ASAP7,NOR3X1,NOR3x1_ASAP7_6t_L,B,Y,rise,0.7,25.0,69.4216,-0.31336372984409655,-0.7904849827765389,2.6020599913290483,-2.239577441178447,2.6020599913290483,-2.239577441178447,0.31336373094877373,0.7904849855277247,-1.926213749195486,-1.4490925189048869,0.31336373094877373,-1.926213749195486,3.0,0.4999999999999999,0,1,1.4285714285714286,0.04,1
ASAP7,INVX1,INVx1_ASAP7_6t_L,A,Y,rise,0.7,25.0,33.4813,-1.2676062321345412,-1.2676062321345412,1.0969100130428,-2.239577441178447,1.0969100130428,-2.239577441178447,1.2676062402004833,1.2676062402004833,-0.9719712723282458,-0.9719712723282458,1.2676062402004833,-0.9719712723282458,1.0,0.0,1,1,1.4285714285714286,0.04,1
ASAP7,AND2X2,AND2x2_ASAP7_6t_L,A,Y,fall,0.7,25.0,127.786,-0.7904849827765389,-0.6655462468384465,2.6020599913290483,-1.637517506399239,2.6020599913290483,-1.637517506399239,0.7904849855277247,0.6655462489428767,-0.8470325367378235,-0.9719712723282458,0.6655462489428767,-0.9719712723282458,0.75,-0.14285714285714285,0,1,1.4285714285714286,0.04,1
ASAP7,OR3X1,OR3x1_ASAP7_6t_L,B,Y,fall,0.7,25.0,29.3337,-0.6655462468384465,-0.6655462468384465,1.0969100130428,-2.8416372063114648,1.0969100130428,-2.8416372063114648,0.6655462489428767,0.6655462489428767,-2.176091193911514,-2.176091193911514,0.6655462489428767,-2.176091193911514,1.0,0.0,0,1,1.4285714285714286,0.04,1
ASAP7,NAND3X2,NAND3x2_ASAP7_6t_L,B,Y,fall,0.7,25.0,10.5364,-0.48945498845297275,-0.012333734626920325,0.7958800174135623,-2.5406073614441,0.7958800174135623,-2.5406073614441,0.4894549899340993,0.012333735495859591,-2.051152473589255,-2.528273630592681,0.012333735495859591,-2.528273630592681,0.33333333333333326,-0.5,0,1,1.4285714285714286,0.04,1
ASAP7,OR3X2,OR3x2_ASAP7_6t_L,B,Y,fall,0.7,25.0,224.198,-0.5686362342325145,-0.5686362342325145,1.3979400086894094,-1.0354575292084665,1.3979400086894094,-1.0354575292084665,0.5686362359582722,0.5686362359582722,-0.4668212968075034,-0.4668212968075034,0.5686362359582722,-0.4668212968075034,1.0,0.0,0,1,1.4285714285714286,0.04,1
ASAP7,OR2X2,OR2x2_ASAP7_6t_L,A,Y,fall,0.7,25.0,36.6751,-0.6655462468384465,-0.7904849827765389,1.6989700043447047,-2.239577441178447,1.6989700043447047,-2.239577441178447,0.6655462489428767,0.7904849855277247,-1.574031251441676,-1.4490925189048869,0.7904849855277247,-1.4490925189048869,1.3333333333333335,0.14285714285714285,0,1,1.4285714285714286,0.04,1
ASAP7,OR3X4,OR3x4_ASAP7_6t_L,A,Y,fall,0.7,25.0,70.3599,-0.4225081990138475,-0.4225081990138475,1.0969100130428,-1.637517506399239,1.0969100130428,-1.637517506399239,0.4225082003269381,0.4225082003269381,-1.2150093179609072,-1.2150093179609072,0.4225082003269381,-1.2150093179609072,1.0,0.0,0,1,1.4285714285714286,0.04,1
ASAP7,AND4X2,AND4x2_ASAP7_6t_L,C,Y,fall,0.7,25.0,24.649,-0.48945498845297275,-0.48945498845297275,1.3979400086894094,-2.5406073614441,1.3979400086894094,-2.5406073614441,0.4894549899340993,0.4894549899340993,-2.051152473589255,-2.051152473589255,0.4894549899340993,-2.051152473589255,1.0,0.0,0,1,1.4285714285714286,0.04,1
ASAP7,OR4X1,OR4x1_ASAP7_6t_L,A,Y,fall,0.7,25.0,96.3629,-0.5686362342325145,-0.5686362342325145,2.6020599913290483,-2.5406073614441,2.6020599913290483,-2.5406073614441,0.5686362359582722,0.5686362359582722,-1.9719712356846508,-1.9719712356846508,0.5686362359582722,-1.9719712356846508,1.0,0.0,0,1,1.4285714285714286,0.04,1
ASAP7,NAND3X2,NAND3x2_ASAP7_6t_L,C,Y,fall,0.7,25.0,15.7883,-0.48945498845297275,-0.012333734626920325,0.7958800174135623,-2.239577441178447,0.7958800174135623,-2.239577441178447,0.4894549899340993,0.012333735495859591,-1.7501225023543363,-2.227243708215875,0.012333735495859591,-2.227243708215875,0.33333333333333326,-0.5,0,1,1.4285714285714286,0.04,1
ASAP7,INVX2,INVx2_ASAP7_6t_L,A,Y,fall,0.7,25.0,192.231,-0.9665762404918051,-0.9665762404918051,0.7958800174135623,-1.0354575292084665,0.7958800174135623,-1.0354575292084665,0.9665762445599542,0.9665762445599542,-0.06888128889887407,-0.06888128889887407,0.9665762445599542,-0.06888128889887407,1.0,0.0,1,1,1.4285714285714286,0.04,1
ASAP7,OR4X1,OR4x1_ASAP7_6t_L,B,Y,fall,0.7,25.0,154.491,-0.5686362342325145,-0.5686362342325145,2.301029995666153,-1.637517506399239,2.301029995666153,-1.637517506399239,0.5686362359582722,0.5686362359582722,-1.0688812843184246,-1.0688812843184246,0.5686362359582722,-1.0688812843184246,1.0,0.0,0,1,1.4285714285714286,0.04,1
ASAP7,OR4X2,OR4x2_ASAP7_6t_L,D,Y,rise,0.7,25.0,85.7119,-0.48945498845297275,-0.48945498845297275,2.301029995666153,-1.637517506399239,2.301029995666153,-1.637517506399239,0.4894549899340993,0.4894549899340993,-1.1480625293481717,-1.1480625293481717,0.4894549899340993,-1.1480625293481717,1.0,0.0,0,1,1.4285714285714286,0.04,1
ASAP7,BUFX8,BUFx8_ASAP7_6t_L,A,Y,rise,0.7,25.0,137.956,-0.26760623937278244,-0.26760623937278244,1.6989700043447047,-0.7344275359006837,1.6989700043447047,-0.7344275359006837,0.26760624041155046,0.26760624041155046,-0.4668212968075034,-0.4668212968075034,0.26760624041155046,-0.4668212968075034,1.0,0.0,0,1,1.4285714285714286,0.04,1
ASAP7,XOR2X2,XOR2x2_ASAP7_6t_L,A,Y,fall,0.7,25.0,25.0258,-0.4225081990138475,-0.4225081990138475,0.7958800174135623,-2.5406073614441,0.7958800174135623,-2.5406073614441,0.4225082003269381,0.4225082003269381,-2.1180992550768476,-2.1180992550768476,0.4225082003269381,-2.1180992550768476,1.0,0.0,0,1,1.4285714285714286,0.04,1
ASAP7,OR3X1,OR3x1_ASAP7_6t_L,B,Y,fall,0.7,25.0,40.6454,-0.6655462468384465,-0.6655462468384465,2.0000000000043427,-2.8416372063114648,2.0000000000043427,-2.8416372063114648,0.6655462489428767,0.6655462489428767,-2.176091193911514,-2.176091193911514,0.6655462489428767,-2.176091193911514,1.0,0.0,0,1,1.4285714285714286,0.04,1
ASAP7,OR3X1,OR3x1_ASAP7_6t_L,B,Y,fall,0.7,25.0,91.8588,-0.6655462468384465,-0.6655462468384465,2.6020599913290483,-2.239577441178447,2.6020599913290483,-2.239577441178447,0.6655462489428767,0.6655462489428767,-1.574031251441676,-1.574031251441676,0.6655462489428767,-1.574031251441676,1.0,0.0,0,1,1.4285714285714286,0.04,1
ASAP7,NAND2X2,NAND2x2_ASAP7_6t_L,B,Y,fall,0.7,25.0,9.05958,-0.6655462468384465,-0.3645162521797766,0.7958800174135623,-2.5406073614441,0.7958800174135623,-2.5406073614441,0.6655462489428767,0.3645162533727032,-1.875061230819615,-2.176091193911514,0.3645162533727032,-2.176091193911514,0.5000000000000001,-0.3333333333333333,0,1,1.4285714285714286,0.04,1
ASAP7,OR3X4,OR3x4_ASAP7_6t_L,A,Y,rise,0.7,25.0,66.7903,-0.4225081990138475,-0.4225081990138475,2.6020599913290483,-1.637517506399239,2.6020599913290483,-1.637517506399239,0.4225082003269381,0.4225082003269381,-1.2150093179609072,-1.2150093179609072,0.4225082003269381,-1.2150093179609072,1.0,0.0,0,1,1.4285714285714286,0.04,1
ASAP7,XOR2X2,XOR2x2_ASAP7_6t_L,B,Y,fall,0.7,25.0,215.662,-0.4225081990138475,-0.4225081990138475,2.0000000000043427,-1.0354575292084665,2.0000000000043427,-1.0354575292084665,0.4225082003269381,0.4225082003269381,-0.6129493319768025,-0.6129493319768025,0.4225082003269381,-0.6129493319768025,1.0,0.0,0,1,1.4285714285714286,0.04,1
ASAP7,OR3X2,OR3x2_ASAP7_6t_L,A,Y,rise,0.7,25.0,52.2083,-0.5686362342325145,-0.5686362342325145,2.6020599913290483,-1.9385474832136347,2.6020599913290483,-1.9385474832136347,0.5686362359582722,0.5686362359582722,-1.3699112748930173,-1.3699112748930173,0.5686362359582722,-1.3699112748930173,1.0,0.0,0,1,1.4285714285714286,0.04,1
ASAP7,OR4X2,OR4x2_ASAP7_6t_L,B,Y,rise,0.7,25.0,82.2582,-0.48945498845297275,-0.48945498845297275,2.301029995666153,-1.637517506399239,2.301029995666153,-1.637517506399239,0.4894549899340993,0.4894549899340993,-1.1480625293481717,-1.1480625293481717,0.4894549899340993,-1.1480625293481717,1.0,0.0,0,1,1.4285714285714286,0.04,1
ASAP7,OR3X4,OR3x4_ASAP7_6t_L,A,Y,rise,0.7,25.0,36.1582,-0.4225081990138475,-0.4225081990138475,2.0000000000043427,-2.239577441178447,2.0000000000043427,-2.239577441178447,0.4225082003269381,0.4225082003269381,-1.817069287913439,-1.817069287913439,0.4225082003269381,-1.817069287913439,1.0,0.0,0,1,1.4285714285714286,0.04,1
ASAP7,OR3X4,OR3x4_ASAP7_6t_L,C,Y,rise,0.7,25.0,25.3482,-0.4225081990138475,-0.4225081990138475,1.0969100130428,-2.239577441178447,1.0969100130428,-2.239577441178447,0.4225082003269381,0.4225082003269381,-1.817069287913439,-1.817069287913439,0.4225082003269381,-1.817069287913439,1.0,0.0,0,1,1.4285714285714286,0.04,1
ASAP7,AND2X2,AND2x2_ASAP7_6t_L,B,Y,fall,0.7,25.0,262.988,-0.7904849827765389,-0.6655462468384465,2.6020599913290483,-1.0354575292084665,2.6020599913290483,-1.0354575292084665,0.7904849855277247,0.6655462489428767,-0.24497254770008592,-0.3699112840539164,0.6655462489428767,-0.3699112840539164,0.75,-0.14285714285714285,0,1,1.4285714285714286,0.04,1
ASAP7,INVX1,INVx1_ASAP7_6t_L,A,Y,rise,0.7,25.0,36.621,-1.2676062321345412,-1.2676062321345412,1.3979400086894094,-2.239577441178447,1.3979400086894094,-2.239577441178447,1.2676062402004833,1.2676062402004833,-0.9719712723282458,-0.9719712723282458,1.2676062402004833,-0.9719712723282458,1.0,0.0,1,1,1.4285714285714286,0.04,1
ASAP7,OR3X2,OR3x2_ASAP7_6t_L,C,Y,rise,0.7,25.0,37.834,-0.5686362342325145,-0.5686362342325145,2.0000000000043427,-2.239577441178447,2.0000000000043427,-2.239577441178447,0.5686362359582722,0.5686362359582722,-1.670941260378222,-1.670941260378222,0.5686362359582722,-1.670941260378222,1.0,0.0,0,1,1.4285714285714286,0.04,1
ASAP7,OR3X1,OR3x1_ASAP7_6t_L,B,Y,fall,0.7,25.0,65.3589,-0.6655462468384465,-0.6655462468384465,2.6020599913290483,-3.14266690038237,2.6020599913290483,-3.14266690038237,0.6655462489428767,0.6655462489428767,-2.4771211244313376,-2.4771211244313376,0.6655462489428767,-2.4771211244313376,1.0,0.0,0,1,1.4285714285714286,0.04,1
ASAP7,NAND3X2,NAND3x2_ASAP7_6t_L,C,Y,rise,0.7,25.0,127.221,-0.48945498845297275,-0.012333734626920325,1.0969100130428,-1.336487520160051,1.0969100130428,-1.336487520160051,0.4894549899340993,0.012333735495859591,-0.8470325367378235,-1.3241537853502199,0.4894549899340993,-0.8470325367378235,0.33333333333333326,-0.5,0,1,1.4285714285714286,0.04,1
ASAP7,AND3X2,AND3x2_ASAP7_6t_L,C,Y,rise,0.7,25.0,253.935,-0.5686362342325145,-0.5686362342325145,1.3979400086894094,-1.0354575292084665,1.3979400086894094,-1.0354575292084665,0.5686362359582722,0.5686362359582722,-0.4668212968075034,-0.4668212968075034,0.5686362359582722,-0.4668212968075034,1.0,0.0,0,1,1.4285714285714286,0.04,1
ASAP7,OR3X1,OR3x1_ASAP7_6t_L,C,Y,rise,0.7,25.0,124.083,-0.6655462468384465,-0.6655462468384465,0.7958800174135623,-1.637517506399239,0.7958800174135623,-1.637517506399239,0.6655462489428767,0.6655462489428767,-0.9719712723282458,-0.9719712723282458,0.6655462489428767,-0.9719712723282458,1.0,0.0,0,1,1.4285714285714286,0.04,1
ASAP7,AND4X1,AND4x1_ASAP7_6t_L,C,Y,rise,0.7,25.0,61.0649,-0.5686362342325145,-0.5686362342325145,2.0000000000043427,-2.239577441178447,2.0000000000043427,-2.239577441178447,0.5686362359582722,0.5686362359582722,-1.670941260378222,-1.670941260378222,0.5686362359582722,-1.670941260378222,1.0,0.0,0,1,1.4285714285714286,0.04,1
ASAP7,AND3X1,AND3x1_ASAP7_6t_L,A,Y,fall,0.7,25.0,201.285,-0.6655462468384465,-0.6655462468384465,1.0969100130428,-1.336487520160051,1.0969100130428,-1.336487520160051,0.6655462489428767,0.6655462489428767,-0.67094127870002,-0.67094127870002,0.6655462489428767,-0.67094127870002,1.0,0.0,0,1,1.4285714285714286,0.04,1
ASAP7,OR4X2,OR4x2_ASAP7_6t_L,C,Y,fall,0.7,25.0,53.9049,-0.48945498845297275,-0.48945498845297275,1.3979400086894094,-2.239577441178447,1.3979400086894094,-2.239577441178447,0.4894549899340993,0.4894549899340993,-1.7501225023543363,-1.7501225023543363,0.4894549899340993,-1.7501225023543363,1.0,0.0,0,1,1.4285714285714286,0.04,1
ASAP7,AND4X1,AND4x1_ASAP7_6t_L,A,Y,rise,0.7,25.0,49.7839,-0.5686362342325145,-0.5686362342325145,2.0000000000043427,-2.5406073614441,2.0000000000043427,-2.5406073614441,0.5686362359582722,0.5686362359582722,-1.9719712356846508,-1.9719712356846508,0.5686362359582722,-1.9719712356846508,1.0,0.0,0,1,1.4285714285714286,0.04,1
ASAP7,XOR2X2,XOR2x2_ASAP7_6t_L,B,Y,rise,0.7,25.0,22.5209,-0.4225081990138475,-0.4225081990138475,0.7958800174135623,-2.5406073614441,0.7958800174135623,-2.5406073614441,0.4225082003269381,0.4225082003269381,-2.1180992550768476,-2.1180992550768476,0.4225082003269381,-2.1180992550768476,1.0,0.0,0,1,1.4285714285714286,0.04,1
ASAP7,NAND2X2,NAND2x2_ASAP7_6t_L,B,Y,fall,0.7,25.0,125.199,-0.6655462468384465,-0.3645162521797766,2.301029995666153,-1.336487520160051,2.301029995666153,-1.336487520160051,0.6655462489428767,0.3645162533727032,-0.67094127870002,-0.9719712723282457,0.3645162533727032,-0.9719712723282457,0.5000000000000001,-0.3333333333333333,0,1,1.4285714285714286,0.04,1
ASAP7,OR3X1,OR3x1_ASAP7_6t_L,C,Y,rise,0.7,25.0,73.5942,-0.6655462468384465,-0.6655462468384465,1.6989700043447047,-1.9385474832136347,1.6989700043447047,-1.9385474832136347,0.6655462489428767,0.6655462489428767,-1.2730012639207162,-1.2730012639207162,0.6655462489428767,-1.2730012639207162,1.0,0.0,0,1,1.4285714285714286,0.04,1
ASAP7,OR3X4,OR3x4_ASAP7_6t_L,A,Y,rise,0.7,25.0,31.5562,-0.4225081990138475,-0.4225081990138475,1.6989700043447047,-2.239577441178447,1.6989700043447047,-2.239577441178447,0.4225082003269381,0.4225082003269381,-1.817069287913439,-1.817069287913439,0.4225082003269381,-1.817069287913439,1.0,0.0,0,1,1.4285714285714286,0.04,1
ASAP7,AND3X4,AND3x4_ASAP7_6t_L,B,Y,rise,0.7,25.0,137.568,-0.4225081990138475,-0.26760623937278244,0.7958800174135623,-1.0354575292084665,0.7958800174135623,-1.0354575292084665,0.4225082003269381,0.26760624041155046,-0.6129493319768025,-0.7678512911991375,0.4225082003269381,-0.6129493319768025,0.7,-0.17647058823529424,0,1,1.4285714285714286,0.04,1
ASAP7,AND2X2,AND2x2_ASAP7_6t_L,B,Y,rise,0.7,25.0,132.633,-0.7904849827765389,-0.6655462468384465,1.3979400086894094,-1.336487520160051,1.3979400086894094,-1.336487520160051,0.7904849855277247,0.6655462489428767,-0.5460025426006588,-0.67094127870002,0.7904849855277247,-0.5460025426006588,0.75,-0.14285714285714285,0,1,1.4285714285714286,0.04,1
ASAP7,AND4X2,AND4x2_ASAP7_6t_L,D,Y,rise,0.7,25.0,147.49,-0.48945498845297275,-0.48945498845297275,1.0969100130428,-1.336487520160051,1.0969100130428,-1.336487520160051,0.4894549899340993,0.4894549899340993,-0.8470325367378235,-0.8470325367378235,0.4894549899340993,-0.8470325367378235,1.0,0.0,0,1,1.4285714285714286,0.04,1
ASAP7,AND3X2,AND3x2_ASAP7_6t_L,B,Y,fall,0.7,25.0,20.8144,-0.5686362342325145,-0.5686362342325145,1.0969100130428,-2.5406073614441,1.0969100130428,-2.5406073614441,0.5686362359582722,0.5686362359582722,-1.9719712356846508,-1.9719712356846508,0.5686362359582722,-1.9719712356846508,1.0,0.0,0,1,1.4285714285714286,0.04,1
ASAP7,OR4X2,OR4x2_ASAP7_6t_L,D,Y,fall,0.7,25.0,46.2284,-0.48945498845297275,-0.48945498845297275,2.0000000000043427,-2.8416372063114648,2.0000000000043427,-2.8416372063114648,0.4894549899340993,0.4894549899340993,-2.352182420395115,-2.352182420395115,0.4894549899340993,-2.352182420395115,1.0,0.0,0,1,1.4285714285714286,0.04,1
ASAP7,AND3X4,AND3x4_ASAP7_6t_L,B,Y,rise,0.7,25.0,80.5646,-0.4225081990138475,-0.26760623937278244,0.7958800174135623,-1.336487520160051,0.7958800174135623,-1.336487520160051,0.4225082003269381,0.26760624041155046,-0.9139793258594977,-1.0688812843184246,0.4225082003269381,-0.9139793258594977,0.7,-0.17647058823529424,0,1,1.4285714285714286,0.04,1
ASAP7,XOR2X2,XOR2x2_ASAP7_6t_L,B,Y,fall,0.7,25.0,31.7495,-0.4225081990138475,-0.4225081990138475,0.7958800174135623,-2.239577441178447,0.7958800174135623,-2.239577441178447,0.4225082003269381,0.4225082003269381,-1.817069287913439,-1.817069287913439,0.4225082003269381,-1.817069287913439,1.0,0.0,0,1,1.4285714285714286,0.04,1
ASAP7,BUFX8,BUFx8_ASAP7_6t_L,A,Y,fall,0.7,25.0,225.683,-0.26760623937278244,-0.26760623937278244,2.0000000000043427,-0.4333975414148016,2.0000000000043427,-0.4333975414148016,0.26760624041155046,0.26760624041155046,-0.16579130177969584,-0.16579130177969584,0.26760624041155046,-0.16579130177969584,1.0,0.0,0,1,1.4285714285714286,0.04,1
ASAP7,NAND2X2,NAND2x2_ASAP7_6t_L,B,Y,rise,0.7,25.0,54.1161,-0.6655462468384465,-0.3645162521797766,2.301029995666153,-2.239577441178447,2.301029995666153,-2.239577441178447,0.6655462489428767,0.3645162533727032,-1.574031251441676,-1.875061230819615,0.6655462489428767,-1.574031251441676,0.5000000000000001,-0.3333333333333333,0,1,1.4285714285714286,0.04,1
ASAP7,AND3X2,AND3x2_ASAP7_6t_L,C,Y,rise,0.7,25.0,156.39,-0.5686362342325145,-0.5686362342325145,2.6020599913290483,-1.336487520160051,2.6020599913290483,-1.336487520160051,0.5686362359582722,0.5686362359582722,-0.7678512911991375,-0.7678512911991375,0.5686362359582722,-0.7678512911991375,1.0,0.0,0,1,1.4285714285714286,0.04,1
ASAP7,AND2X2,AND2x2_ASAP7_6t_L,A,Y,rise,0.7,25.0,50.4207,-0.7904849827765389,-0.6655462468384465,2.0000000000043427,-1.9385474832136347,2.0000000000043427,-1.9385474832136347,0.7904849855277247,0.6655462489428767,-1.1480625293481717,-1.2730012639207162,0.7904849855277247,-1.1480625293481717,0.75,-0.14285714285714285,0,1,1.4285714285714286,0.04,1
ASAP7,OR3X2,OR3x2_ASAP7_6t_L,C,Y,rise,0.7,25.0,246.838,-0.5686362342325145,-0.5686362342325145,1.6989700043447047,-1.0354575292084665,1.6989700043447047,-1.0354575292084665,0.5686362359582722,0.5686362359582722,-0.4668212968075034,-0.4668212968075034,0.5686362359582722,-0.4668212968075034,1.0,0.0,0,1,1.4285714285714286,0.04,1
ASAP7,AND4X1,AND4x1_ASAP7_6t_L,B,Y,rise,0.7,25.0,54.1652,-0.5686362342325145,-0.5686362342325145,2.6020599913290483,-3.14266690038237,2.6020599913290483,-3.14266690038237,0.5686362359582722,0.5686362359582722,-2.5740311048673186,-2.5740311048673186,0.5686362359582722,-2.5740311048673186,1.0,0.0,0,1,1.4285714285714286,0.04,1
ASAP7,OR4X2,OR4x2_ASAP7_6t_L,A,Y,fall,0.7,25.0,40.8399,-0.48945498845297275,-0.48945498845297275,1.0969100130428,-2.5406073614441,1.0969100130428,-2.5406073614441,0.4894549899340993,0.4894549899340993,-2.051152473589255,-2.051152473589255,0.4894549899340993,-2.051152473589255,1.0,0.0,0,1,1.4285714285714286,0.04,1
ASAP7,AND4X2,AND4x2_ASAP7_6t_L,A,Y,rise,0.7,25.0,48.9052,-0.48945498845297275,-0.48945498845297275,2.0000000000043427,-2.5406073614441,2.0000000000043427,-2.5406073614441,0.4894549899340993,0.4894549899340993,-2.051152473589255,-2.051152473589255,0.4894549899340993,-2.051152473589255,1.0,0.0,0,1,1.4285714285714286,0.04,1
ASAP7,AND2X2,AND2x2_ASAP7_6t_L,A,Y,fall,0.7,25.0,244.94,-0.7904849827765389,-0.6655462468384465,2.301029995666153,-1.0354575292084665,2.301029995666153,-1.0354575292084665,0.7904849855277247,0.6655462489428767,-0.24497254770008592,-0.3699112840539164,0.6655462489428767,-0.3699112840539164,0.75,-0.14285714285714285,0,1,1.4285714285714286,0.04,1
ASAP7,OR2X4,OR2x4_ASAP7_6t_L,B,Y,fall,0.7,25.0,38.2459,-0.48945498845297275,-0.48945498845297275,1.6989700043447047,-2.5406073614441,1.6989700043447047,-2.5406073614441,0.4894549899340993,0.4894549899340993,-2.051152473589255,-2.051152473589255,0.4894549899340993,-2.051152473589255,1.0,0.0,0,1,1.4285714285714286,0.04,1
ASAP7,INVX2,INVx2_ASAP7_6t_L,A,Y,rise,0.7,25.0,48.3684,-0.9665762404918051,-0.9665762404918051,2.6020599913290483,-2.5406073614441,2.6020599913290483,-2.5406073614441,0.9665762445599542,0.9665762445599542,-1.574031251441676,-1.574031251441676,0.9665762445599542,-1.574031251441676,1.0,0.0,1,1,1.4285714285714286,0.04,1
ASAP7,NOR2X2,NOR2x2_ASAP7_6t_L,B,Y,fall,0.7,25.0,14.6733,-0.3645162521797766,-0.6655462468384465,1.3979400086894094,-2.5406073614441,1.3979400086894094,-2.5406073614441,0.3645162533727032,0.6655462489428767,-2.176091193911514,-1.875061230819615,0.6655462489428767,-1.875061230819615,1.9999999999999998,0.3333333333333333,0,1,1.4285714285714286,0.04,1
ASAP7,NOR3X1,NOR3x1_ASAP7_6t_L,B,Y,fall,0.7,25.0,22.9051,-0.31336372984409655,-0.7904849827765389,2.0000000000043427,-3.14266690038237,2.0000000000043427,-3.14266690038237,0.31336373094877373,0.7904849855277247,-2.8293034796823484,-2.352182420395115,0.7904849855277247,-2.352182420395115,3.0,0.4999999999999999,0,1,1.4285714285714286,0.04,1
ASAP7,BUFX4,BUFx4_ASAP7_6t_L,A,Y,rise,0.7,25.0,51.2632,-0.5686362342325145,-0.5686362342325145,1.6989700043447047,-1.637517506399239,1.6989700043447047,-1.637517506399239,0.5686362359582722,0.5686362359582722,-1.0688812843184246,-1.0688812843184246,0.5686362359582722,-1.0688812843184246,1.0,0.0,0,1,1.4285714285714286,0.04,1
ASAP7,AND2X2,AND2x2_ASAP7_6t_L,A,Y,fall,0.7,25.0,55.118,-0.7904849827765389,-0.6655462468384465,2.301029995666153,-2.8416372063114648,2.301029995666153,-2.8416372063114648,0.7904849855277247,0.6655462489428767,-2.051152473589255,-2.176091193911514,0.6655462489428767,-2.176091193911514,0.75,-0.14285714285714285,0,1,1.4285714285714286,0.04,1
ASAP7,INVX4,INVx4_ASAP7_6t_L,A,Y,rise,0.7,25.0,17.522,-0.6655462468384465,-0.6655462468384465,0.7958800174135623,-1.9385474832136347,0.7958800174135623,-1.9385474832136347,0.6655462489428767,0.6655462489428767,-1.2730012639207162,-1.2730012639207162,0.6655462489428767,-1.2730012639207162,1.0,0.0,1,1,1.4285714285714286,0.04,1
ASAP7,NAND3X1,NAND3x1_ASAP7_6t_L,B,Y,fall,0.7,25.0,7.92496,-0.7904849827765389,-0.31336372984409655,0.7958800174135623,-3.14266690038237,0.7958800174135623,-3.14266690038237,0.7904849855277247,0.31336373094877373,-2.352182420395115,-2.8293034796823484,0.31336373094877373,-2.8293034796823484,0.3333333333333333,-0.4999999999999999,0,1,1.4285714285714286,0.04,1
ASAP7,AND4X1,AND4x1_ASAP7_6t_L,D,Y,rise,0.7,25.0,140.718,-0.5686362342325145,-0.5686362342325145,1.3979400086894094,-1.637517506399239,1.3979400086894094,-1.637517506399239,0.5686362359582722,0.5686362359582722,-1.0688812843184246,-1.0688812843184246,0.5686362359582722,-1.0688812843184246,1.0,0.0,0,1,1.4285714285714286,0.04,1
ASAP7,NOR3X2,NOR3x2_ASAP7_6t_L,A,Y,rise,0.7,25.0,260.801,-0.012333734626920325,-0.48945498845297275,2.301029995666153,-1.0354575292084665,2.301029995666153,-1.0354575292084665,0.012333735495859591,0.4894549899340993,-1.0231237942666884,-0.5460025426006588,0.012333735495859591,-1.0231237942666884,3.0000000000000004,0.5,0,1,1.4285714285714286,0.04,1
ASAP7,NAND3X2,NAND3x2_ASAP7_6t_L,B,Y,rise,0.7,25.0,82.2263,-0.48945498845297275,-0.012333734626920325,2.301029995666153,-1.9385474832136347,2.301029995666153,-1.9385474832136347,0.4894549899340993,0.012333735495859591,-1.4490925189048869,-1.926213749195486,0.4894549899340993,-1.4490925189048869,0.33333333333333326,-0.5,0,1,1.4285714285714286,0.04,1
ASAP7,OR4X1,OR4x1_ASAP7_6t_L,C,Y,rise,0.7,25.0,69.0143,-0.5686362342325145,-0.5686362342325145,1.0969100130428,-1.9385474832136347,1.0969100130428,-1.9385474832136347,0.5686362359582722,0.5686362359582722,-1.3699112748930173,-1.3699112748930173,0.5686362359582722,-1.3699112748930173,1.0,0.0,0,1,1.4285714285714286,0.04,1
ASAP7,INVX2,INVx2_ASAP7_6t_L,A,Y,rise,0.7,25.0,11.9173,-0.9665762404918051,-0.9665762404918051,1.0969100130428,-2.5406073614441,1.0969100130428,-2.5406073614441,0.9665762445599542,0.9665762445599542,-1.574031251441676,-1.574031251441676,0.9665762445599542,-1.574031251441676,1.0,0.0,1,1,1.4285714285714286,0.04,1
ASAP7,NOR3X2,NOR3x2_ASAP7_6t_L,A,Y,fall,0.7,25.0,18.3884,-0.012333734626920325,-0.48945498845297275,0.7958800174135623,-2.239577441178447,0.7958800174135623,-2.239577441178447,0.012333735495859591,0.4894549899340993,-2.227243708215875,-1.7501225023543363,0.4894549899340993,-1.7501225023543363,3.0000000000000004,0.5,0,1,1.4285714285714286,0.04,1
ASAP7,AND4X1,AND4x1_ASAP7_6t_L,B,Y,rise,0.7,25.0,48.3214,-0.5686362342325145,-0.5686362342325145,2.0000000000043427,-2.5406073614441,2.0000000000043427,-2.5406073614441,0.5686362359582722,0.5686362359582722,-1.9719712356846508,-1.9719712356846508,0.5686362359582722,-1.9719712356846508,1.0,0.0,0,1,1.4285714285714286,0.04,1
ASAP7,OR4X2,OR4x2_ASAP7_6t_L,D,Y,rise,0.7,25.0,53.105,-0.48945498845297275,-0.48945498845297275,2.0000000000043427,-1.9385474832136347,2.0000000000043427,-1.9385474832136347,0.4894549899340993,0.4894549899340993,-1.4490925189048869,-1.4490925189048869,0.4894549899340993,-1.4490925189048869,1.0,0.0,0,1,1.4285714285714286,0.04,1
ASAP7,NAND3X1,NAND3x1_ASAP7_6t_L,A,Y,fall,0.7,25.0,9.13999,-0.7904849827765389,-0.31336372984409655,0.7958800174135623,-2.8416372063114648,0.7958800174135623,-2.8416372063114648,0.7904849855277247,0.31336373094877373,-2.051152473589255,-2.5282736305926807,0.31336373094877373,-2.5282736305926807,0.3333333333333333,-0.4999999999999999,0,1,1.4285714285714286,0.04,1
ASAP7,XOR2X2,XOR2x2_ASAP7_6t_L,A,Y,fall,0.7,25.0,210.598,-0.4225081990138475,-0.4225081990138475,1.0969100130428,-1.0354575292084665,1.0969100130428,-1.0354575292084665,0.4225082003269381,0.4225082003269381,-0.6129493319768025,-0.6129493319768025,0.4225082003269381,-0.6129493319768025,1.0,0.0,0,1,1.4285714285714286,0.04,1
ASAP7,AND3X2,AND3x2_ASAP7_6t_L,B,Y,fall,0.7,25.0,109.99,-0.5686362342325145,-0.5686362342325145,1.0969100130428,-1.336487520160051,1.0969100130428,-1.336487520160051,0.5686362359582722,0.5686362359582722,-0.7678512911991375,-0.7678512911991375,0.5686362359582722,-0.7678512911991375,1.0,0.0,0,1,1.4285714285714286,0.04,1
ASAP7,AND3X2,AND3x2_ASAP7_6t_L,C,Y,rise,0.7,25.0,30.7722,-0.5686362342325145,-0.5686362342325145,2.0000000000043427,-2.8416372063114648,2.0000000000043427,-2.8416372063114648,0.5686362359582722,0.5686362359582722,-2.27300119063353,-2.27300119063353,0.5686362359582722,-2.27300119063353,1.0,0.0,0,1,1.4285714285714286,0.04,1
ASAP7,NAND3X2,NAND3x2_ASAP7_6t_L,B,Y,rise,0.7,25.0,115.973,-0.48945498845297275,-0.012333734626920325,2.301029995666153,-1.637517506399239,2.301029995666153,-1.637517506399239,0.4894549899340993,0.012333735495859591,-1.1480625293481717,-1.6251837718533022,0.4894549899340993,-1.1480625293481717,0.33333333333333326,-0.5,0,1,1.4285714285714286,0.04,1
ASAP7,AND4X2,AND4x2_ASAP7_6t_L,A,Y,fall,0.7,25.0,41.2579,-0.48945498845297275,-0.48945498845297275,2.6020599913290483,-2.8416372063114648,2.6020599913290483,-2.8416372063114648,0.4894549899340993,0.4894549899340993,-2.352182420395115,-2.352182420395115,0.4894549899340993,-2.352182420395115,1.0,0.0,0,1,1.4285714285714286,0.04,1
ASAP7,NOR2X2,NOR2x2_ASAP7_6t_L,A,Y,rise,0.7,25.0,116.384,-0.3645162521797766,-0.6655462468384465,1.3979400086894094,-1.336487520160051,1.3979400086894094,-1.336487520160051,0.3645162533727032,0.6655462489428767,-0.9719712723282457,-0.67094127870002,0.3645162533727032,-0.9719712723282457,1.9999999999999998,0.3333333333333333,0,1,1.4285714285714286,0.04,1
ASAP7,AND3X2,AND3x2_ASAP7_6t_L,C,Y,fall,0.7,25.0,30.7125,-0.5686362342325145,-0.5686362342325145,1.3979400086894094,-2.239577441178447,1.3979400086894094,-2.239577441178447,0.5686362359582722,0.5686362359582722,-1.670941260378222,-1.670941260378222,0.5686362359582722,-1.670941260378222,1.0,0.0,0,1,1.4285714285714286,0.04,1
ASAP7,AND2X2,AND2x2_ASAP7_6t_L,B,Y,rise,0.7,25.0,85.9802,-0.7904849827765389,-0.6655462468384465,2.301029995666153,-1.637517506399239,2.301029995666153,-1.637517506399239,0.7904849855277247,0.6655462489428767,-0.8470325367378235,-0.9719712723282458,0.7904849855277247,-0.8470325367378235,0.75,-0.14285714285714285,0,1,1.4285714285714286,0.04,1
ASAP7,OR4X2,OR4x2_ASAP7_6t_L,D,Y,fall,0.7,25.0,59.788,-0.48945498845297275,-0.48945498845297275,2.0000000000043427,-2.239577441178447,2.0000000000043427,-2.239577441178447,0.4894549899340993,0.4894549899340993,-1.7501225023543363,-1.7501225023543363,0.4894549899340993,-1.7501225023543363,1.0,0.0,0,1,1.4285714285714286,0.04,1
ASAP7,OR4X2,OR4x2_ASAP7_6t_L,B,Y,rise,0.7,25.0,39.6699,-0.48945498845297275,-0.48945498845297275,2.301029995666153,-2.239577441178447,2.301029995666153,-2.239577441178447,0.4894549899340993,0.4894549899340993,-1.7501225023543363,-1.7501225023543363,0.4894549899340993,-1.7501225023543363,1.0,0.0,0,1,1.4285714285714286,0.04,1
ASAP7,AND3X2,AND3x2_ASAP7_6t_L,A,Y,rise,0.7,25.0,30.265,-0.5686362342325145,-0.5686362342325145,1.0969100130428,-2.5406073614441,1.0969100130428,-2.5406073614441,0.5686362359582722,0.5686362359582722,-1.9719712356846508,-1.9719712356846508,0.5686362359582722,-1.9719712356846508,1.0,0.0,0,1,1.4285714285714286,0.04,1
ASAP7,BUFX2,BUFx2_ASAP7_6t_L,A,Y,fall,0.7,25.0,39.9333,-0.8696662282879977,-0.8696662282879977,1.6989700043447047,-2.239577441178447,1.6989700043447047,-2.239577441178447,0.8696662315636237,0.8696662315636237,-1.3699112748930173,-1.3699112748930173,0.8696662315636237,-1.3699112748930173,1.0,0.0,0,1,1.4285714285714286,0.04,1
ASAP7,NAND2X2,NAND2x2_ASAP7_6t_L,A,Y,fall,0.7,25.0,9.81181,-0.6655462468384465,-0.3645162521797766,2.0000000000043427,-2.8416372063114648,2.0000000000043427,-2.8416372063114648,0.6655462489428767,0.3645162533727032,-2.176091193911514,-2.477121124431337,0.3645162533727032,-2.477121124431337,0.5000000000000001,-0.3333333333333333,0,1,1.4285714285714286,0.04,1
ASAP7,XOR2X2,XOR2x2_ASAP7_6t_L,B,Y,rise,0.7,25.0,247.233,-0.4225081990138475,-0.4225081990138475,1.6989700043447047,-1.0354575292084665,1.6989700043447047,-1.0354575292084665,0.4225082003269381,0.4225082003269381,-0.6129493319768025,-0.6129493319768025,0.4225082003269381,-0.6129493319768025,1.0,0.0,0,1,1.4285714285714286,0.04,1
ASAP7,AND3X1,AND3x1_ASAP7_6t_L,A,Y,fall,0.7,25.0,117.183,-0.6655462468384465,-0.6655462468384465,2.0000000000043427,-1.637517506399239,2.0000000000043427,-1.637517506399239,0.6655462489428767,0.6655462489428767,-0.9719712723282458,-0.9719712723282458,0.6655462489428767,-0.9719712723282458,1.0,0.0,0,1,1.4285714285714286,0.04,1
ASAP7,OR4X1,OR4x1_ASAP7_6t_L,C,Y,rise,0.7,25.0,28.7,-0.5686362342325145,-0.5686362342325145,1.3979400086894094,-2.5406073614441,1.3979400086894094,-2.5406073614441,0.5686362359582722,0.5686362359582722,-1.9719712356846508,-1.9719712356846508,0.5686362359582722,-1.9719712356846508,1.0,0.0,0,1,1.4285714285714286,0.04,1
ASAP7,NOR2X2,NOR2x2_ASAP7_6t_L,A,Y,fall,0.7,25.0,196.877,-0.3645162521797766,-0.6655462468384465,1.0969100130428,-1.0354575292084665,1.0969100130428,-1.0354575292084665,0.3645162533727032,0.6655462489428767,-0.6709412787000198,-0.3699112840539164,0.6655462489428767,-0.3699112840539164,1.9999999999999998,0.3333333333333333,0,1,1.4285714285714286,0.04,1
ASAP7,AND4X1,AND4x1_ASAP7_6t_L,D,Y,rise,0.7,25.0,39.9378,-0.5686362342325145,-0.5686362342325145,0.7958800174135623,-2.5406073614441,0.7958800174135623,-2.5406073614441,0.5686362359582722,0.5686362359582722,-1.9719712356846508,-1.9719712356846508,0.5686362359582722,-1.9719712356846508,1.0,0.0,0,1,1.4285714285714286,0.04,1
ASAP7,BUFX2,BUFx2_ASAP7_6t_L,A,Y,rise,0.7,25.0,133.381,-0.8696662282879977,-0.8696662282879977,1.3979400086894094,-1.336487520160051,1.3979400086894094,-1.336487520160051,0.8696662315636237,0.8696662315636237,-0.4668212968075034,-0.4668212968075034,0.8696662315636237,-0.4668212968075034,1.0,0.0,0,1,1.4285714285714286,0.04,1
ASAP7,INVX8,INVx8_ASAP7_6t_L,A,Y,fall,0.7,25.0,8.98468,-0.3645162521797766,-0.3645162521797766,1.3979400086894094,-2.239577441178447,1.3979400086894094,-2.239577441178447,0.3645162533727032,0.3645162533727032,-1.875061230819615,-1.875061230819615,0.3645162533727032,-1.875061230819615,1.0,0.0,1,1,1.4285714285714286,0.04,1
ASAP7,INVX2,INVx2_ASAP7_6t_L,A,Y,fall,0.7,25.0,29.9771,-0.9665762404918051,-0.9665762404918051,2.0000000000043427,-2.239577441178447,2.0000000000043427,-2.239577441178447,0.9665762445599542,0.9665762445599542,-1.2730012639207162,-1.2730012639207162,0.9665762445599542,-1.2730012639207162,1.0,0.0,1,1,1.4285714285714286,0.04,1
ASAP7,BUFX2,BUFx2_ASAP7_6t_L,A,Y,rise,0.7,25.0,246.758,-0.8696662282879977,-0.8696662282879977,1.3979400086894094,-1.0354575292084665,1.3979400086894094,-1.0354575292084665,0.8696662315636237,0.8696662315636237,-0.16579130177969584,-0.16579130177969584,0.8696662315636237,-0.16579130177969584,1.0,0.0,0,1,1.4285714285714286,0.04,1
ASAP7,AND3X4,AND3x4_ASAP7_6t_L,B,Y,fall,0.7,25.0,217.456,-0.4225081990138475,-0.26760623937278244,1.3979400086894094,-0.7344275359006837,1.3979400086894094,-0.7344275359006837,0.4225082003269381,0.26760624041155046,-0.31191933720346426,-0.4668212968075034,0.26760624041155046,-0.4668212968075034,0.7,-0.17647058823529424,0,1,1.4285714285714286,0.04,1
ASAP7,AND2X2,AND2x2_ASAP7_6t_L,A,Y,fall,0.7,25.0,120.344,-0.7904849827765389,-0.6655462468384465,1.3979400086894094,-1.336487520160051,1.3979400086894094,-1.336487520160051,0.7904849855277247,0.6655462489428767,-0.5460025426006588,-0.67094127870002,0.6655462489428767,-0.67094127870002,0.75,-0.14285714285714285,0,1,1.4285714285714286,0.04,1
ASAP7,OR2X2,OR2x2_ASAP7_6t_L,A,Y,rise,0.7,25.0,70.7443,-0.6655462468384465,-0.7904849827765389,2.6020599913290483,-2.239577441178447,2.6020599913290483,-2.239577441178447,0.6655462489428767,0.7904849855277247,-1.574031251441676,-1.4490925189048869,0.6655462489428767,-1.574031251441676,1.3333333333333335,0.14285714285714285,0,1,1.4285714285714286,0.04,1
ASAP7,NOR3X2,NOR3x2_ASAP7_6t_L,C,Y,fall,0.7,25.0,21.2083,-0.012333734626920325,-0.48945498845297275,0.7958800174135623,-2.239577441178447,0.7958800174135623,-2.239577441178447,0.012333735495859591,0.4894549899340993,-2.227243708215875,-1.7501225023543363,0.4894549899340993,-1.7501225023543363,3.0000000000000004,0.5,0,1,1.4285714285714286,0.04,1
ASAP7,OR4X1,OR4x1_ASAP7_6t_L,D,Y,rise,0.7,25.0,82.5934,-0.5686362342325145,-0.5686362342325145,2.6020599913290483,-1.9385474832136347,2.6020599913290483,-1.9385474832136347,0.5686362359582722,0.5686362359582722,-1.3699112748930173,-1.3699112748930173,0.5686362359582722,-1.3699112748930173,1.0,0.0,0,1,1.4285714285714286,0.04,1
ASAP7,OR4X1,OR4x1_ASAP7_6t_L,D,Y,rise,0.7,25.0,24.6836,-0.5686362342325145,-0.5686362342325145,1.6989700043447047,-2.8416372063114648,1.6989700043447047,-2.8416372063114648,0.5686362359582722,0.5686362359582722,-2.27300119063353,-2.27300119063353,0.5686362359582722,-2.27300119063353,1.0,0.0,0,1,1.4285714285714286,0.04,1
ASAP7,NOR2X2,NOR2x2_ASAP7_6t_L,A,Y,fall,0.7,25.0,17.8513,-0.3645162521797766,-0.6655462468384465,0.7958800174135623,-2.239577441178447,0.7958800174135623,-2.239577441178447,0.3645162533727032,0.6655462489428767,-1.875061230819615,-1.574031251441676,0.6655462489428767,-1.574031251441676,1.9999999999999998,0.3333333333333333,0,1,1.4285714285714286,0.04,1
ASAP7,OR3X4,OR3x4_ASAP7_6t_L,C,Y,fall,0.7,25.0,75.6984,-0.4225081990138475,-0.4225081990138475,2.301029995666153,-1.9385474832136347,2.301029995666153,-1.9385474832136347,0.4225082003269381,0.4225082003269381,-1.5160393064997446,-1.5160393064997446,0.4225082003269381,-1.5160393064997446,1.0,0.0,0,1,1.4285714285714286,0.04,1
ASAP7,AND3X2,AND3x2_ASAP7_6t_L,B,Y,fall,0.7,25.0,131.77,-0.5686362342325145,-0.5686362342325145,2.301029995666153,-1.336487520160051,2.301029995666153,-1.336487520160051,0.5686362359582722,0.5686362359582722,-0.7678512911991375,-0.7678512911991375,0.5686362359582722,-0.7678512911991375,1.0,0.0,0,1,1.4285714285714286,0.04,1
ASAP7,OR3X1,OR3x1_ASAP7_6t_L,C,Y,rise,0.7,25.0,17.687,-0.6655462468384465,-0.6655462468384465,0.7958800174135623,-2.8416372063114648,0.7958800174135623,-2.8416372063114648,0.6655462489428767,0.6655462489428767,-2.176091193911514,-2.176091193911514,0.6655462489428767,-2.176091193911514,1.0,0.0,0,1,1.4285714285714286,0.04,1
ASAP7,NOR3X1,NOR3x1_ASAP7_6t_L,B,Y,fall,0.7,25.0,103.985,-0.31336372984409655,-0.7904849827765389,1.0969100130428,-1.637517506399239,1.0969100130428,-1.637517506399239,0.31336373094877373,0.7904849855277247,-1.3241537853502199,-0.8470325367378235,0.7904849855277247,-0.8470325367378235,3.0,0.4999999999999999,0,1,1.4285714285714286,0.04,1
ASAP7,AND3X2,AND3x2_ASAP7_6t_L,C,Y,fall,0.7,25.0,118.429,-0.5686362342325145,-0.5686362342325145,1.6989700043447047,-1.336487520160051,1.6989700043447047,-1.336487520160051,0.5686362359582722,0.5686362359582722,-0.7678512911991375,-0.7678512911991375,0.5686362359582722,-0.7678512911991375,1.0,0.0,0,1,1.4285714285714286,0.04,1
ASAP7,OR2X4,OR2x4_ASAP7_6t_L,A,Y,fall,0.7,25.0,151.214,-0.48945498845297275,-0.48945498845297275,2.301029995666153,-1.0354575292084665,2.301029995666153,-1.0354575292084665,0.4894549899340993,0.4894549899340993,-0.5460025426006588,-0.5460025426006588,0.4894549899340993,-0.5460025426006588,1.0,0.0,0,1,1.4285714285714286,0.04,1
ASAP7,AND3X1,AND3x1_ASAP7_6t_L,A,Y,rise,0.7,25.0,54.4593,-0.6655462468384465,-0.6655462468384465,1.6989700043447047,-2.239577441178447,1.6989700043447047,-2.239577441178447,0.6655462489428767,0.6655462489428767,-1.574031251441676,-1.574031251441676,0.6655462489428767,-1.574031251441676,1.0,0.0,0,1,1.4285714285714286,0.04,1
ASAP7,AND4X2,AND4x2_ASAP7_6t_L,C,Y,fall,0.7,25.0,146.489,-0.48945498845297275,-0.48945498845297275,2.6020599913290483,-1.336487520160051,2.6020599913290483,-1.336487520160051,0.4894549899340993,0.4894549899340993,-0.8470325367378235,-0.8470325367378235,0.4894549899340993,-0.8470325367378235,1.0,0.0,0,1,1.4285714285714286,0.04,1
ASAP7,NAND2X1,NAND2x1_ASAP7_6t_L,B,Y,fall,0.7,25.0,11.5272,-0.9665762404918051,-0.6655462468384465,2.0000000000043427,-3.14266690038237,2.0000000000043427,-3.14266690038237,0.9665762445599542,0.6655462489428767,-2.176091193911514,-2.4771211244313376,0.6655462489428767,-2.4771211244313376,0.5,-0.3333333333333333,0,1,1.4285714285714286,0.04,1
ASAP7,NAND3X2,NAND3x2_ASAP7_6t_L,C,Y,rise,0.7,25.0,95.0753,-0.48945498845297275,-0.012333734626920325,2.6020599913290483,-2.239577441178447,2.6020599913290483,-2.239577441178447,0.4894549899340993,0.012333735495859591,-1.7501225023543363,-2.227243708215875,0.4894549899340993,-1.7501225023543363,0.33333333333333326,-0.5,0,1,1.4285714285714286,0.04,1
ASAP7,NAND3X2,NAND3x2_ASAP7_6t_L,A,Y,fall,0.7,25.0,17.6576,-0.48945498845297275,-0.012333734626920325,2.301029995666153,-2.5406073614441,2.301029995666153,-2.5406073614441,0.4894549899340993,0.012333735495859591,-2.051152473589255,-2.528273630592681,0.012333735495859591,-2.528273630592681,0.33333333333333326,-0.5,0,1,1.4285714285714286,0.04,1
ASAP7,NAND2X2,NAND2x2_ASAP7_6t_L,B,Y,fall,0.7,25.0,164.211,-0.6655462468384465,-0.3645162521797766,0.7958800174135623,-1.0354575292084665,0.7958800174135623,-1.0354575292084665,0.6655462489428767,0.3645162533727032,-0.3699112840539164,-0.6709412787000198,0.3645162533727032,-0.6709412787000198,0.5000000000000001,-0.3333333333333333,0,1,1.4285714285714286,0.04,1
ASAP7,NAND3X2,NAND3x2_ASAP7_6t_L,A,Y,rise,0.7,25.0,88.1993,-0.48945498845297275,-0.012333734626920325,2.0000000000043427,-1.637517506399239,2.0000000000043427,-1.637517506399239,0.4894549899340993,0.012333735495859591,-1.1480625293481717,-1.6251837718533022,0.4894549899340993,-1.1480625293481717,0.33333333333333326,-0.5,0,1,1.4285714285714286,0.04,1
ASAP7,OR2X2,OR2x2_ASAP7_6t_L,B,Y,fall,0.7,25.0,24.7564,-0.6655462468384465,-0.7904849827765389,1.0969100130428,-2.5406073614441,1.0969100130428,-2.5406073614441,0.6655462489428767,0.7904849855277247,-1.875061230819615,-1.7501225023543363,0.7904849855277247,-1.7501225023543363,1.3333333333333335,0.14285714285714285,0,1,1.4285714285714286,0.04,1
ASAP7,OR3X1,OR3x1_ASAP7_6t_L,B,Y,rise,0.7,25.0,30.0446,-0.6655462468384465,-0.6655462468384465,1.6989700043447047,-2.5406073614441,1.6989700043447047,-2.5406073614441,0.6655462489428767,0.6655462489428767,-1.875061230819615,-1.875061230819615,0.6655462489428767,-1.875061230819615,1.0,0.0,0,1,1.4285714285714286,0.04,1
ASAP7,AND4X1,AND4x1_ASAP7_6t_L,A,Y,fall,0.7,25.0,122.518,-0.5686362342325145,-0.5686362342325145,2.301029995666153,-1.637517506399239,2.301029995666153,-1.637517506399239,0.5686362359582722,0.5686362359582722,-1.0688812843184246,-1.0688812843184246,0.5686362359582722,-1.0688812843184246,1.0,0.0,0,1,1.4285714285714286,0.04,1
ASAP7,NOR2X2,NOR2x2_ASAP7_6t_L,A,Y,fall,0.7,25.0,216.866,-0.3645162521797766,-0.6655462468384465,2.0000000000043427,-1.0354575292084665,2.0000000000043427,-1.0354575292084665,0.3645162533727032,0.6655462489428767,-0.6709412787000198,-0.3699112840539164,0.6655462489428767,-0.3699112840539164,1.9999999999999998,0.3333333333333333,0,1,1.4285714285714286,0.04,1
ASAP7,AND3X4,AND3x4_ASAP7_6t_L,B,Y,rise,0.7,25.0,37.3561,-0.4225081990138475,-0.26760623937278244,2.0000000000043427,-2.239577441178447,2.0000000000043427,-2.239577441178447,0.4225082003269381,0.26760624041155046,-1.817069287913439,-1.9719712356846508,0.4225082003269381,-1.817069287913439,0.7,-0.17647058823529424,0,1,1.4285714285714286,0.04,1
ASAP7,OR3X1,OR3x1_ASAP7_6t_L,A,Y,rise,0.7,25.0,45.5206,-0.6655462468384465,-0.6655462468384465,2.0000000000043427,-2.239577441178447,2.0000000000043427,-2.239577441178447,0.6655462489428767,0.6655462489428767,-1.574031251441676,-1.574031251441676,0.6655462489428767,-1.574031251441676,1.0,0.0,0,1,1.4285714285714286,0.04,1
ASAP7,AND4X1,AND4x1_ASAP7_6t_L,D,Y,fall,0.7,25.0,51.2044,-0.5686362342325145,-0.5686362342325145,2.0000000000043427,-2.239577441178447,2.0000000000043427,-2.239577441178447,0.5686362359582722,0.5686362359582722,-1.670941260378222,-1.670941260378222,0.5686362359582722,-1.670941260378222,1.0,0.0,0,1,1.4285714285714286,0.04,1
ASAP7,OR4X1,OR4x1_ASAP7_6t_L,B,Y,rise,0.7,25.0,42.3485,-0.5686362342325145,-0.5686362342325145,1.3979400086894094,-2.239577441178447,1.3979400086894094,-2.239577441178447,0.5686362359582722,0.5686362359582722,-1.670941260378222,-1.670941260378222,0.5686362359582722,-1.670941260378222,1.0,0.0,0,1,1.4285714285714286,0.04,1
ASAP7,AND4X2,AND4x2_ASAP7_6t_L,B,Y,rise,0.7,25.0,94.0819,-0.48945498845297275,-0.48945498845297275,2.6020599913290483,-1.9385474832136347,2.6020599913290483,-1.9385474832136347,0.4894549899340993,0.4894549899340993,-1.4490925189048869,-1.4490925189048869,0.4894549899340993,-1.4490925189048869,1.0,0.0,0,1,1.4285714285714286,0.04,1
ASAP7,NAND2X1,NAND2x1_ASAP7_6t_L,B,Y,fall,0.7,25.0,10.4083,-0.9665762404918051,-0.6655462468384465,1.6989700043447047,-3.14266690038237,1.6989700043447047,-3.14266690038237,0.9665762445599542,0.6655462489428767,-2.176091193911514,-2.4771211244313376,0.6655462489428767,-2.4771211244313376,0.5,-0.3333333333333333,0,1,1.4285714285714286,0.04,1
ASAP7,AND3X2,AND3x2_ASAP7_6t_L,A,Y,fall,0.7,25.0,203.882,-0.5686362342325145,-0.5686362342325145,1.0969100130428,-1.0354575292084665,1.0969100130428,-1.0354575292084665,0.5686362359582722,0.5686362359582722,-0.4668212968075034,-0.4668212968075034,0.5686362359582722,-0.4668212968075034,1.0,0.0,0,1,1.4285714285714286,0.04,1
ASAP7,NAND2X1,NAND2x1_ASAP7_6t_L,A,Y,fall,0.7,25.0,7.97068,-0.9665762404918051,-0.6655462468384465,1.0969100130428,-3.14266690038237,1.0969100130428,-3.14266690038237,0.9665762445599542,0.6655462489428767,-2.176091193911514,-2.4771211244313376,0.6655462489428767,-2.4771211244313376,0.5,-0.3333333333333333,0,1,1.4285714285714286,0.04,1
ASAP7,OR3X4,OR3x4_ASAP7_6t_L,C,Y,rise,0.7,25.0,83.1311,-0.4225081990138475,-0.4225081990138475,1.6989700043447047,-1.336487520160051,1.6989700043447047,-1.336487520160051,0.4225082003269381,0.4225082003269381,-0.9139793258594977,-0.9139793258594977,0.4225082003269381,-0.9139793258594977,1.0,0.0,0,1,1.4285714285714286,0.04,1
ASAP7,OR3X1,OR3x1_ASAP7_6t_L,C,Y,fall,0.7,25.0,31.0153,-0.6655462468384465,-0.6655462468384465,1.3979400086894094,-2.8416372063114648,1.3979400086894094,-2.8416372063114648,0.6655462489428767,0.6655462489428767,-2.176091193911514,-2.176091193911514,0.6655462489428767,-2.176091193911514,1.0,0.0,0,1,1.4285714285714286,0.04,1
ASAP7,OR4X1,OR4x1_ASAP7_6t_L,B,Y,rise,0.7,25.0,76.8006,-0.5686362342325145,-0.5686362342325145,2.301029995666153,-1.9385474832136347,2.301029995666153,-1.9385474832136347,0.5686362359582722,0.5686362359582722,-1.3699112748930173,-1.3699112748930173,0.5686362359582722,-1.3699112748930173,1.0,0.0,0,1,1.4285714285714286,0.04,1
ASAP7,NAND3X2,NAND3x2_ASAP7_6t_L,B,Y,rise,0.7,25.0,16.1148,-0.48945498845297275,-0.012333734626920325,0.7958800174135623,-2.5406073614441,0.7958800174135623,-2.5406073614441,0.4894549899340993,0.012333735495859591,-2.051152473589255,-2.528273630592681,0.4894549899340993,-2.051152473589255,0.33333333333333326,-0.5,0,1,1.4285714285714286,0.04,1
ASAP7,INVX1,INVx1_ASAP7_6t_L,A,Y,rise,0.7,25.0,31.9749,-1.2676062321345412,-1.2676062321345412,0.7958800174135623,-2.239577441178447,0.7958800174135623,-2.239577441178447,1.2676062402004833,1.2676062402004833,-0.9719712723282458,-0.9719712723282458,1.2676062402004833,-0.9719712723282458,1.0,0.0,1,1,1.4285714285714286,0.04,1
ASAP7,NOR3X1,NOR3x1_ASAP7_6t_L,A,Y,rise,0.7,25.0,12.2288,-0.31336372984409655,-0.7904849827765389,0.7958800174135623,-2.8416372063114648,0.7958800174135623,-2.8416372063114648,0.31336373094877373,0.7904849855277247,-2.5282736305926807,-2.051152473589255,0.31336373094877373,-2.5282736305926807,3.0,0.4999999999999999,0,1,1.4285714285714286,0.04,1
ASAP7,NOR3X2,NOR3x2_ASAP7_6t_L,C,Y,rise,0.7,25.0,35.0423,-0.012333734626920325,-0.48945498845297275,0.7958800174135623,-1.9385474832136347,0.7958800174135623,-1.9385474832136347,0.012333735495859591,0.4894549899340993,-1.926213749195486,-1.4490925189048869,0.012333735495859591,-1.926213749195486,3.0000000000000004,0.5,0,1,1.4285714285714286,0.04,1
ASAP7,AND2X4,AND2x4_ASAP7_6t_L,A,Y,rise,0.7,25.0,51.4359,-0.3645162521797766,-0.3645162521797766,2.0000000000043427,-1.637517506399239,2.0000000000043427,-1.637517506399239,0.3645162533727032,0.3645162533727032,-1.2730012639207162,-1.2730012639207162,0.3645162533727032,-1.2730012639207162,1.0,0.0,0,1,1.4285714285714286,0.04,1
ASAP7,OR3X1,OR3x1_ASAP7_6t_L,B,Y,rise,0.7,25.0,247.293,-0.6655462468384465,-0.6655462468384465,2.6020599913290483,-1.336487520160051,2.6020599913290483,-1.336487520160051,0.6655462489428767,0.6655462489428767,-0.67094127870002,-0.67094127870002,0.6655462489428767,-0.67094127870002,1.0,0.0,0,1,1.4285714285714286,0.04,1
ASAP7,AND4X2,AND4x2_ASAP7_6t_L,A,Y,fall,0.7,25.0,112.126,-0.48945498845297275,-0.48945498845297275,1.3979400086894094,-1.336487520160051,1.3979400086894094,-1.336487520160051,0.4894549899340993,0.4894549899340993,-0.8470325367378235,-0.8470325367378235,0.4894549899340993,-0.8470325367378235,1.0,0.0,0,1,1.4285714285714286,0.04,1
ASAP7,OR3X2,OR3x2_ASAP7_6t_L,B,Y,fall,0.7,25.0,127.079,-0.5686362342325145,-0.5686362342325145,2.6020599913290483,-1.637517506399239,2.6020599913290483,-1.637517506399239,0.5686362359582722,0.5686362359582722,-1.0688812843184246,-1.0688812843184246,0.5686362359582722,-1.0688812843184246,1.0,0.0,0,1,1.4285714285714286,0.04,1
ASAP7,OR3X4,OR3x4_ASAP7_6t_L,C,Y,rise,0.7,25.0,246.842,-0.4225081990138475,-0.4225081990138475,0.7958800174135623,-0.7344275359006837,0.7958800174135623,-0.7344275359006837,0.4225082003269381,0.4225082003269381,-0.31191933720346426,-0.31191933720346426,0.4225082003269381,-0.31191933720346426,1.0,0.0,0,1,1.4285714285714286,0.04,1
ASAP7,OR3X1,OR3x1_ASAP7_6t_L,C,Y,rise,0.7,25.0,138.951,-0.6655462468384465,-0.6655462468384465,2.6020599913290483,-1.637517506399239,2.6020599913290483,-1.637517506399239,0.6655462489428767,0.6655462489428767,-0.9719712723282458,-0.9719712723282458,0.6655462489428767,-0.9719712723282458,1.0,0.0,0,1,1.4285714285714286,0.04,1
ASAP7,OR4X2,OR4x2_ASAP7_6t_L,C,Y,rise,0.7,25.0,19.7289,-0.48945498845297275,-0.48945498845297275,0.7958800174135623,-2.5406073614441,0.7958800174135623,-2.5406073614441,0.4894549899340993,0.4894549899340993,-2.051152473589255,-2.051152473589255,0.4894549899340993,-2.051152473589255,1.0,0.0,0,1,1.4285714285714286,0.04,1
ASAP7,NOR2X1,NOR2x1_ASAP7_6t_L,B,Y,fall,0.7,25.0,16.6917,-0.6655462468384465,-0.9665762404918051,0.7958800174135623,-2.5406073614441,0.7958800174135623,-2.5406073614441,0.6655462489428767,0.9665762445599542,-1.875061230819615,-1.574031251441676,0.9665762445599542,-1.574031251441676,2.0,0.3333333333333333,0,1,1.4285714285714286,0.04,1
ASAP7,BUFX2,BUFx2_ASAP7_6t_L,A,Y,rise,0.7,25.0,42.2036,-0.8696662282879977,-0.8696662282879977,2.301029995666153,-2.5406073614441,2.301029995666153,-2.5406073614441,0.8696662315636237,0.8696662315636237,-1.670941260378222,-1.670941260378222,0.8696662315636237,-1.670941260378222,1.0,0.0,0,1,1.4285714285714286,0.04,1
ASAP7,OR3X2,OR3x2_ASAP7_6t_L,B,Y,fall,0.7,25.0,61.4704,-0.5686362342325145,-0.5686362342325145,1.6989700043447047,-1.9385474832136347,1.6989700043447047,-1.9385474832136347,0.5686362359582722,0.5686362359582722,-1.3699112748930173,-1.3699112748930173,0.5686362359582722,-1.3699112748930173,1.0,0.0,0,1,1.4285714285714286,0.04,1
ASAP7,NOR3X2,NOR3x2_ASAP7_6t_L,B,Y,rise,0.7,25.0,27.1146,-0.012333734626920325,-0.48945498845297275,2.301029995666153,-2.5406073614441,2.301029995666153,-2.5406073614441,0.012333735495859591,0.4894549899340993,-2.528273630592681,-2.051152473589255,0.012333735495859591,-2.528273630592681,3.0000000000000004,0.5,0,1,1.4285714285714286,0.04,1
ASAP7,NOR3X1,NOR3x1_ASAP7_6t_L,C,Y,fall,0.7,25.0,219.994,-0.31336372984409655,-0.7904849827765389,2.0000000000043427,-1.336487520160051,2.0000000000043427,-1.336487520160051,0.31336373094877373,0.7904849855277247,-1.0231237942666882,-0.5460025426006588,0.7904849855277247,-0.5460025426006588,3.0,0.4999999999999999,0,1,1.4285714285714286,0.04,1
ASAP7,NOR2X2,NOR2x2_ASAP7_6t_L,B,Y,fall,0.7,25.0,184.636,-0.3645162521797766,-0.6655462468384465,2.6020599913290483,-1.336487520160051,2.6020599913290483,-1.336487520160051,0.3645162533727032,0.6655462489428767,-0.9719712723282457,-0.67094127870002,0.6655462489428767,-0.67094127870002,1.9999999999999998,0.3333333333333333,0,1,1.4285714285714286,0.04,1
ASAP7,NAND2X2,NAND2x2_ASAP7_6t_L,B,Y,fall,0.7,25.0,79.5846,-0.6655462468384465,-0.3645162521797766,2.301029995666153,-1.637517506399239,2.301029995666153,-1.637517506399239,0.6655462489428767,0.3645162533727032,-0.9719712723282458,-1.2730012639207162,0.3645162533727032,-1.2730012639207162,0.5000000000000001,-0.3333333333333333,0,1,1.4285714285714286,0.04,1
ASAP7,AND3X1,AND3x1_ASAP7_6t_L,B,Y,fall,0.7,25.0,21.4609,-0.6655462468384465,-0.6655462468384465,1.6989700043447047,-3.14266690038237,1.6989700043447047,-3.14266690038237,0.6655462489428767,0.6655462489428767,-2.4771211244313376,-2.4771211244313376,0.6655462489428767,-2.4771211244313376,1.0,0.0,0,1,1.4285714285714286,0.04,1
ASAP7,OR3X2,OR3x2_ASAP7_6t_L,C,Y,fall,0.7,25.0,131.809,-0.5686362342325145,-0.5686362342325145,1.6989700043447047,-1.336487520160051,1.6989700043447047,-1.336487520160051,0.5686362359582722,0.5686362359582722,-0.7678512911991375,-0.7678512911991375,0.5686362359582722,-0.7678512911991375,1.0,0.0,0,1,1.4285714285714286,0.04,1
ASAP7,AND4X2,AND4x2_ASAP7_6t_L,A,Y,rise,0.7,25.0,159.035,-0.48945498845297275,-0.48945498845297275,2.0000000000043427,-1.336487520160051,2.0000000000043427,-1.336487520160051,0.4894549899340993,0.4894549899340993,-0.8470325367378235,-0.8470325367378235,0.4894549899340993,-0.8470325367378235,1.0,0.0,0,1,1.4285714285714286,0.04,1
ASAP7,AND3X2,AND3x2_ASAP7_6t_L,C,Y,fall,0.7,25.0,42.6668,-0.5686362342325145,-0.5686362342325145,1.3979400086894094,-1.9385474832136347,1.3979400086894094,-1.9385474832136347,0.5686362359582722,0.5686362359582722,-1.3699112748930173,-1.3699112748930173,0.5686362359582722,-1.3699112748930173,1.0,0.0,0,1,1.4285714285714286,0.04,1
ASAP7,OR2X2,OR2x2_ASAP7_6t_L,B,Y,rise,0.7,25.0,27.8108,-0.6655462468384465,-0.7904849827765389,1.6989700043447047,-2.8416372063114648,1.6989700043447047,-2.8416372063114648,0.6655462489428767,0.7904849855277247,-2.176091193911514,-2.051152473589255,0.6655462489428767,-2.176091193911514,1.3333333333333335,0.14285714285714285,0,1,1.4285714285714286,0.04,1
ASAP7,OR3X1,OR3x1_ASAP7_6t_L,C,Y,rise,0.7,25.0,136.568,-0.6655462468384465,-0.6655462468384465,2.301029995666153,-1.637517506399239,2.301029995666153,-1.637517506399239,0.6655462489428767,0.6655462489428767,-0.9719712723282458,-0.9719712723282458,0.6655462489428767,-0.9719712723282458,1.0,0.0,0,1,1.4285714285714286,0.04,1
ASAP7,OR4X1,OR4x1_ASAP7_6t_L,A,Y,rise,0.7,25.0,31.2503,-0.5686362342325145,-0.5686362342325145,2.0000000000043427,-2.5406073614441,2.0000000000043427,-2.5406073614441,0.5686362359582722,0.5686362359582722,-1.9719712356846508,-1.9719712356846508,0.5686362359582722,-1.9719712356846508,1.0,0.0,0,1,1.4285714285714286,0.04,1
ASAP7,OR3X4,OR3x4_ASAP7_6t_L,B,Y,fall,0.7,25.0,56.0386,-0.4225081990138475,-0.4225081990138475,1.0969100130428,-1.9385474832136347,1.0969100130428,-1.9385474832136347,0.4225082003269381,0.4225082003269381,-1.5160393064997446,-1.5160393064997446,0.4225082003269381,-1.5160393064997446,1.0,0.0,0,1,1.4285714285714286,0.04,1
ASAP7,OR3X2,OR3x2_ASAP7_6t_L,A,Y,fall,0.7,25.0,43.9509,-0.5686362342325145,-0.5686362342325145,1.3979400086894094,-2.239577441178447,1.3979400086894094,-2.239577441178447,0.5686362359582722,0.5686362359582722,-1.670941260378222,-1.670941260378222,0.5686362359582722,-1.670941260378222,1.0,0.0,0,1,1.4285714285714286,0.04,1
ASAP7,NAND3X2,NAND3x2_ASAP7_6t_L,B,Y,fall,0.7,25.0,82.282,-0.48945498845297275,-0.012333734626920325,0.7958800174135623,-1.336487520160051,0.7958800174135623,-1.336487520160051,0.4894549899340993,0.012333735495859591,-0.8470325367378235,-1.3241537853502199,0.012333735495859591,-1.3241537853502199,0.33333333333333326,-0.5,0,1,1.4285714285714286,0.04,1
ASAP7,OR4X2,OR4x2_ASAP7_6t_L,B,Y,rise,0.7,25.0,22.1805,-0.48945498845297275,-0.48945498845297275,1.6989700043447047,-2.8416372063114648,1.6989700043447047,-2.8416372063114648,0.4894549899340993,0.4894549899340993,-2.352182420395115,-2.352182420395115,0.4894549899340993,-2.352182420395115,1.0,0.0,0,1,1.4285714285714286,0.04,1
ASAP7,AND3X2,AND3x2_ASAP7_6t_L,A,Y,fall,0.7,25.0,38.8619,-0.5686362342325145,-0.5686362342325145,2.0000000000043427,-2.239577441178447,2.0000000000043427,-2.239577441178447,0.5686362359582722,0.5686362359582722,-1.670941260378222,-1.670941260378222,0.5686362359582722,-1.670941260378222,1.0,0.0,0,1,1.4285714285714286,0.04,1
ASAP7,NOR2X2,NOR2x2_ASAP7_6t_L,A,Y,fall,0.7,25.0,25.3258,-0.3645162521797766,-0.6655462468384465,2.0000000000043427,-2.5406073614441,2.0000000000043427,-2.5406073614441,0.3645162533727032,0.6655462489428767,-2.176091193911514,-1.875061230819615,0.6655462489428767,-1.875061230819615,1.9999999999999998,0.3333333333333333,0,1,1.4285714285714286,0.04,1
ASAP7,OR2X2,OR2x2_ASAP7_6t_L,A,Y,rise,0.7,25.0,44.8299,-0.6655462468384465,-0.7904849827765389,2.301029995666153,-2.8416372063114648,2.301029995666153,-2.8416372063114648,0.6655462489428767,0.7904849855277247,-2.176091193911514,-2.051152473589255,0.6655462489428767,-2.176091193911514,1.3333333333333335,0.14285714285714285,0,1,1.4285714285714286,0.04,1
ASAP7,NAND2X2,NAND2x2_ASAP7_6t_L,B,Y,rise,0.7,25.0,111.242,-0.6655462468384465,-0.3645162521797766,2.301029995666153,-1.637517506399239,2.301029995666153,-1.637517506399239,0.6655462489428767,0.3645162533727032,-0.9719712723282458,-1.2730012639207162,0.6655462489428767,-0.9719712723282458,0.5000000000000001,-0.3333333333333333,0,1,1.4285714285714286,0.04,1
ASAP7,OR3X4,OR3x4_ASAP7_6t_L,C,Y,fall,0.7,25.0,46.6952,-0.4225081990138475,-0.4225081990138475,1.6989700043447047,-2.5406073614441,1.6989700043447047,-2.5406073614441,0.4225082003269381,0.4225082003269381,-2.1180992550768476,-2.1180992550768476,0.4225082003269381,-2.1180992550768476,1.0,0.0,0,1,1.4285714285714286,0.04,1
ASAP7,NOR3X2,NOR3x2_ASAP7_6t_L,B,Y,fall,0.7,25.0,30.6126,-0.012333734626920325,-0.48945498845297275,2.301029995666153,-2.8416372063114648,2.301029995666153,-2.8416372063114648,0.012333735495859591,0.4894549899340993,-2.829303479682349,-2.352182420395115,0.4894549899340993,-2.352182420395115,3.0000000000000004,0.5,0,1,1.4285714285714286,0.04,1
ASAP7,INVX1,INVx1_ASAP7_6t_L,A,Y,rise,0.7,25.0,49.7696,-1.2676062321345412,-1.2676062321345412,2.301029995666153,-2.5406073614441,2.301029995666153,-2.5406073614441,1.2676062402004833,1.2676062402004833,-1.2730012639207162,-1.2730012639207162,1.2676062402004833,-1.2730012639207162,1.0,0.0,1,1,1.4285714285714286,0.04,1
ASAP7,NAND2X1,NAND2x1_ASAP7_6t_L,B,Y,fall,0.7,25.0,8.95913,-0.9665762404918051,-0.6655462468384465,0.7958800174135623,-2.8416372063114648,0.7958800174135623,-2.8416372063114648,0.9665762445599542,0.6655462489428767,-1.875061230819615,-2.176091193911514,0.6655462489428767,-2.176091193911514,0.5,-0.3333333333333333,0,1,1.4285714285714286,0.04,1
ASAP7,OR3X4,OR3x4_ASAP7_6t_L,A,Y,fall,0.7,25.0,97.9204,-0.4225081990138475,-0.4225081990138475,1.3979400086894094,-1.336487520160051,1.3979400086894094,-1.336487520160051,0.4225082003269381,0.4225082003269381,-0.9139793258594977,-0.9139793258594977,0.4225082003269381,-0.9139793258594977,1.0,0.0,0,1,1.4285714285714286,0.04,1
ASAP7,NOR3X2,NOR3x2_ASAP7_6t_L,C,Y,rise,0.7,25.0,223.235,-0.012333734626920325,-0.48945498845297275,1.0969100130428,-1.0354575292084665,1.0969100130428,-1.0354575292084665,0.012333735495859591,0.4894549899340993,-1.0231237942666884,-0.5460025426006588,0.012333735495859591,-1.0231237942666884,3.0000000000000004,0.5,0,1,1.4285714285714286,0.04,1
ASAP7,AND3X4,AND3x4_ASAP7_6t_L,C,Y,fall,0.7,25.0,130.42,-0.4225081990138475,-0.26760623937278244,1.6989700043447047,-1.0354575292084665,1.6989700043447047,-1.0354575292084665,0.4225082003269381,0.26760624041155046,-0.6129493319768025,-0.7678512911991375,0.26760624041155046,-0.7678512911991375,0.7,-0.17647058823529424,0,1,1.4285714285714286,0.04,1
ASAP7,XOR2X2,XOR2x2_ASAP7_6t_L,B,Y,rise,0.7,25.0,136.719,-0.4225081990138475,-0.4225081990138475,2.0000000000043427,-1.336487520160051,2.0000000000043427,-1.336487520160051,0.4225082003269381,0.4225082003269381,-0.9139793258594977,-0.9139793258594977,0.4225082003269381,-0.9139793258594977,1.0,0.0,0,1,1.4285714285714286,0.04,1
ASAP7,OR2X4,OR2x4_ASAP7_6t_L,A,Y,fall,0.7,25.0,34.5755,-0.48945498845297275,-0.48945498845297275,1.0969100130428,-2.239577441178447,1.0969100130428,-2.239577441178447,0.4894549899340993,0.4894549899340993,-1.7501225023543363,-1.7501225023543363,0.4894549899340993,-1.7501225023543363,1.0,0.0,0,1,1.4285714285714286,0.04,1
ASAP7,AND2X4,AND2x4_ASAP7_6t_L,A,Y,rise,0.7,25.0,29.6714,-0.3645162521797766,-0.3645162521797766,0.7958800174135623,-1.9385474832136347,0.7958800174135623,-1.9385474832136347,0.3645162533727032,0.3645162533727032,-1.574031251441676,-1.574031251441676,0.3645162533727032,-1.574031251441676,1.0,0.0,0,1,1.4285714285714286,0.04,1
ASAP7,INVX8,INVx8_ASAP7_6t_L,A,Y,fall,0.7,25.0,6.1114,-0.3645162521797766,-0.3645162521797766,0.7958800174135623,-2.239577441178447,0.7958800174135623,-2.239577441178447,0.3645162533727032,0.3645162533727032,-1.875061230819615,-1.875061230819615,0.3645162533727032,-1.875061230819615,1.0,0.0,1,1,1.4285714285714286,0.04,1
ASAP7,XOR2X2,XOR2x2_ASAP7_6t_L,A,Y,rise,0.7,25.0,33.2977,-0.4225081990138475,-0.4225081990138475,2.6020599913290483,-2.8416372063114648,2.6020599913290483,-2.8416372063114648,0.4225082003269381,0.4225082003269381,-2.419129193739689,-2.419129193739689,0.4225082003269381,-2.419129193739689,1.0,0.0,0,1,1.4285714285714286,0.04,1
ASAP7,AND3X4,AND3x4_ASAP7_6t_L,A,Y,fall,0.7,25.0,119.787,-0.4225081990138475,-0.26760623937278244,1.3979400086894094,-1.0354575292084665,1.3979400086894094,-1.0354575292084665,0.4225082003269381,0.26760624041155046,-0.6129493319768025,-0.7678512911991375,0.26760624041155046,-0.7678512911991375,0.7,-0.17647058823529424,0,1,1.4285714285714286,0.04,1
ASAP7,NOR2X2,NOR2x2_ASAP7_6t_L,B,Y,fall,0.7,25.0,8.95789,-0.3645162521797766,-0.6655462468384465,1.0969100130428,-2.8416372063114648,1.0969100130428,-2.8416372063114648,0.3645162533727032,0.6655462489428767,-2.477121124431337,-2.176091193911514,0.6655462489428767,-2.176091193911514,1.9999999999999998,0.3333333333333333,0,1,1.4285714285714286,0.04,1
ASAP7,OR4X1,OR4x1_ASAP7_6t_L,B,Y,rise,0.7,25.0,40.1675,-0.5686362342325145,-0.5686362342325145,1.0969100130428,-2.239577441178447,1.0969100130428,-2.239577441178447,0.5686362359582722,0.5686362359582722,-1.670941260378222,-1.670941260378222,0.5686362359582722,-1.670941260378222,1.0,0.0,0,1,1.4285714285714286,0.04,1
ASAP7,NAND3X1,NAND3x1_ASAP7_6t_L,C,Y,rise,0.7,25.0,24.9376,-0.7904849827765389,-0.31336372984409655,0.7958800174135623,-2.5406073614441,0.7958800174135623,-2.5406073614441,0.7904849855277247,0.31336373094877373,-1.7501225023543363,-2.227243708215875,0.7904849855277247,-1.7501225023543363,0.3333333333333333,-0.4999999999999999,0,1,1.4285714285714286,0.04,1
ASAP7,BUFX2,BUFx2_ASAP7_6t_L,A,Y,fall,0.7,25.0,29.453,-0.8696662282879977,-0.8696662282879977,1.6989700043447047,-2.8416372063114648,1.6989700043447047,-2.8416372063114648,0.8696662315636237,0.8696662315636237,-1.9719712356846508,-1.9719712356846508,0.8696662315636237,-1.9719712356846508,1.0,0.0,0,1,1.4285714285714286,0.04,1
ASAP7,AND2X4,AND2x4_ASAP7_6t_L,A,Y,rise,0.7,25.0,22.8475,-0.3645162521797766,-0.3645162521797766,1.0969100130428,-2.239577441178447,1.0969100130428,-2.239577441178447,0.3645162533727032,0.3645162533727032,-1.875061230819615,-1.875061230819615,0.3645162533727032,-1.875061230819615,1.0,0.0,0,1,1.4285714285714286,0.04,1
ASAP7,AND3X2,AND3x2_ASAP7_6t_L,C,Y,fall,0.7,25.0,66.3867,-0.5686362342325145,-0.5686362342325145,1.3979400086894094,-1.637517506399239,1.3979400086894094,-1.637517506399239,0.5686362359582722,0.5686362359582722,-1.0688812843184246,-1.0688812843184246,0.5686362359582722,-1.0688812843184246,1.0,0.0,0,1,1.4285714285714286,0.04,1
ASAP7,NOR2X2,NOR2x2_ASAP7_6t_L,B,Y,fall,0.7,25.0,20.904,-0.3645162521797766,-0.6655462468384465,1.3979400086894094,-2.239577441178447,1.3979400086894094,-2.239577441178447,0.3645162533727032,0.6655462489428767,-1.875061230819615,-1.574031251441676,0.6655462489428767,-1.574031251441676,1.9999999999999998,0.3333333333333333,0,1,1.4285714285714286,0.04,1
ASAP7,NOR3X1,NOR3x1_ASAP7_6t_L,A,Y,rise,0.7,25.0,237.459,-0.31336372984409655,-0.7904849827765389,2.0000000000043427,-1.336487520160051,2.0000000000043427,-1.336487520160051,0.31336373094877373,0.7904849855277247,-1.0231237942666882,-0.5460025426006588,0.31336373094877373,-1.0231237942666882,3.0,0.4999999999999999,0,1,1.4285714285714286,0.04,1
ASAP7,NOR2X1,NOR2x1_ASAP7_6t_L,B,Y,rise,0.7,25.0,79.9471,-0.6655462468384465,-0.9665762404918051,2.0000000000043427,-1.9385474832136347,2.0000000000043427,-1.9385474832136347,0.6655462489428767,0.9665762445599542,-1.2730012639207162,-0.9719712723282458,0.6655462489428767,-1.2730012639207162,2.0,0.3333333333333333,0,1,1.4285714285714286,0.04,1
ASAP7,AND3X4,AND3x4_ASAP7_6t_L,B,Y,rise,0.7,25.0,49.4165,-0.4225081990138475,-0.26760623937278244,2.301029995666153,-1.9385474832136347,2.301029995666153,-1.9385474832136347,0.4225082003269381,0.26760624041155046,-1.5160393064997446,-1.670941260378222,0.4225082003269381,-1.5160393064997446,0.7,-0.17647058823529424,0,1,1.4285714285714286,0.04,1
ASAP7,OR2X4,OR2x4_ASAP7_6t_L,B,Y,fall,0.7,25.0,277.277,-0.48945498845297275,-0.48945498845297275,2.6020599913290483,-0.7344275359006837,2.6020599913290483,-0.7344275359006837,0.4894549899340993,0.4894549899340993,-0.24497254770008592,-0.24497254770008592,0.4894549899340993,-0.24497254770008592,1.0,0.0,0,1,1.4285714285714286,0.04,1
ASAP7,INVX1,INVx1_ASAP7_6t_L,A,Y,fall,0.7,25.0,60.512,-1.2676062321345412,-1.2676062321345412,1.6989700043447047,-1.9385474832136347,1.6989700043447047,-1.9385474832136347,1.2676062402004833,1.2676062402004833,-0.67094127870002,-0.67094127870002,1.2676062402004833,-0.67094127870002,1.0,0.0,1,1,1.4285714285714286,0.04,1
ASAP7,OR4X2,OR4x2_ASAP7_6t_L,B,Y,rise,0.7,25.0,39.8637,-0.48945498845297275,-0.48945498845297275,2.6020599913290483,-2.239577441178447,2.6020599913290483,-2.239577441178447,0.4894549899340993,0.4894549899340993,-1.7501225023543363,-1.7501225023543363,0.4894549899340993,-1.7501225023543363,1.0,0.0,0,1,1.4285714285714286,0.04,1
ASAP7,OR2X4,OR2x4_ASAP7_6t_L,A,Y,rise,0.7,25.0,262.662,-0.48945498845297275,-0.48945498845297275,2.301029995666153,-0.7344275359006837,2.301029995666153,-0.7344275359006837,0.4894549899340993,0.4894549899340993,-0.24497254770008592,-0.24497254770008592,0.4894549899340993,-0.24497254770008592,1.0,0.0,0,1,1.4285714285714286,0.04,1
ASAP7,OR2X4,OR2x4_ASAP7_6t_L,B,Y,fall,0.7,25.0,53.7145,-0.48945498845297275,-0.48945498845297275,0.7958800174135623,-1.637517506399239,0.7958800174135623,-1.637517506399239,0.4894549899340993,0.4894549899340993,-1.1480625293481717,-1.1480625293481717,0.4894549899340993,-1.1480625293481717,1.0,0.0,0,1,1.4285714285714286,0.04,1
ASAP7,OR3X1,OR3x1_ASAP7_6t_L,A,Y,rise,0.7,25.0,13.336,-0.6655462468384465,-0.6655462468384465,0.7958800174135623,-3.14266690038237,0.7958800174135623,-3.14266690038237,0.6655462489428767,0.6655462489428767,-2.4771211244313376,-2.4771211244313376,0.6655462489428767,-2.4771211244313376,1.0,0.0,0,1,1.4285714285714286,0.04,1
ASAP7,AND2X2,AND2x2_ASAP7_6t_L,A,Y,fall,0.7,25.0,26.517,-0.7904849827765389,-0.6655462468384465,1.3979400086894094,-2.8416372063114648,1.3979400086894094,-2.8416372063114648,0.7904849855277247,0.6655462489428767,-2.051152473589255,-2.176091193911514,0.6655462489428767,-2.176091193911514,0.75,-0.14285714285714285,0,1,1.4285714285714286,0.04,1
ASAP7,NAND2X1,NAND2x1_ASAP7_6t_L,A,Y,fall,0.7,25.0,27.1906,-0.9665762404918051,-0.6655462468384465,1.3979400086894094,-2.239577441178447,1.3979400086894094,-2.239577441178447,0.9665762445599542,0.6655462489428767,-1.2730012639207162,-1.574031251441676,0.6655462489428767,-1.574031251441676,0.5,-0.3333333333333333,0,1,1.4285714285714286,0.04,1
ASAP7,OR3X4,OR3x4_ASAP7_6t_L,B,Y,rise,0.7,25.0,27.563,-0.4225081990138475,-0.4225081990138475,1.3979400086894094,-2.239577441178447,1.3979400086894094,-2.239577441178447,0.4225082003269381,0.4225082003269381,-1.817069287913439,-1.817069287913439,0.4225082003269381,-1.817069287913439,1.0,0.0,0,1,1.4285714285714286,0.04,1
ASAP7,AND3X1,AND3x1_ASAP7_6t_L,A,Y,rise,0.7,25.0,36.3945,-0.6655462468384465,-0.6655462468384465,1.3979400086894094,-2.5406073614441,1.3979400086894094,-2.5406073614441,0.6655462489428767,0.6655462489428767,-1.875061230819615,-1.875061230819615,0.6655462489428767,-1.875061230819615,1.0,0.0,0,1,1.4285714285714286,0.04,1
ASAP7,NOR2X2,NOR2x2_ASAP7_6t_L,A,Y,rise,0.7,25.0,88.7544,-0.3645162521797766,-0.6655462468384465,2.301029995666153,-1.637517506399239,2.301029995666153,-1.637517506399239,0.3645162533727032,0.6655462489428767,-1.2730012639207162,-0.9719712723282458,0.3645162533727032,-1.2730012639207162,1.9999999999999998,0.3333333333333333,0,1,1.4285714285714286,0.04,1
ASAP7,OR3X4,OR3x4_ASAP7_6t_L,B,Y,fall,0.7,25.0,157.261,-0.4225081990138475,-0.4225081990138475,2.0000000000043427,-1.0354575292084665,2.0000000000043427,-1.0354575292084665,0.4225082003269381,0.4225082003269381,-0.6129493319768025,-0.6129493319768025,0.4225082003269381,-0.6129493319768025,1.0,0.0,0,1,1.4285714285714286,0.04,1
ASAP7,NAND3X2,NAND3x2_ASAP7_6t_L,C,Y,rise,0.7,25.0,159.991,-0.48945498845297275,-0.012333734626920325,2.6020599913290483,-1.637517506399239,2.6020599913290483,-1.637517506399239,0.4894549899340993,0.012333735495859591,-1.1480625293481717,-1.6251837718533022,0.4894549899340993,-1.1480625293481717,0.33333333333333326,-0.5,0,1,1.4285714285714286,0.04,1
ASAP7,AND4X2,AND4x2_ASAP7_6t_L,B,Y,fall,0.7,25.0,39.253,-0.48945498845297275,-0.48945498845297275,1.0969100130428,-1.9385474832136347,1.0969100130428,-1.9385474832136347,0.4894549899340993,0.4894549899340993,-1.4490925189048869,-1.4490925189048869,0.4894549899340993,-1.4490925189048869,1.0,0.0,0,1,1.4285714285714286,0.04,1
ASAP7,AND3X4,AND3x4_ASAP7_6t_L,C,Y,rise,0.7,25.0,139.846,-0.4225081990138475,-0.26760623937278244,1.3979400086894094,-1.0354575292084665,1.3979400086894094,-1.0354575292084665,0.4225082003269381,0.26760624041155046,-0.6129493319768025,-0.7678512911991375,0.4225082003269381,-0.6129493319768025,0.7,-0.17647058823529424,0,1,1.4285714285714286,0.04,1
ASAP7,INVX1,INVx1_ASAP7_6t_L,A,Y,rise,0.7,25.0,22.492,-1.2676062321345412,-1.2676062321345412,1.3979400086894094,-2.5406073614441,1.3979400086894094,-2.5406073614441,1.2676062402004833,1.2676062402004833,-1.2730012639207162,-1.2730012639207162,1.2676062402004833,-1.2730012639207162,1.0,0.0,1,1,1.4285714285714286,0.04,1
ASAP7,OR3X1,OR3x1_ASAP7_6t_L,A,Y,fall,0.7,25.0,119.678,-0.6655462468384465,-0.6655462468384465,1.0969100130428,-1.637517506399239,1.0969100130428,-1.637517506399239,0.6655462489428767,0.6655462489428767,-0.9719712723282458,-0.9719712723282458,0.6655462489428767,-0.9719712723282458,1.0,0.0,0,1,1.4285714285714286,0.04,1
ASAP7,AND3X4,AND3x4_ASAP7_6t_L,B,Y,fall,0.7,25.0,56.6898,-0.4225081990138475,-0.26760623937278244,1.6989700043447047,-1.637517506399239,1.6989700043447047,-1.637517506399239,0.4225082003269381,0.26760624041155046,-1.2150093179609072,-1.3699112748930173,0.26760624041155046,-1.3699112748930173,0.7,-0.17647058823529424,0,1,1.4285714285714286,0.04,1
ASAP7,XOR2X2,XOR2x2_ASAP7_6t_L,A,Y,rise,0.7,25.0,75.4555,-0.4225081990138475,-0.4225081990138475,2.6020599913290483,-1.9385474832136347,2.6020599913290483,-1.9385474832136347,0.4225082003269381,0.4225082003269381,-1.5160393064997446,-1.5160393064997446,0.4225082003269381,-1.5160393064997446,1.0,0.0,0,1,1.4285714285714286,0.04,1
ASAP7,INVX8,INVx8_ASAP7_6t_L,A,Y,fall,0.7,25.0,23.6437,-0.3645162521797766,-0.3645162521797766,2.301029995666153,-1.9385474832136347,2.301029995666153,-1.9385474832136347,0.3645162533727032,0.3645162533727032,-1.574031251441676,-1.574031251441676,0.3645162533727032,-1.574031251441676,1.0,0.0,1,1,1.4285714285714286,0.04,1
ASAP7,AND4X2,AND4x2_ASAP7_6t_L,C,Y,rise,0.7,25.0,54.2844,-0.48945498845297275,-0.48945498845297275,2.6020599913290483,-2.8416372063114648,2.6020599913290483,-2.8416372063114648,0.4894549899340993,0.4894549899340993,-2.352182420395115,-2.352182420395115,0.4894549899340993,-2.352182420395115,1.0,0.0,0,1,1.4285714285714286,0.04,1
ASAP7,BUFX4,BUFx4_ASAP7_6t_L,A,Y,fall,0.7,25.0,50.507,-0.5686362342325145,-0.5686362342325145,1.6989700043447047,-1.637517506399239,1.6989700043447047,-1.637517506399239,0.5686362359582722,0.5686362359582722,-1.0688812843184246,-1.0688812843184246,0.5686362359582722,-1.0688812843184246,1.0,0.0,0,1,1.4285714285714286,0.04,1
ASAP7,AND3X4,AND3x4_ASAP7_6t_L,B,Y,fall,0.7,25.0,223.244,-0.4225081990138475,-0.26760623937278244,1.6989700043447047,-0.7344275359006837,1.6989700043447047,-0.7344275359006837,0.4225082003269381,0.26760624041155046,-0.31191933720346426,-0.4668212968075034,0.26760624041155046,-0.4668212968075034,0.7,-0.17647058823529424,0,1,1.4285714285714286,0.04,1
ASAP7,INVX1,INVx1_ASAP7_6t_L,A,Y,rise,0.7,25.0,26.2328,-1.2676062321345412,-1.2676062321345412,2.0000000000043427,-2.8416372063114648,2.0000000000043427,-2.8416372063114648,1.2676062402004833,1.2676062402004833,-1.574031251441676,-1.574031251441676,1.2676062402004833,-1.574031251441676,1.0,0.0,1,1,1.4285714285714286,0.04,1
ASAP7,NAND2X1,NAND2x1_ASAP7_6t_L,A,Y,fall,0.7,25.0,13.3764,-0.9665762404918051,-0.6655462468384465,1.6989700043447047,-2.8416372063114648,1.6989700043447047,-2.8416372063114648,0.9665762445599542,0.6655462489428767,-1.875061230819615,-2.176091193911514,0.6655462489428767,-2.176091193911514,0.5,-0.3333333333333333,0,1,1.4285714285714286,0.04,1
ASAP7,OR4X1,OR4x1_ASAP7_6t_L,C,Y,fall,0.7,25.0,45.8416,-0.5686362342325145,-0.5686362342325145,1.3979400086894094,-2.5406073614441,1.3979400086894094,-2.5406073614441,0.5686362359582722,0.5686362359582722,-1.9719712356846508,-1.9719712356846508,0.5686362359582722,-1.9719712356846508,1.0,0.0,0,1,1.4285714285714286,0.04,1
ASAP7,AND3X4,AND3x4_ASAP7_6t_L,A,Y,rise,0.7,25.0,142.824,-0.4225081990138475,-0.26760623937278244,1.6989700043447047,-1.0354575292084665,1.6989700043447047,-1.0354575292084665,0.4225082003269381,0.26760624041155046,-0.6129493319768025,-0.7678512911991375,0.4225082003269381,-0.6129493319768025,0.7,-0.17647058823529424,0,1,1.4285714285714286,0.04,1
ASAP7,NOR3X1,NOR3x1_ASAP7_6t_L,C,Y,rise,0.7,25.0,35.671,-0.31336372984409655,-0.7904849827765389,1.0969100130428,-2.239577441178447,1.0969100130428,-2.239577441178447,0.31336373094877373,0.7904849855277247,-1.926213749195486,-1.4490925189048869,0.31336373094877373,-1.926213749195486,3.0,0.4999999999999999,0,1,1.4285714285714286,0.04,1
ASAP7,BUFX4,BUFx4_ASAP7_6t_L,A,Y,rise,0.7,25.0,250.808,-0.5686362342325145,-0.5686362342325145,1.6989700043447047,-0.7344275359006837,1.6989700043447047,-0.7344275359006837,0.5686362359582722,0.5686362359582722,-0.16579130177969584,-0.16579130177969584,0.5686362359582722,-0.16579130177969584,1.0,0.0,0,1,1.4285714285714286,0.04,1
ASAP7,AND3X4,AND3x4_ASAP7_6t_L,C,Y,fall,0.7,25.0,96.3782,-0.4225081990138475,-0.26760623937278244,2.6020599913290483,-1.9385474832136347,2.6020599913290483,-1.9385474832136347,0.4225082003269381,0.26760624041155046,-1.5160393064997446,-1.670941260378222,0.26760624041155046,-1.670941260378222,0.7,-0.17647058823529424,0,1,1.4285714285714286,0.04,1
ASAP7,OR3X1,OR3x1_ASAP7_6t_L,B,Y,rise,0.7,25.0,27.7502,-0.6655462468384465,-0.6655462468384465,1.3979400086894094,-2.5406073614441,1.3979400086894094,-2.5406073614441,0.6655462489428767,0.6655462489428767,-1.875061230819615,-1.875061230819615,0.6655462489428767,-1.875061230819615,1.0,0.0,0,1,1.4285714285714286,0.04,1
ASAP7,AND3X1,AND3x1_ASAP7_6t_L,A,Y,rise,0.7,25.0,44.5168,-0.6655462468384465,-0.6655462468384465,2.0000000000043427,-2.5406073614441,2.0000000000043427,-2.5406073614441,0.6655462489428767,0.6655462489428767,-1.875061230819615,-1.875061230819615,0.6655462489428767,-1.875061230819615,1.0,0.0,0,1,1.4285714285714286,0.04,1
ASAP7,NOR3X2,NOR3x2_ASAP7_6t_L,B,Y,fall,0.7,25.0,31.778,-0.012333734626920325,-0.48945498845297275,0.7958800174135623,-1.9385474832136347,0.7958800174135623,-1.9385474832136347,0.012333735495859591,0.4894549899340993,-1.926213749195486,-1.4490925189048869,0.4894549899340993,-1.4490925189048869,3.0000000000000004,0.5,0,1,1.4285714285714286,0.04,1
ASAP7,NAND3X1,NAND3x1_ASAP7_6t_L,B,Y,rise,0.7,25.0,172.172,-0.7904849827765389,-0.31336372984409655,2.301029995666153,-1.637517506399239,2.301029995666153,-1.637517506399239,0.7904849855277247,0.31336373094877373,-0.8470325367378235,-1.3241537853502199,0.7904849855277247,-0.8470325367378235,0.3333333333333333,-0.4999999999999999,0,1,1.4285714285714286,0.04,1
ASAP7,AND4X2,AND4x2_ASAP7_6t_L,C,Y,rise,0.7,25.0,52.675,-0.48945498845297275,-0.48945498845297275,2.0000000000043427,-2.239577441178447,2.0000000000043427,-2.239577441178447,0.4894549899340993,0.4894549899340993,-1.7501225023543363,-1.7501225023543363,0.4894549899340993,-1.7501225023543363,1.0,0.0,0,1,1.4285714285714286,0.04,1
ASAP7,AND4X1,AND4x1_ASAP7_6t_L,A,Y,rise,0.7,25.0,253.168,-0.5686362342325145,-0.5686362342325145,1.3979400086894094,-1.336487520160051,1.3979400086894094,-1.336487520160051,0.5686362359582722,0.5686362359582722,-0.7678512911991375,-0.7678512911991375,0.5686362359582722,-0.7678512911991375,1.0,0.0,0,1,1.4285714285714286,0.04,1
ASAP7,OR4X2,OR4x2_ASAP7_6t_L,D,Y,fall,0.7,25.0,56.0357,-0.48945498845297275,-0.48945498845297275,1.6989700043447047,-2.239577441178447,1.6989700043447047,-2.239577441178447,0.4894549899340993,0.4894549899340993,-1.7501225023543363,-1.7501225023543363,0.4894549899340993,-1.7501225023543363,1.0,0.0,0,1,1.4285714285714286,0.04,1
ASAP7,INVX2,INVx2_ASAP7_6t_L,A,Y,rise,0.7,25.0,72.2421,-0.9665762404918051,-0.9665762404918051,2.301029995666153,-1.9385474832136347,2.301029995666153,-1.9385474832136347,0.9665762445599542,0.9665762445599542,-0.9719712723282458,-0.9719712723282458,0.9665762445599542,-0.9719712723282458,1.0,0.0,1,1,1.4285714285714286,0.04,1
ASAP7,NAND3X2,NAND3x2_ASAP7_6t_L,B,Y,fall,0.7,25.0,16.2841,-0.48945498845297275,-0.012333734626920325,1.0969100130428,-2.239577441178447,1.0969100130428,-2.239577441178447,0.4894549899340993,0.012333735495859591,-1.7501225023543363,-2.227243708215875,0.012333735495859591,-2.227243708215875,0.33333333333333326,-0.5,0,1,1.4285714285714286,0.04,1
ASAP7,INVX1,INVx1_ASAP7_6t_L,A,Y,fall,0.7,25.0,15.491,-1.2676062321345412,-1.2676062321345412,2.301029995666153,-3.14266690038237,2.301029995666153,-3.14266690038237,1.2676062402004833,1.2676062402004833,-1.875061230819615,-1.875061230819615,1.2676062402004833,-1.875061230819615,1.0,0.0,1,1,1.4285714285714286,0.04,1
ASAP7,NAND3X1,NAND3x1_ASAP7_6t_L,B,Y,rise,0.7,25.0,61.2793,-0.7904849827765389,-0.31336372984409655,2.0000000000043427,-2.239577441178447,2.0000000000043427,-2.239577441178447,0.7904849855277247,0.31336373094877373,-1.4490925189048869,-1.926213749195486,0.7904849855277247,-1.4490925189048869,0.3333333333333333,-0.4999999999999999,0,1,1.4285714285714286,0.04,1
ASAP7,NAND2X2,NAND2x2_ASAP7_6t_L,B,Y,fall,0.7,25.0,84.139,-0.6655462468384465,-0.3645162521797766,0.7958800174135623,-1.336487520160051,0.7958800174135623,-1.336487520160051,0.6655462489428767,0.3645162533727032,-0.67094127870002,-0.9719712723282457,0.3645162533727032,-0.9719712723282457,0.5000000000000001,-0.3333333333333333,0,1,1.4285714285714286,0.04,1
ASAP7,INVX2,INVx2_ASAP7_6t_L,A,Y,rise,0.7,25.0,118.22,-0.9665762404918051,-0.9665762404918051,1.0969100130428,-1.336487520160051,1.0969100130428,-1.336487520160051,0.9665762445599542,0.9665762445599542,-0.3699112840539164,-0.3699112840539164,0.9665762445599542,-0.3699112840539164,1.0,0.0,1,1,1.4285714285714286,0.04,1
ASAP7,NAND3X2,NAND3x2_ASAP7_6t_L,C,Y,rise,0.7,25.0,227.463,-0.48945498845297275,-0.012333734626920325,2.6020599913290483,-1.336487520160051,2.6020599913290483,-1.336487520160051,0.4894549899340993,0.012333735495859591,-0.8470325367378235,-1.3241537853502199,0.4894549899340993,-0.8470325367378235,0.33333333333333326,-0.5,0,1,1.4285714285714286,0.04,1
ASAP7,NAND2X2,NAND2x2_ASAP7_6t_L,A,Y,rise,0.7,25.0,10.2262,-0.6655462468384465,-0.3645162521797766,0.7958800174135623,-2.8416372063114648,0.7958800174135623,-2.8416372063114648,0.6655462489428767,0.3645162533727032,-2.176091193911514,-2.477121124431337,0.6655462489428767,-2.176091193911514,0.5000000000000001,-0.3333333333333333,0,1,1.4285714285714286,0.04,1
ASAP7,AND4X2,AND4x2_ASAP7_6t_L,C,Y,fall,0.7,25.0,31.664,-0.48945498845297275,-0.48945498845297275,2.0000000000043427,-2.8416372063114648,2.0000000000043427,-2.8416372063114648,0.4894549899340993,0.4894549899340993,-2.352182420395115,-2.352182420395115,0.4894549899340993,-2.352182420395115,1.0,0.0,0,1,1.4285714285714286,0.04,1
ASAP7,AND3X4,AND3x4_ASAP7_6t_L,A,Y,rise,0.7,25.0,95.84,-0.4225081990138475,-0.26760623937278244,2.301029995666153,-1.336487520160051,2.301029995666153,-1.336487520160051,0.4225082003269381,0.26760624041155046,-0.9139793258594977,-1.0688812843184246,0.4225082003269381,-0.9139793258594977,0.7,-0.17647058823529424,0,1,1.4285714285714286,0.04,1
ASAP7,INVX4,INVx4_ASAP7_6t_L,A,Y,rise,0.7,25.0,36.4771,-0.6655462468384465,-0.6655462468384465,1.3979400086894094,-1.637517506399239,1.3979400086894094,-1.637517506399239,0.6655462489428767,0.6655462489428767,-0.9719712723282458,-0.9719712723282458,0.6655462489428767,-0.9719712723282458,1.0,0.0,1,1,1.4285714285714286,0.04,1
ASAP7,AND3X4,AND3x4_ASAP7_6t_L,B,Y,rise,0.7,25.0,36.1379,-0.4225081990138475,-0.26760623937278244,2.301029995666153,-2.5406073614441,2.301029995666153,-2.5406073614441,0.4225082003269381,0.26760624041155046,-2.1180992550768476,-2.27300119063353,0.4225082003269381,-2.1180992550768476,0.7,-0.17647058823529424,0,1,1.4285714285714286,0.04,1
ASAP7,AND4X2,AND4x2_ASAP7_6t_L,A,Y,rise,0.7,25.0,43.722,-0.48945498845297275,-0.48945498845297275,2.0000000000043427,-2.8416372063114648,2.0000000000043427,-2.8416372063114648,0.4894549899340993,0.4894549899340993,-2.352182420395115,-2.352182420395115,0.4894549899340993,-2.352182420395115,1.0,0.0,0,1,1.4285714285714286,0.04,1
ASAP7,XOR2X2,XOR2x2_ASAP7_6t_L,B,Y,rise,0.7,25.0,129.702,-0.4225081990138475,-0.4225081990138475,0.7958800174135623,-1.336487520160051,0.7958800174135623,-1.336487520160051,0.4225082003269381,0.4225082003269381,-0.9139793258594977,-0.9139793258594977,0.4225082003269381,-0.9139793258594977,1.0,0.0,0,1,1.4285714285714286,0.04,1
ASAP7,NOR3X1,NOR3x1_ASAP7_6t_L,B,Y,rise,0.7,25.0,128.607,-0.31336372984409655,-0.7904849827765389,2.0000000000043427,-1.637517506399239,2.0000000000043427,-1.637517506399239,0.31336373094877373,0.7904849855277247,-1.3241537853502199,-0.8470325367378235,0.31336373094877373,-1.3241537853502199,3.0,0.4999999999999999,0,1,1.4285714285714286,0.04,1
ASAP7,AND4X2,AND4x2_ASAP7_6t_L,C,Y,rise,0.7,25.0,68.2549,-0.48945498845297275,-0.48945498845297275,2.0000000000043427,-1.9385474832136347,2.0000000000043427,-1.9385474832136347,0.4894549899340993,0.4894549899340993,-1.4490925189048869,-1.4490925189048869,0.4894549899340993,-1.4490925189048869,1.0,0.0,0,1,1.4285714285714286,0.04,1
ASAP7,AND4X1,AND4x1_ASAP7_6t_L,B,Y,fall,0.7,25.0,213.213,-0.5686362342325145,-0.5686362342325145,2.0000000000043427,-1.336487520160051,2.0000000000043427,-1.336487520160051,0.5686362359582722,0.5686362359582722,-0.7678512911991375,-0.7678512911991375,0.5686362359582722,-0.7678512911991375,1.0,0.0,0,1,1.4285714285714286,0.04,1
ASAP7,NAND3X1,NAND3x1_ASAP7_6t_L,B,Y,rise,0.7,25.0,155.232,-0.7904849827765389,-0.31336372984409655,2.6020599913290483,-1.9385474832136347,2.6020599913290483,-1.9385474832136347,0.7904849855277247,0.31336373094877373,-1.1480625293481717,-1.6251837718533022,0.7904849855277247,-1.1480625293481717,0.3333333333333333,-0.4999999999999999,0,1,1.4285714285714286,0.04,1
ASAP7,OR4X1,OR4x1_ASAP7_6t_L,A,Y,fall,0.7,25.0,32.6962,-0.5686362342325145,-0.5686362342325145,0.7958800174135623,-2.8416372063114648,0.7958800174135623,-2.8416372063114648,0.5686362359582722,0.5686362359582722,-2.27300119063353,-2.27300119063353,0.5686362359582722,-2.27300119063353,1.0,0.0,0,1,1.4285714285714286,0.04,1
ASAP7,XOR2X2,XOR2x2_ASAP7_6t_L,B,Y,rise,0.7,25.0,63.8809,-0.4225081990138475,-0.4225081990138475,2.0000000000043427,-1.9385474832136347,2.0000000000043427,-1.9385474832136347,0.4225082003269381,0.4225082003269381,-1.5160393064997446,-1.5160393064997446,0.4225082003269381,-1.5160393064997446,1.0,0.0,0,1,1.4285714285714286,0.04,1
ASAP7,OR3X4,OR3x4_ASAP7_6t_L,C,Y,rise,0.7,25.0,260.607,-0.4225081990138475,-0.4225081990138475,2.0000000000043427,-0.7344275359006837,2.0000000000043427,-0.7344275359006837,0.4225082003269381,0.4225082003269381,-0.31191933720346426,-0.31191933720346426,0.4225082003269381,-0.31191933720346426,1.0,0.0,0,1,1.4285714285714286,0.04,1
ASAP7,XOR2X2,XOR2x2_ASAP7_6t_L,B,Y,fall,0.7,25.0,68.1241,-0.4225081990138475,-0.4225081990138475,0.7958800174135623,-1.637517506399239,0.7958800174135623,-1.637517506399239,0.4225082003269381,0.4225082003269381,-1.2150093179609072,-1.2150093179609072,0.4225082003269381,-1.2150093179609072,1.0,0.0,0,1,1.4285714285714286,0.04,1
ASAP7,OR4X2,OR4x2_ASAP7_6t_L,B,Y,fall,0.7,25.0,37.3652,-0.48945498845297275,-0.48945498845297275,0.7958800174135623,-2.8416372063114648,0.7958800174135623,-2.8416372063114648,0.4894549899340993,0.4894549899340993,-2.352182420395115,-2.352182420395115,0.4894549899340993,-2.352182420395115,1.0,0.0,0,1,1.4285714285714286,0.04,1
ASAP7,NAND3X1,NAND3x1_ASAP7_6t_L,A,Y,fall,0.7,25.0,32.234,-0.7904849827765389,-0.31336372984409655,1.6989700043447047,-2.239577441178447,1.6989700043447047,-2.239577441178447,0.7904849855277247,0.31336373094877373,-1.4490925189048869,-1.926213749195486,0.31336373094877373,-1.926213749195486,0.3333333333333333,-0.4999999999999999,0,1,1.4285714285714286,0.04,1
ASAP7,AND2X2,AND2x2_ASAP7_6t_L,B,Y,rise,0.7,25.0,142.986,-0.7904849827765389,-0.6655462468384465,2.301029995666153,-1.336487520160051,2.301029995666153,-1.336487520160051,0.7904849855277247,0.6655462489428767,-0.5460025426006588,-0.67094127870002,0.7904849855277247,-0.5460025426006588,0.75,-0.14285714285714285,0,1,1.4285714285714286,0.04,1
ASAP7,AND4X2,AND4x2_ASAP7_6t_L,C,Y,rise,0.7,25.0,36.9168,-0.48945498845297275,-0.48945498845297275,0.7958800174135623,-2.5406073614441,0.7958800174135623,-2.5406073614441,0.4894549899340993,0.4894549899340993,-2.051152473589255,-2.051152473589255,0.4894549899340993,-2.051152473589255,1.0,0.0,0,1,1.4285714285714286,0.04,1
ASAP7,NAND3X1,NAND3x1_ASAP7_6t_L,C,Y,rise,0.7,25.0,40.7793,-0.7904849827765389,-0.31336372984409655,1.0969100130428,-2.239577441178447,1.0969100130428,-2.239577441178447,0.7904849855277247,0.31336373094877373,-1.4490925189048869,-1.926213749195486,0.7904849855277247,-1.4490925189048869,0.3333333333333333,-0.4999999999999999,0,1,1.4285714285714286,0.04,1
ASAP7,OR4X1,OR4x1_ASAP7_6t_L,B,Y,fall,0.7,25.0,86.0354,-0.5686362342325145,-0.5686362342325145,1.6989700043447047,-1.9385474832136347,1.6989700043447047,-1.9385474832136347,0.5686362359582722,0.5686362359582722,-1.3699112748930173,-1.3699112748930173,0.5686362359582722,-1.3699112748930173,1.0,0.0,0,1,1.4285714285714286,0.04,1
ASAP7,OR4X2,OR4x2_ASAP7_6t_L,B,Y,fall,0.7,25.0,39.5255,-0.48945498845297275,-0.48945498845297275,1.3979400086894094,-2.8416372063114648,1.3979400086894094,-2.8416372063114648,0.4894549899340993,0.4894549899340993,-2.352182420395115,-2.352182420395115,0.4894549899340993,-2.352182420395115,1.0,0.0,0,1,1.4285714285714286,0.04,1
ASAP7,AND3X2,AND3x2_ASAP7_6t_L,B,Y,fall,0.7,25.0,203.038,-0.5686362342325145,-0.5686362342325145,0.7958800174135623,-1.0354575292084665,0.7958800174135623,-1.0354575292084665,0.5686362359582722,0.5686362359582722,-0.4668212968075034,-0.4668212968075034,0.5686362359582722,-0.4668212968075034,1.0,0.0,0,1,1.4285714285714286,0.04,1
ASAP7,NAND3X2,NAND3x2_ASAP7_6t_L,A,Y,rise,0.7,25.0,18.5523,-0.48945498845297275,-0.012333734626920325,1.3979400086894094,-2.5406073614441,1.3979400086894094,-2.5406073614441,0.4894549899340993,0.012333735495859591,-2.051152473589255,-2.528273630592681,0.4894549899340993,-2.051152473589255,0.33333333333333326,-0.5,0,1,1.4285714285714286,0.04,1
ASAP7,OR4X2,OR4x2_ASAP7_6t_L,D,Y,rise,0.7,25.0,71.6318,-0.48945498845297275,-0.48945498845297275,1.0969100130428,-1.637517506399239,1.0969100130428,-1.637517506399239,0.4894549899340993,0.4894549899340993,-1.1480625293481717,-1.1480625293481717,0.4894549899340993,-1.1480625293481717,1.0,0.0,0,1,1.4285714285714286,0.04,1
ASAP7,AND2X4,AND2x4_ASAP7_6t_L,A,Y,fall,0.7,25.0,38.3836,-0.3645162521797766,-0.3645162521797766,2.0000000000043427,-1.9385474832136347,2.0000000000043427,-1.9385474832136347,0.3645162533727032,0.3645162533727032,-1.574031251441676,-1.574031251441676,0.3645162533727032,-1.574031251441676,1.0,0.0,0,1,1.4285714285714286,0.04,1
ASAP7,OR2X2,OR2x2_ASAP7_6t_L,B,Y,rise,0.7,25.0,31.1133,-0.6655462468384465,-0.7904849827765389,0.7958800174135623,-2.239577441178447,0.7958800174135623,-2.239577441178447,0.6655462489428767,0.7904849855277247,-1.574031251441676,-1.4490925189048869,0.6655462489428767,-1.574031251441676,1.3333333333333335,0.14285714285714285,0,1,1.4285714285714286,0.04,1
ASAP7,AND4X2,AND4x2_ASAP7_6t_L,A,Y,rise,0.7,25.0,147.35,-0.48945498845297275,-0.48945498845297275,1.3979400086894094,-1.336487520160051,1.3979400086894094,-1.336487520160051,0.4894549899340993,0.4894549899340993,-0.8470325367378235,-0.8470325367378235,0.4894549899340993,-0.8470325367378235,1.0,0.0,0,1,1.4285714285714286,0.04,1
ASAP7,NOR2X1,NOR2x1_ASAP7_6t_L,B,Y,fall,0.7,25.0,20.8099,-0.6655462468384465,-0.9665762404918051,2.301029995666153,-3.14266690038237,2.301029995666153,-3.14266690038237,0.6655462489428767,0.9665762445599542,-2.4771211244313376,-2.176091193911514,0.9665762445599542,-2.176091193911514,2.0,0.3333333333333333,0,1,1.4285714285714286,0.04,1
ASAP7,OR2X2,OR2x2_ASAP7_6t_L,A,Y,rise,0.7,25.0,61.9246,-0.6655462468384465,-0.7904849827765389,2.0000000000043427,-1.9385474832136347,2.0000000000043427,-1.9385474832136347,0.6655462489428767,0.7904849855277247,-1.2730012639207162,-1.1480625293481717,0.6655462489428767,-1.2730012639207162,1.3333333333333335,0.14285714285714285,0,1,1.4285714285714286,0.04,1
ASAP7,OR3X4,OR3x4_ASAP7_6t_L,A,Y,fall,0.7,25.0,273.994,-0.4225081990138475,-0.4225081990138475,2.301029995666153,-0.7344275359006837,2.301029995666153,-0.7344275359006837,0.4225082003269381,0.4225082003269381,-0.31191933720346426,-0.31191933720346426,0.4225082003269381,-0.31191933720346426,1.0,0.0,0,1,1.4285714285714286,0.04,1
ASAP7,NOR3X1,NOR3x1_ASAP7_6t_L,C,Y,rise,0.7,25.0,231.081,-0.31336372984409655,-0.7904849827765389,2.0000000000043427,-1.336487520160051,2.0000000000043427,-1.336487520160051,0.31336373094877373,0.7904849855277247,-1.0231237942666882,-0.5460025426006588,0.31336373094877373,-1.0231237942666882,3.0,0.4999999999999999,0,1,1.4285714285714286,0.04,1
ASAP7,AND3X2,AND3x2_ASAP7_6t_L,B,Y,fall,0.7,25.0,238.777,-0.5686362342325145,-0.5686362342325145,2.6020599913290483,-1.0354575292084665,2.6020599913290483,-1.0354575292084665,0.5686362359582722,0.5686362359582722,-0.4668212968075034,-0.4668212968075034,0.5686362359582722,-0.4668212968075034,1.0,0.0,0,1,1.4285714285714286,0.04,1
ASAP7,AND4X2,AND4x2_ASAP7_6t_L,C,Y,rise,0.7,25.0,59.9782,-0.48945498845297275,-0.48945498845297275,2.6020599913290483,-2.5406073614441,2.6020599913290483,-2.5406073614441,0.4894549899340993,0.4894549899340993,-2.051152473589255,-2.051152473589255,0.4894549899340993,-2.051152473589255,1.0,0.0,0,1,1.4285714285714286,0.04,1
ASAP7,AND2X2,AND2x2_ASAP7_6t_L,B,Y,rise,0.7,25.0,249.419,-0.7904849827765389,-0.6655462468384465,1.6989700043447047,-1.0354575292084665,1.6989700043447047,-1.0354575292084665,0.7904849855277247,0.6655462489428767,-0.24497254770008592,-0.3699112840539164,0.7904849855277247,-0.24497254770008592,0.75,-0.14285714285714285,0,1,1.4285714285714286,0.04,1
ASAP7,NOR3X2,NOR3x2_ASAP7_6t_L,B,Y,fall,0.7,25.0,37.314,-0.012333734626920325,-0.48945498845297275,2.301029995666153,-2.5406073614441,2.301029995666153,-2.5406073614441,0.012333735495859591,0.4894549899340993,-2.528273630592681,-2.051152473589255,0.4894549899340993,-2.051152473589255,3.0000000000000004,0.5,0,1,1.4285714285714286,0.04,1
ASAP7,NAND3X1,NAND3x1_ASAP7_6t_L,A,Y,rise,0.7,25.0,65.2298,-0.7904849827765389,-0.31336372984409655,1.0969100130428,-1.9385474832136347,1.0969100130428,-1.9385474832136347,0.7904849855277247,0.31336373094877373,-1.1480625293481717,-1.6251837718533022,0.7904849855277247,-1.1480625293481717,0.3333333333333333,-0.4999999999999999,0,1,1.4285714285714286,0.04,1
ASAP7,OR4X1,OR4x1_ASAP7_6t_L,A,Y,fall,0.7,25.0,80.8237,-0.5686362342325145,-0.5686362342325145,1.3979400086894094,-1.9385474832136347,1.3979400086894094,-1.9385474832136347,0.5686362359582722,0.5686362359582722,-1.3699112748930173,-1.3699112748930173,0.5686362359582722,-1.3699112748930173,1.0,0.0,0,1,1.4285714285714286,0.04,1
ASAP7,OR3X2,OR3x2_ASAP7_6t_L,C,Y,rise,0.7,25.0,130.048,-0.5686362342325145,-0.5686362342325145,1.3979400086894094,-1.336487520160051,1.3979400086894094,-1.336487520160051,0.5686362359582722,0.5686362359582722,-0.7678512911991375,-0.7678512911991375,0.5686362359582722,-0.7678512911991375,1.0,0.0,0,1,1.4285714285714286,0.04,1
ASAP7,AND4X2,AND4x2_ASAP7_6t_L,A,Y,rise,0.7,25.0,151.94,-0.48945498845297275,-0.48945498845297275,1.6989700043447047,-1.336487520160051,1.6989700043447047,-1.336487520160051,0.4894549899340993,0.4894549899340993,-0.8470325367378235,-0.8470325367378235,0.4894549899340993,-0.8470325367378235,1.0,0.0,0,1,1.4285714285714286,0.04,1
ASAP7,OR3X2,OR3x2_ASAP7_6t_L,A,Y,fall,0.7,25.0,79.0594,-0.5686362342325145,-0.5686362342325145,1.0969100130428,-1.637517506399239,1.0969100130428,-1.637517506399239,0.5686362359582722,0.5686362359582722,-1.0688812843184246,-1.0688812843184246,0.5686362359582722,-1.0688812843184246,1.0,0.0,0,1,1.4285714285714286,0.04,1
ASAP7,NAND3X2,NAND3x2_ASAP7_6t_L,C,Y,rise,0.7,25.0,73.2594,-0.48945498845297275,-0.012333734626920325,2.6020599913290483,-2.8416372063114648,2.6020599913290483,-2.8416372063114648,0.4894549899340993,0.012333735495859591,-2.352182420395115,-2.829303479682349,0.4894549899340993,-2.352182420395115,0.33333333333333326,-0.5,0,1,1.4285714285714286,0.04,1
ASAP7,BUFX4,BUFx4_ASAP7_6t_L,A,Y,fall,0.7,25.0,31.8792,-0.5686362342325145,-0.5686362342325145,1.6989700043447047,-2.239577441178447,1.6989700043447047,-2.239577441178447,0.5686362359582722,0.5686362359582722,-1.670941260378222,-1.670941260378222,0.5686362359582722,-1.670941260378222,1.0,0.0,0,1,1.4285714285714286,0.04,1
ASAP7,NAND2X1,NAND2x1_ASAP7_6t_L,A,Y,fall,0.7,25.0,126.604,-0.9665762404918051,-0.6655462468384465,2.6020599913290483,-1.637517506399239,2.6020599913290483,-1.637517506399239,0.9665762445599542,0.6655462489428767,-0.67094127870002,-0.9719712723282458,0.6655462489428767,-0.9719712723282458,0.5,-0.3333333333333333,0,1,1.4285714285714286,0.04,1
ASAP7,OR2X4,OR2x4_ASAP7_6t_L,B,Y,fall,0.7,25.0,125.752,-0.48945498845297275,-0.48945498845297275,0.7958800174135623,-1.0354575292084665,0.7958800174135623,-1.0354575292084665,0.4894549899340993,0.4894549899340993,-0.5460025426006588,-0.5460025426006588,0.4894549899340993,-0.5460025426006588,1.0,0.0,0,1,1.4285714285714286,0.04,1
ASAP7,NOR3X2,NOR3x2_ASAP7_6t_L,C,Y,rise,0.7,25.0,67.1195,-0.012333734626920325,-0.48945498845297275,1.6989700043447047,-1.637517506399239,1.6989700043447047,-1.637517506399239,0.012333735495859591,0.4894549899340993,-1.6251837718533022,-1.1480625293481717,0.012333735495859591,-1.6251837718533022,3.0000000000000004,0.5,0,1,1.4285714285714286,0.04,1
ASAP7,OR4X1,OR4x1_ASAP7_6t_L,D,Y,rise,0.7,25.0,18.1495,-0.5686362342325145,-0.5686362342325145,1.3979400086894094,-3.14266690038237,1.3979400086894094,-3.14266690038237,0.5686362359582722,0.5686362359582722,-2.5740311048673186,-2.5740311048673186,0.5686362359582722,-2.5740311048673186,1.0,0.0,0,1,1.4285714285714286,0.04,1
ASAP7,NAND2X1,NAND2x1_ASAP7_6t_L,A,Y,fall,0.7,25.0,50.3899,-0.9665762404918051,-0.6655462468384465,1.6989700043447047,-1.9385474832136347,1.6989700043447047,-1.9385474832136347,0.9665762445599542,0.6655462489428767,-0.9719712723282458,-1.2730012639207162,0.6655462489428767,-1.2730012639207162,0.5,-0.3333333333333333,0,1,1.4285714285714286,0.04,1
ASAP7,OR3X1,OR3x1_ASAP7_6t_L,A,Y,fall,0.7,25.0,170.559,-0.6655462468384465,-0.6655462468384465,2.6020599913290483,-1.637517506399239,2.6020599913290483,-1.637517506399239,0.6655462489428767,0.6655462489428767,-0.9719712723282458,-0.9719712723282458,0.6655462489428767,-0.9719712723282458,1.0,0.0,0,1,1.4285714285714286,0.04,1
ASAP7,OR3X2,OR3x2_ASAP7_6t_L,A,Y,fall,0.7,25.0,33.121,-0.5686362342325145,-0.5686362342325145,0.7958800174135623,-2.5406073614441,0.7958800174135623,-2.5406073614441,0.5686362359582722,0.5686362359582722,-1.9719712356846508,-1.9719712356846508,0.5686362359582722,-1.9719712356846508,1.0,0.0,0,1,1.4285714285714286,0.04,1
ASAP7,NOR2X1,NOR2x1_ASAP7_6t_L,B,Y,rise,0.7,25.0,121.751,-0.6655462468384465,-0.9665762404918051,1.6989700043447047,-1.637517506399239,1.6989700043447047,-1.637517506399239,0.6655462489428767,0.9665762445599542,-0.9719712723282458,-0.67094127870002,0.6655462489428767,-0.9719712723282458,2.0,0.3333333333333333,0,1,1.4285714285714286,0.04,1
ASAP7,AND2X4,AND2x4_ASAP7_6t_L,A,Y,rise,0.7,25.0,28.6082,-0.3645162521797766,-0.3645162521797766,2.301029995666153,-2.5406073614441,2.301029995666153,-2.5406073614441,0.3645162533727032,0.3645162533727032,-2.176091193911514,-2.176091193911514,0.3645162533727032,-2.176091193911514,1.0,0.0,0,1,1.4285714285714286,0.04,1
ASAP7,AND3X4,AND3x4_ASAP7_6t_L,C,Y,rise,0.7,25.0,253.698,-0.4225081990138475,-0.26760623937278244,1.3979400086894094,-0.7344275359006837,1.3979400086894094,-0.7344275359006837,0.4225082003269381,0.26760624041155046,-0.31191933720346426,-0.4668212968075034,0.4225082003269381,-0.31191933720346426,0.7,-0.17647058823529424,0,1,1.4285714285714286,0.04,1
ASAP7,OR4X1,OR4x1_ASAP7_6t_L,B,Y,fall,0.7,25.0,69.0665,-0.5686362342325145,-0.5686362342325145,2.0000000000043427,-2.239577441178447,2.0000000000043427,-2.239577441178447,0.5686362359582722,0.5686362359582722,-1.670941260378222,-1.670941260378222,0.5686362359582722,-1.670941260378222,1.0,0.0,0,1,1.4285714285714286,0.04,1
ASAP7,OR3X1,OR3x1_ASAP7_6t_L,B,Y,fall,0.7,25.0,58.9332,-0.6655462468384465,-0.6655462468384465,2.301029995666153,-2.5406073614441,2.301029995666153,-2.5406073614441,0.6655462489428767,0.6655462489428767,-1.875061230819615,-1.875061230819615,0.6655462489428767,-1.875061230819615,1.0,0.0,0,1,1.4285714285714286,0.04,1
ASAP7,OR4X2,OR4x2_ASAP7_6t_L,B,Y,rise,0.7,25.0,136.171,-0.48945498845297275,-0.48945498845297275,2.0000000000043427,-1.336487520160051,2.0000000000043427,-1.336487520160051,0.4894549899340993,0.4894549899340993,-0.8470325367378235,-0.8470325367378235,0.4894549899340993,-0.8470325367378235,1.0,0.0,0,1,1.4285714285714286,0.04,1
ASAP7,AND2X4,AND2x4_ASAP7_6t_L,B,Y,rise,0.7,25.0,39.5555,-0.3645162521797766,-0.3645162521797766,2.301029995666153,-2.239577441178447,2.301029995666153,-2.239577441178447,0.3645162533727032,0.3645162533727032,-1.875061230819615,-1.875061230819615,0.3645162533727032,-1.875061230819615,1.0,0.0,0,1,1.4285714285714286,0.04,1
ASAP7,OR4X2,OR4x2_ASAP7_6t_L,B,Y,fall,0.7,25.0,43.399,-0.48945498845297275,-0.48945498845297275,1.6989700043447047,-2.8416372063114648,1.6989700043447047,-2.8416372063114648,0.4894549899340993,0.4894549899340993,-2.352182420395115,-2.352182420395115,0.4894549899340993,-2.352182420395115,1.0,0.0,0,1,1.4285714285714286,0.04,1
ASAP7,BUFX8,BUFx8_ASAP7_6t_L,A,Y,fall,0.7,25.0,85.372,-0.26760623937278244,-0.26760623937278244,2.6020599913290483,-1.336487520160051,2.6020599913290483,-1.336487520160051,0.26760624041155046,0.26760624041155046,-1.0688812843184246,-1.0688812843184246,0.26760624041155046,-1.0688812843184246,1.0,0.0,0,1,1.4285714285714286,0.04,1
ASAP7,BUFX2,BUFx2_ASAP7_6t_L,A,Y,fall,0.7,25.0,67.3985,-0.8696662282879977,-0.8696662282879977,1.0969100130428,-1.637517506399239,1.0969100130428,-1.637517506399239,0.8696662315636237,0.8696662315636237,-0.7678512911991375,-0.7678512911991375,0.8696662315636237,-0.7678512911991375,1.0,0.0,0,1,1.4285714285714286,0.04,1
ASAP7,AND2X4,AND2x4_ASAP7_6t_L,B,Y,rise,0.7,25.0,32.9578,-0.3645162521797766,-0.3645162521797766,1.3979400086894094,-1.9385474832136347,1.3979400086894094,-1.9385474832136347,0.3645162533727032,0.3645162533727032,-1.574031251441676,-1.574031251441676,0.3645162533727032,-1.574031251441676,1.0,0.0,0,1,1.4285714285714286,0.04,1
ASAP7,NOR3X2,NOR3x2_ASAP7_6t_L,C,Y,fall,0.7,25.0,293.323,-0.012333734626920325,-0.48945498845297275,2.6020599913290483,-1.0354575292084665,2.6020599913290483,-1.0354575292084665,0.012333735495859591,0.4894549899340993,-1.0231237942666884,-0.5460025426006588,0.4894549899340993,-0.5460025426006588,3.0000000000000004,0.5,0,1,1.4285714285714286,0.04,1
ASAP7,AND3X1,AND3x1_ASAP7_6t_L,B,Y,rise,0.7,25.0,78.2759,-0.6655462468384465,-0.6655462468384465,1.3979400086894094,-1.9385474832136347,1.3979400086894094,-1.9385474832136347,0.6655462489428767,0.6655462489428767,-1.2730012639207162,-1.2730012639207162,0.6655462489428767,-1.2730012639207162,1.0,0.0,0,1,1.4285714285714286,0.04,1
ASAP7,NOR3X1,NOR3x1_ASAP7_6t_L,B,Y,rise,0.7,25.0,14.0418,-0.31336372984409655,-0.7904849827765389,0.7958800174135623,-2.8416372063114648,0.7958800174135623,-2.8416372063114648,0.31336373094877373,0.7904849855277247,-2.5282736305926807,-2.051152473589255,0.31336373094877373,-2.5282736305926807,3.0,0.4999999999999999,0,1,1.4285714285714286,0.04,1
ASAP7,BUFX2,BUFx2_ASAP7_6t_L,A,Y,fall,0.7,25.0,255.101,-0.8696662282879977,-0.8696662282879977,2.6020599913290483,-1.0354575292084665,2.6020599913290483,-1.0354575292084665,0.8696662315636237,0.8696662315636237,-0.16579130177969584,-0.16579130177969584,0.8696662315636237,-0.16579130177969584,1.0,0.0,0,1,1.4285714285714286,0.04,1
ASAP7,OR4X1,OR4x1_ASAP7_6t_L,D,Y,fall,0.7,25.0,32.4416,-0.5686362342325145,-0.5686362342325145,0.7958800174135623,-3.14266690038237,0.7958800174135623,-3.14266690038237,0.5686362359582722,0.5686362359582722,-2.5740311048673186,-2.5740311048673186,0.5686362359582722,-2.5740311048673186,1.0,0.0,0,1,1.4285714285714286,0.04,1
ASAP7,AND3X1,AND3x1_ASAP7_6t_L,A,Y,rise,0.7,25.0,95.3041,-0.6655462468384465,-0.6655462468384465,2.301029995666153,-1.9385474832136347,2.301029995666153,-1.9385474832136347,0.6655462489428767,0.6655462489428767,-1.2730012639207162,-1.2730012639207162,0.6655462489428767,-1.2730012639207162,1.0,0.0,0,1,1.4285714285714286,0.04,1
ASAP7,OR4X2,OR4x2_ASAP7_6t_L,C,Y,fall,0.7,25.0,87.4579,-0.48945498845297275,-0.48945498845297275,2.301029995666153,-1.9385474832136347,2.301029995666153,-1.9385474832136347,0.4894549899340993,0.4894549899340993,-1.4490925189048869,-1.4490925189048869,0.4894549899340993,-1.4490925189048869,1.0,0.0,0,1,1.4285714285714286,0.04,1
ASAP7,AND2X4,AND2x4_ASAP7_6t_L,A,Y,rise,0.7,25.0,137.089,-0.3645162521797766,-0.3645162521797766,2.0000000000043427,-1.0354575292084665,2.0000000000043427,-1.0354575292084665,0.3645162533727032,0.3645162533727032,-0.6709412787000198,-0.6709412787000198,0.3645162533727032,-0.6709412787000198,1.0,0.0,0,1,1.4285714285714286,0.04,1
ASAP7,NAND2X1,NAND2x1_ASAP7_6t_L,B,Y,rise,0.7,25.0,73.0107,-0.9665762404918051,-0.6655462468384465,1.6989700043447047,-1.9385474832136347,1.6989700043447047,-1.9385474832136347,0.9665762445599542,0.6655462489428767,-0.9719712723282458,-1.2730012639207162,0.9665762445599542,-0.9719712723282458,0.5,-0.3333333333333333,0,1,1.4285714285714286,0.04,1
ASAP7,AND4X1,AND4x1_ASAP7_6t_L,D,Y,rise,0.7,25.0,154.561,-0.5686362342325145,-0.5686362342325145,2.6020599913290483,-1.637517506399239,2.6020599913290483,-1.637517506399239,0.5686362359582722,0.5686362359582722,-1.0688812843184246,-1.0688812843184246,0.5686362359582722,-1.0688812843184246,1.0,0.0,0,1,1.4285714285714286,0.04,1
ASAP7,NAND3X2,NAND3x2_ASAP7_6t_L,A,Y,fall,0.7,25.0,14.941,-0.48945498845297275,-0.012333734626920325,1.6989700043447047,-2.5406073614441,1.6989700043447047,-2.5406073614441,0.4894549899340993,0.012333735495859591,-2.051152473589255,-2.528273630592681,0.012333735495859591,-2.528273630592681,0.33333333333333326,-0.5,0,1,1.4285714285714286,0.04,1
ASAP7,NAND3X2,NAND3x2_ASAP7_6t_L,A,Y,fall,0.7,25.0,146.57,-0.48945498845297275,-0.012333734626920325,2.6020599913290483,-1.336487520160051,2.6020599913290483,-1.336487520160051,0.4894549899340993,0.012333735495859591,-0.8470325367378235,-1.3241537853502199,0.012333735495859591,-1.3241537853502199,0.33333333333333326,-0.5,0,1,1.4285714285714286,0.04,1
ASAP7,NAND2X1,NAND2x1_ASAP7_6t_L,B,Y,rise,0.7,25.0,57.1135,-0.9665762404918051,-0.6655462468384465,2.0000000000043427,-2.239577441178447,2.0000000000043427,-2.239577441178447,0.9665762445599542,0.6655462489428767,-1.2730012639207162,-1.574031251441676,0.9665762445599542,-1.2730012639207162,0.5,-0.3333333333333333,0,1,1.4285714285714286,0.04,1
ASAP7,NAND2X2,NAND2x2_ASAP7_6t_L,A,Y,fall,0.7,25.0,24.2769,-0.6655462468384465,-0.3645162521797766,2.301029995666153,-2.239577441178447,2.301029995666153,-2.239577441178447,0.6655462489428767,0.3645162533727032,-1.574031251441676,-1.875061230819615,0.3645162533727032,-1.875061230819615,0.5000000000000001,-0.3333333333333333,0,1,1.4285714285714286,0.04,1
ASAP7,NAND2X2,NAND2x2_ASAP7_6t_L,B,Y,rise,0.7,25.0,35.5169,-0.6655462468384465,-0.3645162521797766,1.0969100130428,-1.9385474832136347,1.0969100130428,-1.9385474832136347,0.6655462489428767,0.3645162533727032,-1.2730012639207162,-1.574031251441676,0.6655462489428767,-1.2730012639207162,0.5000000000000001,-0.3333333333333333,0,1,1.4285714285714286,0.04,1
ASAP7,AND4X1,AND4x1_ASAP7_6t_L,B,Y,fall,0.7,25.0,25.0628,-0.5686362342325145,-0.5686362342325145,1.0969100130428,-2.5406073614441,1.0969100130428,-2.5406073614441,0.5686362359582722,0.5686362359582722,-1.9719712356846508,-1.9719712356846508,0.5686362359582722,-1.9719712356846508,1.0,0.0,0,1,1.4285714285714286,0.04,1
ASAP7,AND4X1,AND4x1_ASAP7_6t_L,A,Y,rise,0.7,25.0,27.375,-0.5686362342325145,-0.5686362342325145,1.3979400086894094,-3.14266690038237,1.3979400086894094,-3.14266690038237,0.5686362359582722,0.5686362359582722,-2.5740311048673186,-2.5740311048673186,0.5686362359582722,-2.5740311048673186,1.0,0.0,0,1,1.4285714285714286,0.04,1
ASAP7,OR2X4,OR2x4_ASAP7_6t_L,B,Y,fall,0.7,25.0,44.4274,-0.48945498845297275,-0.48945498845297275,1.3979400086894094,-1.9385474832136347,1.3979400086894094,-1.9385474832136347,0.4894549899340993,0.4894549899340993,-1.4490925189048869,-1.4490925189048869,0.4894549899340993,-1.4490925189048869,1.0,0.0,0,1,1.4285714285714286,0.04,1
ASAP7,NAND2X2,NAND2x2_ASAP7_6t_L,A,Y,rise,0.7,25.0,11.6503,-0.6655462468384465,-0.3645162521797766,1.0969100130428,-2.8416372063114648,1.0969100130428,-2.8416372063114648,0.6655462489428767,0.3645162533727032,-2.176091193911514,-2.477121124431337,0.6655462489428767,-2.176091193911514,0.5000000000000001,-0.3333333333333333,0,1,1.4285714285714286,0.04,1
ASAP7,OR4X1,OR4x1_ASAP7_6t_L,B,Y,rise,0.7,25.0,46.6177,-0.5686362342325145,-0.5686362342325145,2.6020599913290483,-2.239577441178447,2.6020599913290483,-2.239577441178447,0.5686362359582722,0.5686362359582722,-1.670941260378222,-1.670941260378222,0.5686362359582722,-1.670941260378222,1.0,0.0,0,1,1.4285714285714286,0.04,1
ASAP7,NAND3X1,NAND3x1_ASAP7_6t_L,C,Y,rise,0.7,25.0,340.188,-0.7904849827765389,-0.31336372984409655,2.6020599913290483,-1.336487520160051,2.6020599913290483,-1.336487520160051,0.7904849855277247,0.31336373094877373,-0.5460025426006588,-1.0231237942666882,0.7904849855277247,-0.5460025426006588,0.3333333333333333,-0.4999999999999999,0,1,1.4285714285714286,0.04,1
ASAP7,AND4X1,AND4x1_ASAP7_6t_L,C,Y,fall,0.7,25.0,27.9732,-0.5686362342325145,-0.5686362342325145,2.0000000000043427,-3.14266690038237,2.0000000000043427,-3.14266690038237,0.5686362359582722,0.5686362359582722,-2.5740311048673186,-2.5740311048673186,0.5686362359582722,-2.5740311048673186,1.0,0.0,0,1,1.4285714285714286,0.04,1
ASAP7,AND3X2,AND3x2_ASAP7_6t_L,B,Y,rise,0.7,25.0,53.7604,-0.5686362342325145,-0.5686362342325145,1.0969100130428,-1.9385474832136347,1.0969100130428,-1.9385474832136347,0.5686362359582722,0.5686362359582722,-1.3699112748930173,-1.3699112748930173,0.5686362359582722,-1.3699112748930173,1.0,0.0,0,1,1.4285714285714286,0.04,1
ASAP7,OR4X2,OR4x2_ASAP7_6t_L,A,Y,fall,0.7,25.0,70.4607,-0.48945498845297275,-0.48945498845297275,1.6989700043447047,-1.9385474832136347,1.6989700043447047,-1.9385474832136347,0.4894549899340993,0.4894549899340993,-1.4490925189048869,-1.4490925189048869,0.4894549899340993,-1.4490925189048869,1.0,0.0,0,1,1.4285714285714286,0.04,1
ASAP7,OR3X4,OR3x4_ASAP7_6t_L,B,Y,rise,0.7,25.0,27.5917,-0.4225081990138475,-0.4225081990138475,1.6989700043447047,-2.5406073614441,1.6989700043447047,-2.5406073614441,0.4225082003269381,0.4225082003269381,-2.1180992550768476,-2.1180992550768476,0.4225082003269381,-2.1180992550768476,1.0,0.0,0,1,1.4285714285714286,0.04,1
ASAP7,NOR2X1,NOR2x1_ASAP7_6t_L,A,Y,rise,0.7,25.0,144.377,-0.6655462468384465,-0.9665762404918051,2.301029995666153,-1.637517506399239,2.301029995666153,-1.637517506399239,0.6655462489428767,0.9665762445599542,-0.9719712723282458,-0.67094127870002,0.6655462489428767,-0.9719712723282458,2.0,0.3333333333333333,0,1,1.4285714285714286,0.04,1
ASAP7,XOR2X2,XOR2x2_ASAP7_6t_L,A,Y,rise,0.7,25.0,36.1374,-0.4225081990138475,-0.4225081990138475,0.7958800174135623,-2.239577441178447,0.7958800174135623,-2.239577441178447,0.4225082003269381,0.4225082003269381,-1.817069287913439,-1.817069287913439,0.4225082003269381,-1.817069287913439,1.0,0.0,0,1,1.4285714285714286,0.04,1
ASAP7,OR3X2,OR3x2_ASAP7_6t_L,A,Y,fall,0.7,25.0,72.3346,-0.5686362342325145,-0.5686362342325145,2.301029995666153,-2.239577441178447,2.301029995666153,-2.239577441178447,0.5686362359582722,0.5686362359582722,-1.670941260378222,-1.670941260378222,0.5686362359582722,-1.670941260378222,1.0,0.0,0,1,1.4285714285714286,0.04,1
ASAP7,NOR2X1,NOR2x1_ASAP7_6t_L,A,Y,rise,0.7,25.0,26.0774,-0.6655462468384465,-0.9665762404918051,1.6989700043447047,-2.5406073614441,1.6989700043447047,-2.5406073614441,0.6655462489428767,0.9665762445599542,-1.875061230819615,-1.574031251441676,0.6655462489428767,-1.875061230819615,2.0,0.3333333333333333,0,1,1.4285714285714286,0.04,1
ASAP7,OR2X4,OR2x4_ASAP7_6t_L,B,Y,rise,0.7,25.0,243.187,-0.48945498845297275,-0.48945498845297275,0.7958800174135623,-0.7344275359006837,0.7958800174135623,-0.7344275359006837,0.4894549899340993,0.4894549899340993,-0.24497254770008592,-0.24497254770008592,0.4894549899340993,-0.24497254770008592,1.0,0.0,0,1,1.4285714285714286,0.04,1
ASAP7,OR3X2,OR3x2_ASAP7_6t_L,B,Y,fall,0.7,25.0,153.115,-0.5686362342325145,-0.5686362342325145,2.301029995666153,-1.336487520160051,2.301029995666153,-1.336487520160051,0.5686362359582722,0.5686362359582722,-0.7678512911991375,-0.7678512911991375,0.5686362359582722,-0.7678512911991375,1.0,0.0,0,1,1.4285714285714286,0.04,1
ASAP7,NAND3X1,NAND3x1_ASAP7_6t_L,C,Y,rise,0.7,25.0,80.4404,-0.7904849827765389,-0.31336372984409655,2.6020599913290483,-2.8416372063114648,2.6020599913290483,-2.8416372063114648,0.7904849855277247,0.31336373094877373,-2.051152473589255,-2.5282736305926807,0.7904849855277247,-2.051152473589255,0.3333333333333333,-0.4999999999999999,0,1,1.4285714285714286,0.04,1
ASAP7,OR4X2,OR4x2_ASAP7_6t_L,B,Y,rise,0.7,25.0,252.265,-0.48945498845297275,-0.48945498845297275,2.301029995666153,-1.0354575292084665,2.301029995666153,-1.0354575292084665,0.4894549899340993,0.4894549899340993,-0.5460025426006588,-0.5460025426006588,0.4894549899340993,-0.5460025426006588,1.0,0.0,0,1,1.4285714285714286,0.04,1
ASAP7,OR3X2,OR3x2_ASAP7_6t_L,C,Y,rise,0.7,25.0,243.451,-0.5686362342325145,-0.5686362342325145,1.3979400086894094,-1.0354575292084665,1.3979400086894094,-1.0354575292084665,0.5686362359582722,0.5686362359582722,-0.4668212968075034,-0.4668212968075034,0.5686362359582722,-0.4668212968075034,1.0,0.0,0,1,1.4285714285714286,0.04,1
ASAP7,OR4X2,OR4x2_ASAP7_6t_L,A,Y,rise,0.7,25.0,16.2077,-0.48945498845297275,-0.48945498845297275,1.0969100130428,-2.8416372063114648,1.0969100130428,-2.8416372063114648,0.4894549899340993,0.4894549899340993,-2.352182420395115,-2.352182420395115,0.4894549899340993,-2.352182420395115,1.0,0.0,0,1,1.4285714285714286,0.04,1
ASAP7,OR3X1,OR3x1_ASAP7_6t_L,B,Y,rise,0.7,25.0,32.4218,-0.6655462468384465,-0.6655462468384465,2.0000000000043427,-2.5406073614441,2.0000000000043427,-2.5406073614441,0.6655462489428767,0.6655462489428767,-1.875061230819615,-1.875061230819615,0.6655462489428767,-1.875061230819615,1.0,0.0,0,1,1.4285714285714286,0.04,1
ASAP7,AND2X4,AND2x4_ASAP7_6t_L,B,Y,rise,0.7,25.0,61.6613,-0.3645162521797766,-0.3645162521797766,2.301029995666153,-1.637517506399239,2.301029995666153,-1.637517506399239,0.3645162533727032,0.3645162533727032,-1.2730012639207162,-1.2730012639207162,0.3645162533727032,-1.2730012639207162,1.0,0.0,0,1,1.4285714285714286,0.04,1
ASAP7,NAND3X1,NAND3x1_ASAP7_6t_L,B,Y,fall,0.7,25.0,22.9886,-0.7904849827765389,-0.31336372984409655,2.0000000000043427,-2.5406073614441,2.0000000000043427,-2.5406073614441,0.7904849855277247,0.31336373094877373,-1.7501225023543363,-2.227243708215875,0.31336373094877373,-2.227243708215875,0.3333333333333333,-0.4999999999999999,0,1,1.4285714285714286,0.04,1
ASAP7,OR2X2,OR2x2_ASAP7_6t_L,B,Y,rise,0.7,25.0,245.425,-0.6655462468384465,-0.7904849827765389,1.0969100130428,-1.0354575292084665,1.0969100130428,-1.0354575292084665,0.6655462489428767,0.7904849855277247,-0.3699112840539164,-0.24497254770008592,0.6655462489428767,-0.3699112840539164,1.3333333333333335,0.14285714285714285,0,1,1.4285714285714286,0.04,1
ASAP7,OR4X2,OR4x2_ASAP7_6t_L,D,Y,rise,0.7,25.0,16.1388,-0.48945498845297275,-0.48945498845297275,0.7958800174135623,-2.8416372063114648,0.7958800174135623,-2.8416372063114648,0.4894549899340993,0.4894549899340993,-2.352182420395115,-2.352182420395115,0.4894549899340993,-2.352182420395115,1.0,0.0,0,1,1.4285714285714286,0.04,1
ASAP7,NOR3X2,NOR3x2_ASAP7_6t_L,A,Y,rise,0.7,25.0,27.8781,-0.012333734626920325,-0.48945498845297275,2.6020599913290483,-2.8416372063114648,2.6020599913290483,-2.8416372063114648,0.012333735495859591,0.4894549899340993,-2.829303479682349,-2.352182420395115,0.012333735495859591,-2.829303479682349,3.0000000000000004,0.5,0,1,1.4285714285714286,0.04,1
ASAP7,OR4X2,OR4x2_ASAP7_6t_L,B,Y,fall,0.7,25.0,88.6259,-0.48945498845297275,-0.48945498845297275,2.6020599913290483,-2.8416372063114648,2.6020599913290483,-2.8416372063114648,0.4894549899340993,0.4894549899340993,-2.352182420395115,-2.352182420395115,0.4894549899340993,-2.352182420395115,1.0,0.0,0,1,1.4285714285714286,0.04,1
ASAP7,AND4X1,AND4x1_ASAP7_6t_L,B,Y,rise,0.7,25.0,35.3845,-0.5686362342325145,-0.5686362342325145,1.6989700043447047,-2.8416372063114648,1.6989700043447047,-2.8416372063114648,0.5686362359582722,0.5686362359582722,-2.27300119063353,-2.27300119063353,0.5686362359582722,-2.27300119063353,1.0,0.0,0,1,1.4285714285714286,0.04,1
ASAP7,INVX4,INVx4_ASAP7_6t_L,A,Y,rise,0.7,25.0,19.0427,-0.6655462468384465,-0.6655462468384465,1.0969100130428,-1.9385474832136347,1.0969100130428,-1.9385474832136347,0.6655462489428767,0.6655462489428767,-1.2730012639207162,-1.2730012639207162,0.6655462489428767,-1.2730012639207162,1.0,0.0,1,1,1.4285714285714286,0.04,1
ASAP7,NAND3X2,NAND3x2_ASAP7_6t_L,B,Y,fall,0.7,25.0,12.7993,-0.48945498845297275,-0.012333734626920325,1.3979400086894094,-2.5406073614441,1.3979400086894094,-2.5406073614441,0.4894549899340993,0.012333735495859591,-2.051152473589255,-2.528273630592681,0.012333735495859591,-2.528273630592681,0.33333333333333326,-0.5,0,1,1.4285714285714286,0.04,1
ASAP7,AND4X2,AND4x2_ASAP7_6t_L,D,Y,fall,0.7,25.0,30.1717,-0.48945498845297275,-0.48945498845297275,1.6989700043447047,-2.5406073614441,1.6989700043447047,-2.5406073614441,0.4894549899340993,0.4894549899340993,-2.051152473589255,-2.051152473589255,0.4894549899340993,-2.051152473589255,1.0,0.0,0,1,1.4285714285714286,0.04,1
ASAP7,NOR2X1,NOR2x1_ASAP7_6t_L,A,Y,fall,0.7,25.0,195.075,-0.6655462468384465,-0.9665762404918051,0.7958800174135623,-1.336487520160051,0.7958800174135623,-1.336487520160051,0.6655462489428767,0.9665762445599542,-0.67094127870002,-0.3699112840539164,0.9665762445599542,-0.3699112840539164,2.0,0.3333333333333333,0,1,1.4285714285714286,0.04,1
ASAP7,OR2X4,OR2x4_ASAP7_6t_L,A,Y,rise,0.7,25.0,81.0372,-0.48945498845297275,-0.48945498845297275,1.6989700043447047,-1.336487520160051,1.6989700043447047,-1.336487520160051,0.4894549899340993,0.4894549899340993,-0.8470325367378235,-0.8470325367378235,0.4894549899340993,-0.8470325367378235,1.0,0.0,0,1,1.4285714285714286,0.04,1
ASAP7,AND4X1,AND4x1_ASAP7_6t_L,B,Y,fall,0.7,25.0,54.4785,-0.5686362342325145,-0.5686362342325145,2.301029995666153,-2.239577441178447,2.301029995666153,-2.239577441178447,0.5686362359582722,0.5686362359582722,-1.670941260378222,-1.670941260378222,0.5686362359582722,-1.670941260378222,1.0,0.0,0,1,1.4285714285714286,0.04,1
ASAP7,AND4X2,AND4x2_ASAP7_6t_L,B,Y,rise,0.7,25.0,94.3292,-0.48945498845297275,-0.48945498845297275,1.6989700043447047,-1.637517506399239,1.6989700043447047,-1.637517506399239,0.4894549899340993,0.4894549899340993,-1.1480625293481717,-1.1480625293481717,0.4894549899340993,-1.1480625293481717,1.0,0.0,0,1,1.4285714285714286,0.04,1
ASAP7,AND4X2,AND4x2_ASAP7_6t_L,B,Y,rise,0.7,25.0,166.307,-0.48945498845297275,-0.48945498845297275,2.301029995666153,-1.336487520160051,2.301029995666153,-1.336487520160051,0.4894549899340993,0.4894549899340993,-0.8470325367378235,-0.8470325367378235,0.4894549899340993,-0.8470325367378235,1.0,0.0,0,1,1.4285714285714286,0.04,1
ASAP7,INVX4,INVx4_ASAP7_6t_L,A,Y,rise,0.7,25.0,279.403,-0.6655462468384465,-0.6655462468384465,2.301029995666153,-0.7344275359006837,2.301029995666153,-0.7344275359006837,0.6655462489428767,0.6655462489428767,-0.06888128889887407,-0.06888128889887407,0.6655462489428767,-0.06888128889887407,1.0,0.0,1,1,1.4285714285714286,0.04,1
ASAP7,NOR2X2,NOR2x2_ASAP7_6t_L,A,Y,rise,0.7,25.0,25.9203,-0.3645162521797766,-0.6655462468384465,2.301029995666153,-2.5406073614441,2.301029995666153,-2.5406073614441,0.3645162533727032,0.6655462489428767,-2.176091193911514,-1.875061230819615,0.3645162533727032,-2.176091193911514,1.9999999999999998,0.3333333333333333,0,1,1.4285714285714286,0.04,1
ASAP7,INVX4,INVx4_ASAP7_6t_L,A,Y,rise,0.7,25.0,31.788,-0.6655462468384465,-0.6655462468384465,0.7958800174135623,-1.637517506399239,0.7958800174135623,-1.637517506399239,0.6655462489428767,0.6655462489428767,-0.9719712723282458,-0.9719712723282458,0.6655462489428767,-0.9719712723282458,1.0,0.0,1,1,1.4285714285714286,0.04,1
ASAP7,NAND3X2,NAND3x2_ASAP7_6t_L,C,Y,fall,0.7,25.0,12.5677,-0.48945498845297275,-0.012333734626920325,1.3979400086894094,-2.5406073614441,1.3979400086894094,-2.5406073614441,0.4894549899340993,0.012333735495859591,-2.051152473589255,-2.528273630592681,0.012333735495859591,-2.528273630592681,0.33333333333333326,-0.5,0,1,1.4285714285714286,0.04,1
ASAP7,OR2X4,OR2x4_ASAP7_6t_L,A,Y,fall,0.7,25.0,169.737,-0.48945498845297275,-0.48945498845297275,2.6020599913290483,-1.0354575292084665,2.6020599913290483,-1.0354575292084665,0.4894549899340993,0.4894549899340993,-0.5460025426006588,-0.5460025426006588,0.4894549899340993,-0.5460025426006588,1.0,0.0,0,1,1.4285714285714286,0.04,1
ASAP7,NAND3X2,NAND3x2_ASAP7_6t_L,C,Y,rise,0.7,25.0,79.3409,-0.48945498845297275,-0.012333734626920325,1.6989700043447047,-1.637517506399239,1.6989700043447047,-1.637517506399239,0.4894549899340993,0.012333735495859591,-1.1480625293481717,-1.6251837718533022,0.4894549899340993,-1.1480625293481717,0.33333333333333326,-0.5,0,1,1.4285714285714286,0.04,1
ASAP7,AND3X4,AND3x4_ASAP7_6t_L,C,Y,fall,0.7,25.0,108.66,-0.4225081990138475,-0.26760623937278244,2.301029995666153,-1.336487520160051,2.301029995666153,-1.336487520160051,0.4225082003269381,0.26760624041155046,-0.9139793258594977,-1.0688812843184246,0.26760624041155046,-1.0688812843184246,0.7,-0.17647058823529424,0,1,1.4285714285714286,0.04,1
ASAP7,AND2X2,AND2x2_ASAP7_6t_L,B,Y,fall,0.7,25.0,34.409,-0.7904849827765389,-0.6655462468384465,1.6989700043447047,-2.5406073614441,1.6989700043447047,-2.5406073614441,0.7904849855277247,0.6655462489428767,-1.7501225023543363,-1.875061230819615,0.6655462489428767,-1.875061230819615,0.75,-0.14285714285714285,0,1,1.4285714285714286,0.04,1
ASAP7,AND2X4,AND2x4_ASAP7_6t_L,A,Y,rise,0.7,25.0,46.2094,-0.3645162521797766,-0.3645162521797766,1.3979400086894094,-1.637517506399239,1.3979400086894094,-1.637517506399239,0.3645162533727032,0.3645162533727032,-1.2730012639207162,-1.2730012639207162,0.3645162533727032,-1.2730012639207162,1.0,0.0,0,1,1.4285714285714286,0.04,1
ASAP7,INVX1,INVx1_ASAP7_6t_L,A,Y,rise,0.7,25.0,84.1453,-1.2676062321345412,-1.2676062321345412,2.0000000000043427,-1.9385474832136347,2.0000000000043427,-1.9385474832136347,1.2676062402004833,1.2676062402004833,-0.67094127870002,-0.67094127870002,1.2676062402004833,-0.67094127870002,1.0,0.0,1,1,1.4285714285714286,0.04,1
ASAP7,OR3X2,OR3x2_ASAP7_6t_L,B,Y,rise,0.7,25.0,55.9486,-0.5686362342325145,-0.5686362342325145,2.6020599913290483,-1.9385474832136347,2.6020599913290483,-1.9385474832136347,0.5686362359582722,0.5686362359582722,-1.3699112748930173,-1.3699112748930173,0.5686362359582722,-1.3699112748930173,1.0,0.0,0,1,1.4285714285714286,0.04,1
ASAP7,OR3X2,OR3x2_ASAP7_6t_L,C,Y,fall,0.7,25.0,231.469,-0.5686362342325145,-0.5686362342325145,2.0000000000043427,-1.0354575292084665,2.0000000000043427,-1.0354575292084665,0.5686362359582722,0.5686362359582722,-0.4668212968075034,-0.4668212968075034,0.5686362359582722,-0.4668212968075034,1.0,0.0,0,1,1.4285714285714286,0.04,1
ASAP7,OR3X2,OR3x2_ASAP7_6t_L,C,Y,rise,0.7,25.0,69.5589,-0.5686362342325145,-0.5686362342325145,0.7958800174135623,-1.637517506399239,0.7958800174135623,-1.637517506399239,0.5686362359582722,0.5686362359582722,-1.0688812843184246,-1.0688812843184246,0.5686362359582722,-1.0688812843184246,1.0,0.0,0,1,1.4285714285714286,0.04,1
ASAP7,NAND3X2,NAND3x2_ASAP7_6t_L,C,Y,rise,0.7,25.0,18.8396,-0.48945498845297275,-0.012333734626920325,1.3979400086894094,-2.8416372063114648,1.3979400086894094,-2.8416372063114648,0.4894549899340993,0.012333735495859591,-2.352182420395115,-2.829303479682349,0.4894549899340993,-2.352182420395115,0.33333333333333326,-0.5,0,1,1.4285714285714286,0.04,1
ASAP7,OR4X1,OR4x1_ASAP7_6t_L,B,Y,rise,0.7,25.0,131.87,-0.5686362342325145,-0.5686362342325145,2.0000000000043427,-1.637517506399239,2.0000000000043427,-1.637517506399239,0.5686362359582722,0.5686362359582722,-1.0688812843184246,-1.0688812843184246,0.5686362359582722,-1.0688812843184246,1.0,0.0,0,1,1.4285714285714286,0.04,1
ASAP7,AND4X1,AND4x1_ASAP7_6t_L,B,Y,rise,0.7,25.0,68.2434,-0.5686362342325145,-0.5686362342325145,2.6020599913290483,-2.5406073614441,2.6020599913290483,-2.5406073614441,0.5686362359582722,0.5686362359582722,-1.9719712356846508,-1.9719712356846508,0.5686362359582722,-1.9719712356846508,1.0,0.0,0,1,1.4285714285714286,0.04,1
ASAP7,OR3X1,OR3x1_ASAP7_6t_L,B,Y,fall,0.7,25.0,78.0273,-0.6655462468384465,-0.6655462468384465,1.6989700043447047,-1.9385474832136347,1.6989700043447047,-1.9385474832136347,0.6655462489428767,0.6655462489428767,-1.2730012639207162,-1.2730012639207162,0.6655462489428767,-1.2730012639207162,1.0,0.0,0,1,1.4285714285714286,0.04,1
ASAP7,OR4X1,OR4x1_ASAP7_6t_L,B,Y,rise,0.7,25.0,17.5171,-0.5686362342325145,-0.5686362342325145,0.7958800174135623,-2.8416372063114648,0.7958800174135623,-2.8416372063114648,0.5686362359582722,0.5686362359582722,-2.27300119063353,-2.27300119063353,0.5686362359582722,-2.27300119063353,1.0,0.0,0,1,1.4285714285714286,0.04,1
ASAP7,OR4X1,OR4x1_ASAP7_6t_L,A,Y,rise,0.7,25.0,74.4857,-0.5686362342325145,-0.5686362342325145,2.301029995666153,-1.9385474832136347,2.301029995666153,-1.9385474832136347,0.5686362359582722,0.5686362359582722,-1.3699112748930173,-1.3699112748930173,0.5686362359582722,-1.3699112748930173,1.0,0.0,0,1,1.4285714285714286,0.04,1
ASAP7,AND3X4,AND3x4_ASAP7_6t_L,C,Y,rise,0.7,25.0,141.286,-0.4225081990138475,-0.26760623937278244,1.6989700043447047,-1.0354575292084665,1.6989700043447047,-1.0354575292084665,0.4225082003269381,0.26760624041155046,-0.6129493319768025,-0.7678512911991375,0.4225082003269381,-0.6129493319768025,0.7,-0.17647058823529424,0,1,1.4285714285714286,0.04,1
ASAP7,NAND3X1,NAND3x1_ASAP7_6t_L,A,Y,fall,0.7,25.0,51.3079,-0.7904849827765389,-0.31336372984409655,1.6989700043447047,-1.9385474832136347,1.6989700043447047,-1.9385474832136347,0.7904849855277247,0.31336373094877373,-1.1480625293481717,-1.6251837718533022,0.31336373094877373,-1.6251837718533022,0.3333333333333333,-0.4999999999999999,0,1,1.4285714285714286,0.04,1
ASAP7,AND3X2,AND3x2_ASAP7_6t_L,B,Y,fall,0.7,25.0,65.5611,-0.5686362342325145,-0.5686362342325145,1.3979400086894094,-1.637517506399239,1.3979400086894094,-1.637517506399239,0.5686362359582722,0.5686362359582722,-1.0688812843184246,-1.0688812843184246,0.5686362359582722,-1.0688812843184246,1.0,0.0,0,1,1.4285714285714286,0.04,1
ASAP7,NOR3X2,NOR3x2_ASAP7_6t_L,A,Y,fall,0.7,25.0,12.2623,-0.012333734626920325,-0.48945498845297275,0.7958800174135623,-2.5406073614441,0.7958800174135623,-2.5406073614441,0.012333735495859591,0.4894549899340993,-2.528273630592681,-2.051152473589255,0.4894549899340993,-2.051152473589255,3.0000000000000004,0.5,0,1,1.4285714285714286,0.04,1
ASAP7,OR3X2,OR3x2_ASAP7_6t_L,B,Y,rise,0.7,25.0,33.102,-0.5686362342325145,-0.5686362342325145,1.6989700043447047,-2.239577441178447,1.6989700043447047,-2.239577441178447,0.5686362359582722,0.5686362359582722,-1.670941260378222,-1.670941260378222,0.5686362359582722,-1.670941260378222,1.0,0.0,0,1,1.4285714285714286,0.04,1
ASAP7,XOR2X2,XOR2x2_ASAP7_6t_L,B,Y,rise,0.7,25.0,44.4942,-0.4225081990138475,-0.4225081990138475,1.6989700043447047,-2.239577441178447,1.6989700043447047,-2.239577441178447,0.4225082003269381,0.4225082003269381,-1.817069287913439,-1.817069287913439,0.4225082003269381,-1.817069287913439,1.0,0.0,0,1,1.4285714285714286,0.04,1
ASAP7,AND4X2,AND4x2_ASAP7_6t_L,A,Y,fall,0.7,25.0,90.1391,-0.48945498845297275,-0.48945498845297275,2.6020599913290483,-1.637517506399239,2.6020599913290483,-1.637517506399239,0.4894549899340993,0.4894549899340993,-1.1480625293481717,-1.1480625293481717,0.4894549899340993,-1.1480625293481717,1.0,0.0,0,1,1.4285714285714286,0.04,1
ASAP7,NAND2X1,NAND2x1_ASAP7_6t_L,B,Y,rise,0.7,25.0,48.0059,-0.9665762404918051,-0.6655462468384465,2.6020599913290483,-3.14266690038237,2.6020599913290483,-3.14266690038237,0.9665762445599542,0.6655462489428767,-2.176091193911514,-2.4771211244313376,0.9665762445599542,-2.176091193911514,0.5,-0.3333333333333333,0,1,1.4285714285714286,0.04,1
ASAP7,NAND3X1,NAND3x1_ASAP7_6t_L,A,Y,fall,0.7,25.0,43.6552,-0.7904849827765389,-0.31336372984409655,1.0969100130428,-1.9385474832136347,1.0969100130428,-1.9385474832136347,0.7904849855277247,0.31336373094877373,-1.1480625293481717,-1.6251837718533022,0.31336373094877373,-1.6251837718533022,0.3333333333333333,-0.4999999999999999,0,1,1.4285714285714286,0.04,1
ASAP7,NAND2X1,NAND2x1_ASAP7_6t_L,A,Y,fall,0.7,25.0,7.15661,-0.9665762404918051,-0.6655462468384465,0.7958800174135623,-3.14266690038237,0.7958800174135623,-3.14266690038237,0.9665762445599542,0.6655462489428767,-2.176091193911514,-2.4771211244313376,0.6655462489428767,-2.4771211244313376,0.5,-0.3333333333333333,0,1,1.4285714285714286,0.04,1
ASAP7,INVX4,INVx4_ASAP7_6t_L,A,Y,rise,0.7,25.0,72.2438,-0.6655462468384465,-0.6655462468384465,2.301029995666153,-1.637517506399239,2.301029995666153,-1.637517506399239,0.6655462489428767,0.6655462489428767,-0.9719712723282458,-0.9719712723282458,0.6655462489428767,-0.9719712723282458,1.0,0.0,1,1,1.4285714285714286,0.04,1
ASAP7,AND3X1,AND3x1_ASAP7_6t_L,C,Y,rise,0.7,25.0,36.2348,-0.6655462468384465,-0.6655462468384465,1.6989700043447047,-2.5406073614441,1.6989700043447047,-2.5406073614441,0.6655462489428767,0.6655462489428767,-1.875061230819615,-1.875061230819615,0.6655462489428767,-1.875061230819615,1.0,0.0,0,1,1.4285714285714286,0.04,1
ASAP7,NOR3X2,NOR3x2_ASAP7_6t_L,C,Y,rise,0.7,25.0,44.6823,-0.012333734626920325,-0.48945498845297275,2.0000000000043427,-1.9385474832136347,2.0000000000043427,-1.9385474832136347,0.012333735495859591,0.4894549899340993,-1.926213749195486,-1.4490925189048869,0.012333735495859591,-1.926213749195486,3.0000000000000004,0.5,0,1,1.4285714285714286,0.04,1
ASAP7,AND3X1,AND3x1_ASAP7_6t_L,C,Y,fall,0.7,25.0,51.6837,-0.6655462468384465,-0.6655462468384465,2.6020599913290483,-2.8416372063114648,2.6020599913290483,-2.8416372063114648,0.6655462489428767,0.6655462489428767,-2.176091193911514,-2.176091193911514,0.6655462489428767,-2.176091193911514,1.0,0.0,0,1,1.4285714285714286,0.04,1
ASAP7,NAND3X1,NAND3x1_ASAP7_6t_L,A,Y,rise,0.7,25.0,220.362,-0.7904849827765389,-0.31336372984409655,2.6020599913290483,-1.637517506399239,2.6020599913290483,-1.637517506399239,0.7904849855277247,0.31336373094877373,-0.8470325367378235,-1.3241537853502199,0.7904849855277247,-0.8470325367378235,0.3333333333333333,-0.4999999999999999,0,1,1.4285714285714286,0.04,1
ASAP7,AND4X1,AND4x1_ASAP7_6t_L,A,Y,rise,0.7,25.0,87.7037,-0.5686362342325145,-0.5686362342325145,1.6989700043447047,-1.9385474832136347,1.6989700043447047,-1.9385474832136347,0.5686362359582722,0.5686362359582722,-1.3699112748930173,-1.3699112748930173,0.5686362359582722,-1.3699112748930173,1.0,0.0,0,1,1.4285714285714286,0.04,1
ASAP7,OR4X2,OR4x2_ASAP7_6t_L,C,Y,rise,0.7,25.0,256.161,-0.48945498845297275,-0.48945498845297275,2.6020599913290483,-1.0354575292084665,2.6020599913290483,-1.0354575292084665,0.4894549899340993,0.4894549899340993,-0.5460025426006588,-0.5460025426006588,0.4894549899340993,-0.5460025426006588,1.0,0.0,0,1,1.4285714285714286,0.04,1
ASAP7,XOR2X2,XOR2x2_ASAP7_6t_L,B,Y,fall,0.7,25.0,26.4701,-0.4225081990138475,-0.4225081990138475,1.6989700043447047,-2.8416372063114648,1.6989700043447047,-2.8416372063114648,0.4225082003269381,0.4225082003269381,-2.419129193739689,-2.419129193739689,0.4225082003269381,-2.419129193739689,1.0,0.0,0,1,1.4285714285714286,0.04,1
ASAP7,NOR2X1,NOR2x1_ASAP7_6t_L,B,Y,fall,0.7,25.0,52.1249,-0.6655462468384465,-0.9665762404918051,0.7958800174135623,-1.9385474832136347,0.7958800174135623,-1.9385474832136347,0.6655462489428767,0.9665762445599542,-1.2730012639207162,-0.9719712723282458,0.9665762445599542,-0.9719712723282458,2.0,0.3333333333333333,0,1,1.4285714285714286,0.04,1
ASAP7,XOR2X2,XOR2x2_ASAP7_6t_L,B,Y,rise,0.7,25.0,250.116,-0.4225081990138475,-0.4225081990138475,2.0000000000043427,-1.0354575292084665,2.0000000000043427,-1.0354575292084665,0.4225082003269381,0.4225082003269381,-0.6129493319768025,-0.6129493319768025,0.4225082003269381,-0.6129493319768025,1.0,0.0,0,1,1.4285714285714286,0.04,1
ASAP7,AND4X1,AND4x1_ASAP7_6t_L,D,Y,fall,0.7,25.0,32.9745,-0.5686362342325145,-0.5686362342325145,2.0000000000043427,-2.8416372063114648,2.0000000000043427,-2.8416372063114648,0.5686362359582722,0.5686362359582722,-2.27300119063353,-2.27300119063353,0.5686362359582722,-2.27300119063353,1.0,0.0,0,1,1.4285714285714286,0.04,1
ASAP7,NOR2X1,NOR2x1_ASAP7_6t_L,B,Y,fall,0.7,25.0,183.469,-0.6655462468384465,-0.9665762404918051,2.6020599913290483,-1.637517506399239,2.6020599913290483,-1.637517506399239,0.6655462489428767,0.9665762445599542,-0.9719712723282458,-0.67094127870002,0.9665762445599542,-0.67094127870002,2.0,0.3333333333333333,0,1,1.4285714285714286,0.04,1
ASAP7,OR2X2,OR2x2_ASAP7_6t_L,A,Y,rise,0.7,25.0,55.3855,-0.6655462468384465,-0.7904849827765389,1.6989700043447047,-1.9385474832136347,1.6989700043447047,-1.9385474832136347,0.6655462489428767,0.7904849855277247,-1.2730012639207162,-1.1480625293481717,0.6655462489428767,-1.2730012639207162,1.3333333333333335,0.14285714285714285,0,1,1.4285714285714286,0.04,1
ASAP7,BUFX2,BUFx2_ASAP7_6t_L,A,Y,fall,0.7,25.0,209.468,-0.8696662282879977,-0.8696662282879977,1.0969100130428,-1.0354575292084665,1.0969100130428,-1.0354575292084665,0.8696662315636237,0.8696662315636237,-0.16579130177969584,-0.16579130177969584,0.8696662315636237,-0.16579130177969584,1.0,0.0,0,1,1.4285714285714286,0.04,1
ASAP7,AND3X4,AND3x4_ASAP7_6t_L,A,Y,fall,0.7,25.0,74.0447,-0.4225081990138475,-0.26760623937278244,2.6020599913290483,-2.239577441178447,2.6020599913290483,-2.239577441178447,0.4225082003269381,0.26760624041155046,-1.817069287913439,-1.9719712356846508,0.26760624041155046,-1.9719712356846508,0.7,-0.17647058823529424,0,1,1.4285714285714286,0.04,1
ASAP7,XOR2X2,XOR2x2_ASAP7_6t_L,B,Y,fall,0.7,25.0,92.8174,-0.4225081990138475,-0.4225081990138475,2.6020599913290483,-1.9385474832136347,2.6020599913290483,-1.9385474832136347,0.4225082003269381,0.4225082003269381,-1.5160393064997446,-1.5160393064997446,0.4225082003269381,-1.5160393064997446,1.0,0.0,0,1,1.4285714285714286,0.04,1
ASAP7,OR4X1,OR4x1_ASAP7_6t_L,A,Y,fall,0.7,25.0,110.151,-0.5686362342325145,-0.5686362342325145,2.6020599913290483,-2.239577441178447,2.6020599913290483,-2.239577441178447,0.5686362359582722,0.5686362359582722,-1.670941260378222,-1.670941260378222,0.5686362359582722,-1.670941260378222,1.0,0.0,0,1,1.4285714285714286,0.04,1
ASAP7,OR4X1,OR4x1_ASAP7_6t_L,A,Y,rise,0.7,25.0,42.6154,-0.5686362342325145,-0.5686362342325145,2.6020599913290483,-2.239577441178447,2.6020599913290483,-2.239577441178447,0.5686362359582722,0.5686362359582722,-1.670941260378222,-1.670941260378222,0.5686362359582722,-1.670941260378222,1.0,0.0,0,1,1.4285714285714286,0.04,1
ASAP7,NOR3X2,NOR3x2_ASAP7_6t_L,A,Y,fall,0.7,25.0,31.8676,-0.012333734626920325,-0.48945498845297275,1.0969100130428,-1.9385474832136347,1.0969100130428,-1.9385474832136347,0.012333735495859591,0.4894549899340993,-1.926213749195486,-1.4490925189048869,0.4894549899340993,-1.4490925189048869,3.0000000000000004,0.5,0,1,1.4285714285714286,0.04,1
ASAP7,AND3X4,AND3x4_ASAP7_6t_L,B,Y,rise,0.7,25.0,26.8716,-0.4225081990138475,-0.26760623937278244,1.3979400086894094,-2.5406073614441,1.3979400086894094,-2.5406073614441,0.4225082003269381,0.26760624041155046,-2.1180992550768476,-2.27300119063353,0.4225082003269381,-2.1180992550768476,0.7,-0.17647058823529424,0,1,1.4285714285714286,0.04,1
ASAP7,OR2X2,OR2x2_ASAP7_6t_L,A,Y,fall,0.7,25.0,55.5755,-0.6655462468384465,-0.7904849827765389,2.6020599913290483,-2.239577441178447,2.6020599913290483,-2.239577441178447,0.6655462489428767,0.7904849855277247,-1.574031251441676,-1.4490925189048869,0.7904849855277247,-1.4490925189048869,1.3333333333333335,0.14285714285714285,0,1,1.4285714285714286,0.04,1
ASAP7,BUFX2,BUFx2_ASAP7_6t_L,A,Y,fall,0.7,25.0,30.0642,-0.8696662282879977,-0.8696662282879977,0.7958800174135623,-2.239577441178447,0.7958800174135623,-2.239577441178447,0.8696662315636237,0.8696662315636237,-1.3699112748930173,-1.3699112748930173,0.8696662315636237,-1.3699112748930173,1.0,0.0,0,1,1.4285714285714286,0.04,1
ASAP7,NOR3X1,NOR3x1_ASAP7_6t_L,A,Y,rise,0.7,25.0,190.236,-0.31336372984409655,-0.7904849827765389,2.6020599913290483,-1.637517506399239,2.6020599913290483,-1.637517506399239,0.31336373094877373,0.7904849855277247,-1.3241537853502199,-0.8470325367378235,0.31336373094877373,-1.3241537853502199,3.0,0.4999999999999999,0,1,1.4285714285714286,0.04,1
ASAP7,NOR2X1,NOR2x1_ASAP7_6t_L,A,Y,rise,0.7,25.0,128.311,-0.6655462468384465,-0.9665762404918051,2.0000000000043427,-1.637517506399239,2.0000000000043427,-1.637517506399239,0.6655462489428767,0.9665762445599542,-0.9719712723282458,-0.67094127870002,0.6655462489428767,-0.9719712723282458,2.0,0.3333333333333333,0,1,1.4285714285714286,0.04,1
ASAP7,OR2X2,OR2x2_ASAP7_6t_L,A,Y,rise,0.7,25.0,36.3443,-0.6655462468384465,-0.7904849827765389,1.3979400086894094,-2.239577441178447,1.3979400086894094,-2.239577441178447,0.6655462489428767,0.7904849855277247,-1.574031251441676,-1.4490925189048869,0.6655462489428767,-1.574031251441676,1.3333333333333335,0.14285714285714285,0,1,1.4285714285714286,0.04,1
ASAP7,AND4X1,AND4x1_ASAP7_6t_L,A,Y,rise,0.7,25.0,117.812,-0.5686362342325145,-0.5686362342325145,2.6020599913290483,-1.9385474832136347,2.6020599913290483,-1.9385474832136347,0.5686362359582722,0.5686362359582722,-1.3699112748930173,-1.3699112748930173,0.5686362359582722,-1.3699112748930173,1.0,0.0,0,1,1.4285714285714286,0.04,1
ASAP7,OR3X4,OR3x4_ASAP7_6t_L,C,Y,rise,0.7,25.0,74.9153,-0.4225081990138475,-0.4225081990138475,0.7958800174135623,-1.336487520160051,0.7958800174135623,-1.336487520160051,0.4225082003269381,0.4225082003269381,-0.9139793258594977,-0.9139793258594977,0.4225082003269381,-0.9139793258594977,1.0,0.0,0,1,1.4285714285714286,0.04,1
ASAP7,NAND3X1,NAND3x1_ASAP7_6t_L,C,Y,fall,0.7,25.0,2.30832,-0.7904849827765389,-0.31336372984409655,2.6020599913290483,-2.8416372063114648,2.6020599913290483,-2.8416372063114648,0.7904849855277247,0.31336373094877373,-2.051152473589255,-2.5282736305926807,0.31336373094877373,-2.5282736305926807,0.3333333333333333,-0.4999999999999999,0,1,1.4285714285714286,0.04,1
ASAP7,NAND2X2,NAND2x2_ASAP7_6t_L,A,Y,fall,0.7,25.0,7.04461,-0.6655462468384465,-0.3645162521797766,0.7958800174135623,-2.8416372063114648,0.7958800174135623,-2.8416372063114648,0.6655462489428767,0.3645162533727032,-2.176091193911514,-2.477121124431337,0.3645162533727032,-2.477121124431337,0.5000000000000001,-0.3333333333333333,0,1,1.4285714285714286,0.04,1
ASAP7,AND2X2,AND2x2_ASAP7_6t_L,B,Y,fall,0.7,25.0,114.332,-0.7904849827765389,-0.6655462468384465,0.7958800174135623,-1.336487520160051,0.7958800174135623,-1.336487520160051,0.7904849855277247,0.6655462489428767,-0.5460025426006588,-0.67094127870002,0.6655462489428767,-0.67094127870002,0.75,-0.14285714285714285,0,1,1.4285714285714286,0.04,1
ASAP7,OR4X1,OR4x1_ASAP7_6t_L,C,Y,rise,0.7,25.0,45.5835,-0.5686362342325145,-0.5686362342325145,1.6989700043447047,-2.239577441178447,1.6989700043447047,-2.239577441178447,0.5686362359582722,0.5686362359582722,-1.670941260378222,-1.670941260378222,0.5686362359582722,-1.670941260378222,1.0,0.0,0,1,1.4285714285714286,0.04,1
ASAP7,AND4X1,AND4x1_ASAP7_6t_L,B,Y,fall,0.7,25.0,113.975,-0.5686362342325145,-0.5686362342325145,1.6989700043447047,-1.637517506399239,1.6989700043447047,-1.637517506399239,0.5686362359582722,0.5686362359582722,-1.0688812843184246,-1.0688812843184246,0.5686362359582722,-1.0688812843184246,1.0,0.0,0,1,1.4285714285714286,0.04,1
ASAP7,AND3X1,AND3x1_ASAP7_6t_L,A,Y,fall,0.7,25.0,70.0405,-0.6655462468384465,-0.6655462468384465,2.0000000000043427,-1.9385474832136347,2.0000000000043427,-1.9385474832136347,0.6655462489428767,0.6655462489428767,-1.2730012639207162,-1.2730012639207162,0.6655462489428767,-1.2730012639207162,1.0,0.0,0,1,1.4285714285714286,0.04,1
ASAP7,NOR3X2,NOR3x2_ASAP7_6t_L,A,Y,fall,0.7,25.0,30.3792,-0.012333734626920325,-0.48945498845297275,0.7958800174135623,-1.9385474832136347,0.7958800174135623,-1.9385474832136347,0.012333735495859591,0.4894549899340993,-1.926213749195486,-1.4490925189048869,0.4894549899340993,-1.4490925189048869,3.0000000000000004,0.5,0,1,1.4285714285714286,0.04,1
ASAP7,INVX8,INVx8_ASAP7_6t_L,A,Y,fall,0.7,25.0,109.319,-0.3645162521797766,-0.3645162521797766,1.6989700043447047,-0.7344275359006837,1.6989700043447047,-0.7344275359006837,0.3645162533727032,0.3645162533727032,-0.36991128405391627,-0.36991128405391627,0.3645162533727032,-0.36991128405391627,1.0,0.0,1,1,1.4285714285714286,0.04,1
ASAP7,NAND2X1,NAND2x1_ASAP7_6t_L,A,Y,rise,0.7,25.0,282.095,-0.9665762404918051,-0.6655462468384465,2.301029995666153,-1.336487520160051,2.301029995666153,-1.336487520160051,0.9665762445599542,0.6655462489428767,-0.3699112840539164,-0.67094127870002,0.9665762445599542,-0.3699112840539164,0.5,-0.3333333333333333,0,1,1.4285714285714286,0.04,1
ASAP7,BUFX4,BUFx4_ASAP7_6t_L,A,Y,fall,0.7,25.0,74.2081,-0.5686362342325145,-0.5686362342325145,1.6989700043447047,-1.336487520160051,1.6989700043447047,-1.336487520160051,0.5686362359582722,0.5686362359582722,-0.7678512911991375,-0.7678512911991375,0.5686362359582722,-0.7678512911991375,1.0,0.0,0,1,1.4285714285714286,0.04,1
ASAP7,AND2X4,AND2x4_ASAP7_6t_L,A,Y,fall,0.7,25.0,22.0727,-0.3645162521797766,-0.3645162521797766,1.3979400086894094,-2.239577441178447,1.3979400086894094,-2.239577441178447,0.3645162533727032,0.3645162533727032,-1.875061230819615,-1.875061230819615,0.3645162533727032,-1.875061230819615,1.0,0.0,0,1,1.4285714285714286,0.04,1
ASAP7,OR3X4,OR3x4_ASAP7_6t_L,A,Y,rise,0.7,25.0,53.5174,-0.4225081990138475,-0.4225081990138475,1.6989700043447047,-1.637517506399239,1.6989700043447047,-1.637517506399239,0.4225082003269381,0.4225082003269381,-1.2150093179609072,-1.2150093179609072,0.4225082003269381,-1.2150093179609072,1.0,0.0,0,1,1.4285714285714286,0.04,1
ASAP7,AND3X1,AND3x1_ASAP7_6t_L,B,Y,rise,0.7,25.0,85.1402,-0.6655462468384465,-0.6655462468384465,2.0000000000043427,-1.9385474832136347,2.0000000000043427,-1.9385474832136347,0.6655462489428767,0.6655462489428767,-1.2730012639207162,-1.2730012639207162,0.6655462489428767,-1.2730012639207162,1.0,0.0,0,1,1.4285714285714286,0.04,1
ASAP7,NAND3X2,NAND3x2_ASAP7_6t_L,A,Y,rise,0.7,25.0,132.328,-0.48945498845297275,-0.012333734626920325,1.6989700043447047,-1.336487520160051,1.6989700043447047,-1.336487520160051,0.4894549899340993,0.012333735495859591,-0.8470325367378235,-1.3241537853502199,0.4894549899340993,-0.8470325367378235,0.33333333333333326,-0.5,0,1,1.4285714285714286,0.04,1
ASAP7,BUFX4,BUFx4_ASAP7_6t_L,A,Y,fall,0.7,25.0,45.0956,-0.5686362342325145,-0.5686362342325145,1.3979400086894094,-1.637517506399239,1.3979400086894094,-1.637517506399239,0.5686362359582722,0.5686362359582722,-1.0688812843184246,-1.0688812843184246,0.5686362359582722,-1.0688812843184246,1.0,0.0,0,1,1.4285714285714286,0.04,1
ASAP7,NAND3X2,NAND3x2_ASAP7_6t_L,B,Y,rise,0.7,25.0,90.21,-0.48945498845297275,-0.012333734626920325,2.0000000000043427,-1.637517506399239,2.0000000000043427,-1.637517506399239,0.4894549899340993,0.012333735495859591,-1.1480625293481717,-1.6251837718533022,0.4894549899340993,-1.1480625293481717,0.33333333333333326,-0.5,0,1,1.4285714285714286,0.04,1
ASAP7,OR3X2,OR3x2_ASAP7_6t_L,A,Y,rise,0.7,25.0,30.4333,-0.5686362342325145,-0.5686362342325145,2.301029995666153,-2.5406073614441,2.301029995666153,-2.5406073614441,0.5686362359582722,0.5686362359582722,-1.9719712356846508,-1.9719712356846508,0.5686362359582722,-1.9719712356846508,1.0,0.0,0,1,1.4285714285714286,0.04,1
ASAP7,NAND2X2,NAND2x2_ASAP7_6t_L,A,Y,fall,0.7,25.0,27.1707,-0.6655462468384465,-0.3645162521797766,1.3979400086894094,-1.9385474832136347,1.3979400086894094,-1.9385474832136347,0.6655462489428767,0.3645162533727032,-1.2730012639207162,-1.574031251441676,0.3645162533727032,-1.574031251441676,0.5000000000000001,-0.3333333333333333,0,1,1.4285714285714286,0.04,1
ASAP7,XOR2X2,XOR2x2_ASAP7_6t_L,A,Y,rise,0.7,25.0,19.5658,-0.4225081990138475,-0.4225081990138475,1.0969100130428,-2.8416372063114648,1.0969100130428,-2.8416372063114648,0.4225082003269381,0.4225082003269381,-2.419129193739689,-2.419129193739689,0.4225082003269381,-2.419129193739689,1.0,0.0,0,1,1.4285714285714286,0.04,1
ASAP7,NAND2X1,NAND2x1_ASAP7_6t_L,A,Y,rise,0.7,25.0,59.0588,-0.9665762404918051,-0.6655462468384465,2.0000000000043427,-2.239577441178447,2.0000000000043427,-2.239577441178447,0.9665762445599542,0.6655462489428767,-1.2730012639207162,-1.574031251441676,0.9665762445599542,-1.2730012639207162,0.5,-0.3333333333333333,0,1,1.4285714285714286,0.04,1
ASAP7,NAND3X1,NAND3x1_ASAP7_6t_L,A,Y,rise,0.7,25.0,63.8028,-0.7904849827765389,-0.31336372984409655,0.7958800174135623,-1.9385474832136347,0.7958800174135623,-1.9385474832136347,0.7904849855277247,0.31336373094877373,-1.1480625293481717,-1.6251837718533022,0.7904849855277247,-1.1480625293481717,0.3333333333333333,-0.4999999999999999,0,1,1.4285714285714286,0.04,1
ASAP7,NAND3X2,NAND3x2_ASAP7_6t_L,A,Y,rise,0.7,25.0,59.4526,-0.48945498845297275,-0.012333734626920325,2.0000000000043427,-1.9385474832136347,2.0000000000043427,-1.9385474832136347,0.4894549899340993,0.012333735495859591,-1.4490925189048869,-1.926213749195486,0.4894549899340993,-1.4490925189048869,0.33333333333333326,-0.5,0,1,1.4285714285714286,0.04,1
ASAP7,NOR2X2,NOR2x2_ASAP7_6t_L,B,Y,fall,0.7,25.0,13.3854,-0.3645162521797766,-0.6655462468384465,1.6989700043447047,-2.8416372063114648,1.6989700043447047,-2.8416372063114648,0.3645162533727032,0.6655462489428767,-2.477121124431337,-2.176091193911514,0.6655462489428767,-2.176091193911514,1.9999999999999998,0.3333333333333333,0,1,1.4285714285714286,0.04,1
ASAP7,AND3X2,AND3x2_ASAP7_6t_L,C,Y,rise,0.7,25.0,253.134,-0.5686362342325145,-0.5686362342325145,1.0969100130428,-1.0354575292084665,1.0969100130428,-1.0354575292084665,0.5686362359582722,0.5686362359582722,-0.4668212968075034,-0.4668212968075034,0.5686362359582722,-0.4668212968075034,1.0,0.0,0,1,1.4285714285714286,0.04,1
ASAP7,NAND3X1,NAND3x1_ASAP7_6t_L,B,Y,fall,0.7,25.0,24.6489,-0.7904849827765389,-0.31336372984409655,0.7958800174135623,-2.239577441178447,0.7958800174135623,-2.239577441178447,0.7904849855277247,0.31336373094877373,-1.4490925189048869,-1.926213749195486,0.31336373094877373,-1.926213749195486,0.3333333333333333,-0.4999999999999999,0,1,1.4285714285714286,0.04,1
ASAP7,NAND2X2,NAND2x2_ASAP7_6t_L,A,Y,rise,0.7,25.0,36.8755,-0.6655462468384465,-0.3645162521797766,1.0969100130428,-1.9385474832136347,1.0969100130428,-1.9385474832136347,0.6655462489428767,0.3645162533727032,-1.2730012639207162,-1.574031251441676,0.6655462489428767,-1.2730012639207162,0.5000000000000001,-0.3333333333333333,0,1,1.4285714285714286,0.04,1
ASAP7,OR2X2,OR2x2_ASAP7_6t_L,B,Y,fall,0.7,25.0,31.8149,-0.6655462468384465,-0.7904849827765389,1.6989700043447047,-2.5406073614441,1.6989700043447047,-2.5406073614441,0.6655462489428767,0.7904849855277247,-1.875061230819615,-1.7501225023543363,0.7904849855277247,-1.7501225023543363,1.3333333333333335,0.14285714285714285,0,1,1.4285714285714286,0.04,1
ASAP7,OR3X1,OR3x1_ASAP7_6t_L,C,Y,rise,0.7,25.0,238.547,-0.6655462468384465,-0.6655462468384465,1.0969100130428,-1.336487520160051,1.0969100130428,-1.336487520160051,0.6655462489428767,0.6655462489428767,-0.67094127870002,-0.67094127870002,0.6655462489428767,-0.67094127870002,1.0,0.0,0,1,1.4285714285714286,0.04,1
ASAP7,AND4X2,AND4x2_ASAP7_6t_L,D,Y,rise,0.7,25.0,39.3129,-0.48945498845297275,-0.48945498845297275,1.6989700043447047,-2.5406073614441,1.6989700043447047,-2.5406073614441,0.4894549899340993,0.4894549899340993,-2.051152473589255,-2.051152473589255,0.4894549899340993,-2.051152473589255,1.0,0.0,0,1,1.4285714285714286,0.04,1
ASAP7,NOR3X1,NOR3x1_ASAP7_6t_L,C,Y,fall,0.7,25.0,66.4103,-0.31336372984409655,-0.7904849827765389,1.6989700043447047,-1.9385474832136347,1.6989700043447047,-1.9385474832136347,0.31336373094877373,0.7904849855277247,-1.6251837718533022,-1.1480625293481717,0.7904849855277247,-1.1480625293481717,3.0,0.4999999999999999,0,1,1.4285714285714286,0.04,1
ASAP7,OR3X1,OR3x1_ASAP7_6t_L,A,Y,fall,0.7,25.0,27.3941,-0.6655462468384465,-0.6655462468384465,1.3979400086894094,-3.14266690038237,1.3979400086894094,-3.14266690038237,0.6655462489428767,0.6655462489428767,-2.4771211244313376,-2.4771211244313376,0.6655462489428767,-2.4771211244313376,1.0,0.0,0,1,1.4285714285714286,0.04,1
ASAP7,BUFX4,BUFx4_ASAP7_6t_L,A,Y,fall,0.7,25.0,65.8526,-0.5686362342325145,-0.5686362342325145,2.6020599913290483,-2.239577441178447,2.6020599913290483,-2.239577441178447,0.5686362359582722,0.5686362359582722,-1.670941260378222,-1.670941260378222,0.5686362359582722,-1.670941260378222,1.0,0.0,0,1,1.4285714285714286,0.04,1
ASAP7,OR3X2,OR3x2_ASAP7_6t_L,C,Y,rise,0.7,25.0,73.3068,-0.5686362342325145,-0.5686362342325145,1.3979400086894094,-1.637517506399239,1.3979400086894094,-1.637517506399239,0.5686362359582722,0.5686362359582722,-1.0688812843184246,-1.0688812843184246,0.5686362359582722,-1.0688812843184246,1.0,0.0,0,1,1.4285714285714286,0.04,1
ASAP7,AND4X2,AND4x2_ASAP7_6t_L,C,Y,rise,0.7,25.0,89.918,-0.48945498845297275,-0.48945498845297275,0.7958800174135623,-1.637517506399239,0.7958800174135623,-1.637517506399239,0.4894549899340993,0.4894549899340993,-1.1480625293481717,-1.1480625293481717,0.4894549899340993,-1.1480625293481717,1.0,0.0,0,1,1.4285714285714286,0.04,1
ASAP7,AND4X2,AND4x2_ASAP7_6t_L,A,Y,rise,0.7,25.0,283.13,-0.48945498845297275,-0.48945498845297275,2.301029995666153,-1.0354575292084665,2.301029995666153,-1.0354575292084665,0.4894549899340993,0.4894549899340993,-0.5460025426006588,-0.5460025426006588,0.4894549899340993,-0.5460025426006588,1.0,0.0,0,1,1.4285714285714286,0.04,1
ASAP7,AND3X2,AND3x2_ASAP7_6t_L,A,Y,fall,0.7,25.0,82.0978,-0.5686362342325145,-0.5686362342325145,2.301029995666153,-1.637517506399239,2.301029995666153,-1.637517506399239,0.5686362359582722,0.5686362359582722,-1.0688812843184246,-1.0688812843184246,0.5686362359582722,-1.0688812843184246,1.0,0.0,0,1,1.4285714285714286,0.04,1
ASAP7,AND3X1,AND3x1_ASAP7_6t_L,C,Y,fall,0.7,25.0,202.468,-0.6655462468384465,-0.6655462468384465,1.0969100130428,-1.336487520160051,1.0969100130428,-1.336487520160051,0.6655462489428767,0.6655462489428767,-0.67094127870002,-0.67094127870002,0.6655462489428767,-0.67094127870002,1.0,0.0,0,1,1.4285714285714286,0.04,1
ASAP7,NAND3X2,NAND3x2_ASAP7_6t_L,C,Y,fall,0.7,25.0,173.35,-0.48945498845297275,-0.012333734626920325,2.301029995666153,-1.0354575292084665,2.301029995666153,-1.0354575292084665,0.4894549899340993,0.012333735495859591,-0.5460025426006588,-1.0231237942666884,0.012333735495859591,-1.0231237942666884,0.33333333333333326,-0.5,0,1,1.4285714285714286,0.04,1
ASAP7,OR4X2,OR4x2_ASAP7_6t_L,A,Y,fall,0.7,25.0,232.524,-0.48945498845297275,-0.48945498845297275,1.3979400086894094,-1.0354575292084665,1.3979400086894094,-1.0354575292084665,0.4894549899340993,0.4894549899340993,-0.5460025426006588,-0.5460025426006588,0.4894549899340993,-0.5460025426006588,1.0,0.0,0,1,1.4285714285714286,0.04,1
ASAP7,AND2X4,AND2x4_ASAP7_6t_L,A,Y,fall,0.7,25.0,206.455,-0.3645162521797766,-0.3645162521797766,1.3979400086894094,-0.7344275359006837,1.3979400086894094,-0.7344275359006837,0.3645162533727032,0.3645162533727032,-0.36991128405391627,-0.36991128405391627,0.3645162533727032,-0.36991128405391627,1.0,0.0,0,1,1.4285714285714286,0.04,1
ASAP7,AND4X1,AND4x1_ASAP7_6t_L,B,Y,rise,0.7,25.0,40.6763,-0.5686362342325145,-0.5686362342325145,1.3979400086894094,-2.5406073614441,1.3979400086894094,-2.5406073614441,0.5686362359582722,0.5686362359582722,-1.9719712356846508,-1.9719712356846508,0.5686362359582722,-1.9719712356846508,1.0,0.0,0,1,1.4285714285714286,0.04,1
ASAP7,BUFX8,BUFx8_ASAP7_6t_L,A,Y,rise,0.7,25.0,80.0308,-0.26760623937278244,-0.26760623937278244,1.6989700043447047,-1.0354575292084665,1.6989700043447047,-1.0354575292084665,0.26760624041155046,0.26760624041155046,-0.7678512911991375,-0.7678512911991375,0.26760624041155046,-0.7678512911991375,1.0,0.0,0,1,1.4285714285714286,0.04,1
ASAP7,OR4X1,OR4x1_ASAP7_6t_L,A,Y,rise,0.7,25.0,243.301,-0.5686362342325145,-0.5686362342325145,2.0000000000043427,-1.336487520160051,2.0000000000043427,-1.336487520160051,0.5686362359582722,0.5686362359582722,-0.7678512911991375,-0.7678512911991375,0.5686362359582722,-0.7678512911991375,1.0,0.0,0,1,1.4285714285714286,0.04,1
ASAP7,INVX8,INVx8_ASAP7_6t_L,A,Y,rise,0.7,25.0,37.343,-0.3645162521797766,-0.3645162521797766,2.0000000000043427,-1.637517506399239,2.0000000000043427,-1.637517506399239,0.3645162533727032,0.3645162533727032,-1.2730012639207162,-1.2730012639207162,0.3645162533727032,-1.2730012639207162,1.0,0.0,1,1,1.4285714285714286,0.04,1
ASAP7,OR3X4,OR3x4_ASAP7_6t_L,B,Y,fall,0.7,25.0,72.1596,-0.4225081990138475,-0.4225081990138475,1.3979400086894094,-1.637517506399239,1.3979400086894094,-1.637517506399239,0.4225082003269381,0.4225082003269381,-1.2150093179609072,-1.2150093179609072,0.4225082003269381,-1.2150093179609072,1.0,0.0,0,1,1.4285714285714286,0.04,1
ASAP7,AND2X2,AND2x2_ASAP7_6t_L,A,Y,rise,0.7,25.0,133.59,-0.7904849827765389,-0.6655462468384465,1.6989700043447047,-1.336487520160051,1.6989700043447047,-1.336487520160051,0.7904849855277247,0.6655462489428767,-0.5460025426006588,-0.67094127870002,0.7904849855277247,-0.5460025426006588,0.75,-0.14285714285714285,0,1,1.4285714285714286,0.04,1
ASAP7,NOR3X1,NOR3x1_ASAP7_6t_L,A,Y,rise,0.7,25.0,67.738,-0.31336372984409655,-0.7904849827765389,1.6989700043447047,-1.9385474832136347,1.6989700043447047,-1.9385474832136347,0.31336373094877373,0.7904849855277247,-1.6251837718533022,-1.1480625293481717,0.31336373094877373,-1.6251837718533022,3.0,0.4999999999999999,0,1,1.4285714285714286,0.04,1
ASAP7,NOR3X1,NOR3x1_ASAP7_6t_L,B,Y,fall,0.7,25.0,23.6755,-0.31336372984409655,-0.7904849827765389,1.3979400086894094,-2.5406073614441,1.3979400086894094,-2.5406073614441,0.31336373094877373,0.7904849855277247,-2.227243708215875,-1.7501225023543363,0.7904849855277247,-1.7501225023543363,3.0,0.4999999999999999,0,1,1.4285714285714286,0.04,1
ASAP7,BUFX8,BUFx8_ASAP7_6t_L,A,Y,fall,0.7,25.0,27.5138,-0.26760623937278244,-0.26760623937278244,1.6989700043447047,-2.239577441178447,1.6989700043447047,-2.239577441178447,0.26760624041155046,0.26760624041155046,-1.9719712356846508,-1.9719712356846508,0.26760624041155046,-1.9719712356846508,1.0,0.0,0,1,1.4285714285714286,0.04,1
ASAP7,NAND2X1,NAND2x1_ASAP7_6t_L,B,Y,rise,0.7,25.0,35.3005,-0.9665762404918051,-0.6655462468384465,1.0969100130428,-2.239577441178447,1.0969100130428,-2.239577441178447,0.9665762445599542,0.6655462489428767,-1.2730012639207162,-1.574031251441676,0.9665762445599542,-1.2730012639207162,0.5,-0.3333333333333333,0,1,1.4285714285714286,0.04,1
ASAP7,OR4X2,OR4x2_ASAP7_6t_L,C,Y,fall,0.7,25.0,135.095,-0.48945498845297275,-0.48945498845297275,2.6020599913290483,-1.637517506399239,2.6020599913290483,-1.637517506399239,0.4894549899340993,0.4894549899340993,-1.1480625293481717,-1.1480625293481717,0.4894549899340993,-1.1480625293481717,1.0,0.0,0,1,1.4285714285714286,0.04,1
ASAP7,AND3X4,AND3x4_ASAP7_6t_L,C,Y,rise,0.7,25.0,54.1697,-0.4225081990138475,-0.26760623937278244,1.3979400086894094,-1.637517506399239,1.3979400086894094,-1.637517506399239,0.4225082003269381,0.26760624041155046,-1.2150093179609072,-1.3699112748930173,0.4225082003269381,-1.2150093179609072,0.7,-0.17647058823529424,0,1,1.4285714285714286,0.04,1
ASAP7,INVX8,INVx8_ASAP7_6t_L,A,Y,fall,0.7,25.0,239.224,-0.3645162521797766,-0.3645162521797766,2.301029995666153,-0.4333975414148016,2.301029995666153,-0.4333975414148016,0.3645162533727032,0.3645162533727032,-0.06888128889887396,-0.06888128889887396,0.3645162533727032,-0.06888128889887396,1.0,0.0,1,1,1.4285714285714286,0.04,1
ASAP7,NOR2X1,NOR2x1_ASAP7_6t_L,A,Y,fall,0.7,25.0,53.3897,-0.6655462468384465,-0.9665762404918051,0.7958800174135623,-1.9385474832136347,0.7958800174135623,-1.9385474832136347,0.6655462489428767,0.9665762445599542,-1.2730012639207162,-0.9719712723282458,0.9665762445599542,-0.9719712723282458,2.0,0.3333333333333333,0,1,1.4285714285714286,0.04,1
ASAP7,NAND3X1,NAND3x1_ASAP7_6t_L,C,Y,fall,0.7,25.0,85.6685,-0.7904849827765389,-0.31336372984409655,1.6989700043447047,-1.637517506399239,1.6989700043447047,-1.637517506399239,0.7904849855277247,0.31336373094877373,-0.8470325367378235,-1.3241537853502199,0.31336373094877373,-1.3241537853502199,0.3333333333333333,-0.4999999999999999,0,1,1.4285714285714286,0.04,1
ASAP7,AND4X2,AND4x2_ASAP7_6t_L,A,Y,fall,0.7,25.0,20.4429,-0.48945498845297275,-0.48945498845297275,1.0969100130428,-2.5406073614441,1.0969100130428,-2.5406073614441,0.4894549899340993,0.4894549899340993,-2.051152473589255,-2.051152473589255,0.4894549899340993,-2.051152473589255,1.0,0.0,0,1,1.4285714285714286,0.04,1
ASAP7,AND2X4,AND2x4_ASAP7_6t_L,B,Y,fall,0.7,25.0,56.188,-0.3645162521797766,-0.3645162521797766,2.301029995666153,-1.637517506399239,2.301029995666153,-1.637517506399239,0.3645162533727032,0.3645162533727032,-1.2730012639207162,-1.2730012639207162,0.3645162533727032,-1.2730012639207162,1.0,0.0,0,1,1.4285714285714286,0.04,1
ASAP7,OR4X1,OR4x1_ASAP7_6t_L,B,Y,rise,0.7,25.0,44.7138,-0.5686362342325145,-0.5686362342325145,1.6989700043447047,-2.239577441178447,1.6989700043447047,-2.239577441178447,0.5686362359582722,0.5686362359582722,-1.670941260378222,-1.670941260378222,0.5686362359582722,-1.670941260378222,1.0,0.0,0,1,1.4285714285714286,0.04,1
ASAP7,AND4X1,AND4x1_ASAP7_6t_L,D,Y,rise,0.7,25.0,55.6214,-0.5686362342325145,-0.5686362342325145,1.3979400086894094,-2.239577441178447,1.3979400086894094,-2.239577441178447,0.5686362359582722,0.5686362359582722,-1.670941260378222,-1.670941260378222,0.5686362359582722,-1.670941260378222,1.0,0.0,0,1,1.4285714285714286,0.04,1
ASAP7,AND2X4,AND2x4_ASAP7_6t_L,B,Y,rise,0.7,25.0,25.4419,-0.3645162521797766,-0.3645162521797766,1.3979400086894094,-2.239577441178447,1.3979400086894094,-2.239577441178447,0.3645162533727032,0.3645162533727032,-1.875061230819615,-1.875061230819615,0.3645162533727032,-1.875061230819615,1.0,0.0,0,1,1.4285714285714286,0.04,1
ASAP7,AND4X2,AND4x2_ASAP7_6t_L,D,Y,fall,0.7,25.0,204.658,-0.48945498845297275,-0.48945498845297275,0.7958800174135623,-1.0354575292084665,0.7958800174135623,-1.0354575292084665,0.4894549899340993,0.4894549899340993,-0.5460025426006588,-0.5460025426006588,0.4894549899340993,-0.5460025426006588,1.0,0.0,0,1,1.4285714285714286,0.04,1
ASAP7,AND3X2,AND3x2_ASAP7_6t_L,B,Y,rise,0.7,25.0,39.558,-0.5686362342325145,-0.5686362342325145,2.0000000000043427,-2.5406073614441,2.0000000000043427,-2.5406073614441,0.5686362359582722,0.5686362359582722,-1.9719712356846508,-1.9719712356846508,0.5686362359582722,-1.9719712356846508,1.0,0.0,0,1,1.4285714285714286,0.04,1
ASAP7,AND4X1,AND4x1_ASAP7_6t_L,A,Y,fall,0.7,25.0,223.506,-0.5686362342325145,-0.5686362342325145,2.6020599913290483,-1.336487520160051,2.6020599913290483,-1.336487520160051,0.5686362359582722,0.5686362359582722,-0.7678512911991375,-0.7678512911991375,0.5686362359582722,-0.7678512911991375,1.0,0.0,0,1,1.4285714285714286,0.04,1
ASAP7,OR3X2,OR3x2_ASAP7_6t_L,C,Y,rise,0.7,25.0,28.2121,-0.5686362342325145,-0.5686362342325145,1.0969100130428,-2.239577441178447,1.0969100130428,-2.239577441178447,0.5686362359582722,0.5686362359582722,-1.670941260378222,-1.670941260378222,0.5686362359582722,-1.670941260378222,1.0,0.0,0,1,1.4285714285714286,0.04,1
ASAP7,AND3X4,AND3x4_ASAP7_6t_L,C,Y,rise,0.7,25.0,39.3838,-0.4225081990138475,-0.26760623937278244,1.3979400086894094,-1.9385474832136347,1.3979400086894094,-1.9385474832136347,0.4225082003269381,0.26760624041155046,-1.5160393064997446,-1.670941260378222,0.4225082003269381,-1.5160393064997446,0.7,-0.17647058823529424,0,1,1.4285714285714286,0.04,1
ASAP7,OR4X1,OR4x1_ASAP7_6t_L,C,Y,rise,0.7,25.0,17.7436,-0.5686362342325145,-0.5686362342325145,1.3979400086894094,-3.14266690038237,1.3979400086894094,-3.14266690038237,0.5686362359582722,0.5686362359582722,-2.5740311048673186,-2.5740311048673186,0.5686362359582722,-2.5740311048673186,1.0,0.0,0,1,1.4285714285714286,0.04,1
ASAP7,XOR2X2,XOR2x2_ASAP7_6t_L,A,Y,fall,0.7,25.0,136.523,-0.4225081990138475,-0.4225081990138475,2.6020599913290483,-1.336487520160051,2.6020599913290483,-1.336487520160051,0.4225082003269381,0.4225082003269381,-0.9139793258594977,-0.9139793258594977,0.4225082003269381,-0.9139793258594977,1.0,0.0,0,1,1.4285714285714286,0.04,1
ASAP7,XOR2X2,XOR2x2_ASAP7_6t_L,B,Y,rise,0.7,25.0,29.3776,-0.4225081990138475,-0.4225081990138475,1.3979400086894094,-2.8416372063114648,1.3979400086894094,-2.8416372063114648,0.4225082003269381,0.4225082003269381,-2.419129193739689,-2.419129193739689,0.4225082003269381,-2.419129193739689,1.0,0.0,0,1,1.4285714285714286,0.04,1
ASAP7,XOR2X2,XOR2x2_ASAP7_6t_L,A,Y,fall,0.7,25.0,53.6494,-0.4225081990138475,-0.4225081990138475,2.0000000000043427,-1.9385474832136347,2.0000000000043427,-1.9385474832136347,0.4225082003269381,0.4225082003269381,-1.5160393064997446,-1.5160393064997446,0.4225082003269381,-1.5160393064997446,1.0,0.0,0,1,1.4285714285714286,0.04,1
ASAP7,INVX4,INVx4_ASAP7_6t_L,A,Y,fall,0.7,25.0,26.6098,-0.6655462468384465,-0.6655462468384465,2.6020599913290483,-2.239577441178447,2.6020599913290483,-2.239577441178447,0.6655462489428767,0.6655462489428767,-1.574031251441676,-1.574031251441676,0.6655462489428767,-1.574031251441676,1.0,0.0,1,1,1.4285714285714286,0.04,1
ASAP7,BUFX2,BUFx2_ASAP7_6t_L,A,Y,fall,0.7,25.0,47.7439,-0.8696662282879977,-0.8696662282879977,2.0000000000043427,-2.239577441178447,2.0000000000043427,-2.239577441178447,0.8696662315636237,0.8696662315636237,-1.3699112748930173,-1.3699112748930173,0.8696662315636237,-1.3699112748930173,1.0,0.0,0,1,1.4285714285714286,0.04,1
ASAP7,OR3X2,OR3x2_ASAP7_6t_L,B,Y,fall,0.7,25.0,47.4527,-0.5686362342325145,-0.5686362342325145,2.0000000000043427,-2.5406073614441,2.0000000000043427,-2.5406073614441,0.5686362359582722,0.5686362359582722,-1.9719712356846508,-1.9719712356846508,0.5686362359582722,-1.9719712356846508,1.0,0.0,0,1,1.4285714285714286,0.04,1
ASAP7,OR4X1,OR4x1_ASAP7_6t_L,A,Y,rise,0.7,25.0,38.3542,-0.5686362342325145,-0.5686362342325145,0.7958800174135623,-2.239577441178447,0.7958800174135623,-2.239577441178447,0.5686362359582722,0.5686362359582722,-1.670941260378222,-1.670941260378222,0.5686362359582722,-1.670941260378222,1.0,0.0,0,1,1.4285714285714286,0.04,1
ASAP7,NAND3X1,NAND3x1_ASAP7_6t_L,B,Y,rise,0.7,25.0,127.099,-0.7904849827765389,-0.31336372984409655,1.3979400086894094,-1.637517506399239,1.3979400086894094,-1.637517506399239,0.7904849855277247,0.31336373094877373,-0.8470325367378235,-1.3241537853502199,0.7904849855277247,-0.8470325367378235,0.3333333333333333,-0.4999999999999999,0,1,1.4285714285714286,0.04,1
ASAP7,OR2X2,OR2x2_ASAP7_6t_L,A,Y,rise,0.7,25.0,170.529,-0.6655462468384465,-0.7904849827765389,2.6020599913290483,-1.336487520160051,2.6020599913290483,-1.336487520160051,0.6655462489428767,0.7904849855277247,-0.67094127870002,-0.5460025426006588,0.6655462489428767,-0.67094127870002,1.3333333333333335,0.14285714285714285,0,1,1.4285714285714286,0.04,1
ASAP7,NOR3X1,NOR3x1_ASAP7_6t_L,A,Y,fall,0.7,25.0,29.8911,-0.31336372984409655,-0.7904849827765389,0.7958800174135623,-2.239577441178447,0.7958800174135623,-2.239577441178447,0.31336373094877373,0.7904849855277247,-1.926213749195486,-1.4490925189048869,0.7904849855277247,-1.4490925189048869,3.0,0.4999999999999999,0,1,1.4285714285714286,0.04,1
ASAP7,OR4X2,OR4x2_ASAP7_6t_L,A,Y,rise,0.7,25.0,43.8484,-0.48945498845297275,-0.48945498845297275,1.3979400086894094,-1.9385474832136347,1.3979400086894094,-1.9385474832136347,0.4894549899340993,0.4894549899340993,-1.4490925189048869,-1.4490925189048869,0.4894549899340993,-1.4490925189048869,1.0,0.0,0,1,1.4285714285714286,0.04,1
ASAP7,AND2X2,AND2x2_ASAP7_6t_L,A,Y,fall,0.7,25.0,78.0515,-0.7904849827765389,-0.6655462468384465,2.6020599913290483,-2.8416372063114648,2.6020599913290483,-2.8416372063114648,0.7904849855277247,0.6655462489428767,-2.051152473589255,-2.176091193911514,0.6655462489428767,-2.176091193911514,0.75,-0.14285714285714285,0,1,1.4285714285714286,0.04,1
ASAP7,NOR3X2,NOR3x2_ASAP7_6t_L,C,Y,rise,0.7,25.0,64.4475,-0.012333734626920325,-0.48945498845297275,1.3979400086894094,-1.637517506399239,1.3979400086894094,-1.637517506399239,0.012333735495859591,0.4894549899340993,-1.6251837718533022,-1.1480625293481717,0.012333735495859591,-1.6251837718533022,3.0000000000000004,0.5,0,1,1.4285714285714286,0.04,1
ASAP7,NAND3X1,NAND3x1_ASAP7_6t_L,C,Y,rise,0.7,25.0,43.7695,-0.7904849827765389,-0.31336372984409655,1.3979400086894094,-2.239577441178447,1.3979400086894094,-2.239577441178447,0.7904849855277247,0.31336373094877373,-1.4490925189048869,-1.926213749195486,0.7904849855277247,-1.4490925189048869,0.3333333333333333,-0.4999999999999999,0,1,1.4285714285714286,0.04,1
ASAP7,NAND2X2,NAND2x2_ASAP7_6t_L,A,Y,rise,0.7,25.0,170.372,-0.6655462468384465,-0.3645162521797766,2.301029995666153,-1.336487520160051,2.301029995666153,-1.336487520160051,0.6655462489428767,0.3645162533727032,-0.67094127870002,-0.9719712723282457,0.6655462489428767,-0.67094127870002,0.5000000000000001,-0.3333333333333333,0,1,1.4285714285714286,0.04,1
ASAP7,OR3X2,OR3x2_ASAP7_6t_L,A,Y,fall,0.7,25.0,58.191,-0.5686362342325145,-0.5686362342325145,2.0000000000043427,-2.239577441178447,2.0000000000043427,-2.239577441178447,0.5686362359582722,0.5686362359582722,-1.670941260378222,-1.670941260378222,0.5686362359582722,-1.670941260378222,1.0,0.0,0,1,1.4285714285714286,0.04,1
ASAP7,OR2X4,OR2x4_ASAP7_6t_L,A,Y,rise,0.7,25.0,148.857,-0.48945498845297275,-0.48945498845297275,2.301029995666153,-1.0354575292084665,2.301029995666153,-1.0354575292084665,0.4894549899340993,0.4894549899340993,-0.5460025426006588,-0.5460025426006588,0.4894549899340993,-0.5460025426006588,1.0,0.0,0,1,1.4285714285714286,0.04,1
ASAP7,AND2X2,AND2x2_ASAP7_6t_L,A,Y,fall,0.7,25.0,59.5534,-0.7904849827765389,-0.6655462468384465,2.301029995666153,-2.5406073614441,2.301029995666153,-2.5406073614441,0.7904849855277247,0.6655462489428767,-1.7501225023543363,-1.875061230819615,0.6655462489428767,-1.875061230819615,0.75,-0.14285714285714285,0,1,1.4285714285714286,0.04,1
ASAP7,OR4X1,OR4x1_ASAP7_6t_L,A,Y,fall,0.7,25.0,56.5341,-0.5686362342325145,-0.5686362342325145,1.3979400086894094,-2.239577441178447,1.3979400086894094,-2.239577441178447,0.5686362359582722,0.5686362359582722,-1.670941260378222,-1.670941260378222,0.5686362359582722,-1.670941260378222,1.0,0.0,0,1,1.4285714285714286,0.04,1
ASAP7,AND4X2,AND4x2_ASAP7_6t_L,B,Y,rise,0.7,25.0,46.8464,-0.48945498845297275,-0.48945498845297275,1.3979400086894094,-2.239577441178447,1.3979400086894094,-2.239577441178447,0.4894549899340993,0.4894549899340993,-1.7501225023543363,-1.7501225023543363,0.4894549899340993,-1.7501225023543363,1.0,0.0,0,1,1.4285714285714286,0.04,1
ASAP7,AND3X4,AND3x4_ASAP7_6t_L,A,Y,rise,0.7,25.0,23.5872,-0.4225081990138475,-0.26760623937278244,1.0969100130428,-2.5406073614441,1.0969100130428,-2.5406073614441,0.4225082003269381,0.26760624041155046,-2.1180992550768476,-2.27300119063353,0.4225082003269381,-2.1180992550768476,0.7,-0.17647058823529424,0,1,1.4285714285714286,0.04,1
ASAP7,OR2X2,OR2x2_ASAP7_6t_L,B,Y,rise,0.7,25.0,45.4608,-0.6655462468384465,-0.7904849827765389,0.7958800174135623,-1.9385474832136347,0.7958800174135623,-1.9385474832136347,0.6655462489428767,0.7904849855277247,-1.2730012639207162,-1.1480625293481717,0.6655462489428767,-1.2730012639207162,1.3333333333333335,0.14285714285714285,0,1,1.4285714285714286,0.04,1
ASAP7,OR4X2,OR4x2_ASAP7_6t_L,C,Y,fall,0.7,25.0,109.175,-0.48945498845297275,-0.48945498845297275,2.6020599913290483,-1.9385474832136347,2.6020599913290483,-1.9385474832136347,0.4894549899340993,0.4894549899340993,-1.4490925189048869,-1.4490925189048869,0.4894549899340993,-1.4490925189048869,1.0,0.0,0,1,1.4285714285714286,0.04,1
ASAP7,NOR2X1,NOR2x1_ASAP7_6t_L,A,Y,rise,0.7,25.0,227.149,-0.6655462468384465,-0.9665762404918051,1.6989700043447047,-1.336487520160051,1.6989700043447047,-1.336487520160051,0.6655462489428767,0.9665762445599542,-0.67094127870002,-0.3699112840539164,0.6655462489428767,-0.67094127870002,2.0,0.3333333333333333,0,1,1.4285714285714286,0.04,1
ASAP7,OR3X4,OR3x4_ASAP7_6t_L,B,Y,rise,0.7,25.0,74.3088,-0.4225081990138475,-0.4225081990138475,0.7958800174135623,-1.336487520160051,0.7958800174135623,-1.336487520160051,0.4225082003269381,0.4225082003269381,-0.9139793258594977,-0.9139793258594977,0.4225082003269381,-0.9139793258594977,1.0,0.0,0,1,1.4285714285714286,0.04,1
ASAP7,AND4X2,AND4x2_ASAP7_6t_L,A,Y,rise,0.7,25.0,100.416,-0.48945498845297275,-0.48945498845297275,2.6020599913290483,-1.9385474832136347,2.6020599913290483,-1.9385474832136347,0.4894549899340993,0.4894549899340993,-1.4490925189048869,-1.4490925189048869,0.4894549899340993,-1.4490925189048869,1.0,0.0,0,1,1.4285714285714286,0.04,1
ASAP7,AND3X1,AND3x1_ASAP7_6t_L,B,Y,rise,0.7,25.0,33.8388,-0.6655462468384465,-0.6655462468384465,2.0000000000043427,-2.8416372063114648,2.0000000000043427,-2.8416372063114648,0.6655462489428767,0.6655462489428767,-2.176091193911514,-2.176091193911514,0.6655462489428767,-2.176091193911514,1.0,0.0,0,1,1.4285714285714286,0.04,1
ASAP7,NAND3X1,NAND3x1_ASAP7_6t_L,B,Y,rise,0.7,25.0,237.612,-0.7904849827765389,-0.31336372984409655,1.0969100130428,-1.336487520160051,1.0969100130428,-1.336487520160051,0.7904849855277247,0.31336373094877373,-0.5460025426006588,-1.0231237942666882,0.7904849855277247,-0.5460025426006588,0.3333333333333333,-0.4999999999999999,0,1,1.4285714285714286,0.04,1
ASAP7,AND3X4,AND3x4_ASAP7_6t_L,B,Y,fall,0.7,25.0,46.4577,-0.4225081990138475,-0.26760623937278244,0.7958800174135623,-1.637517506399239,0.7958800174135623,-1.637517506399239,0.4225082003269381,0.26760624041155046,-1.2150093179609072,-1.3699112748930173,0.26760624041155046,-1.3699112748930173,0.7,-0.17647058823529424,0,1,1.4285714285714286,0.04,1
ASAP7,XOR2X2,XOR2x2_ASAP7_6t_L,A,Y,fall,0.7,25.0,65.5688,-0.4225081990138475,-0.4225081990138475,2.6020599913290483,-1.9385474832136347,2.6020599913290483,-1.9385474832136347,0.4225082003269381,0.4225082003269381,-1.5160393064997446,-1.5160393064997446,0.4225082003269381,-1.5160393064997446,1.0,0.0,0,1,1.4285714285714286,0.04,1
ASAP7,AND3X1,AND3x1_ASAP7_6t_L,C,Y,fall,0.7,25.0,49.7349,-0.6655462468384465,-0.6655462468384465,2.0000000000043427,-2.239577441178447,2.0000000000043427,-2.239577441178447,0.6655462489428767,0.6655462489428767,-1.574031251441676,-1.574031251441676,0.6655462489428767,-1.574031251441676,1.0,0.0,0,1,1.4285714285714286,0.04,1
ASAP7,AND3X1,AND3x1_ASAP7_6t_L,C,Y,fall,0.7,25.0,32.103,-0.6655462468384465,-0.6655462468384465,1.6989700043447047,-2.5406073614441,1.6989700043447047,-2.5406073614441,0.6655462489428767,0.6655462489428767,-1.875061230819615,-1.875061230819615,0.6655462489428767,-1.875061230819615,1.0,0.0,0,1,1.4285714285714286,0.04,1
ASAP7,AND3X1,AND3x1_ASAP7_6t_L,C,Y,fall,0.7,25.0,14.5662,-0.6655462468384465,-0.6655462468384465,0.7958800174135623,-3.14266690038237,0.7958800174135623,-3.14266690038237,0.6655462489428767,0.6655462489428767,-2.4771211244313376,-2.4771211244313376,0.6655462489428767,-2.4771211244313376,1.0,0.0,0,1,1.4285714285714286,0.04,1
ASAP7,NOR3X1,NOR3x1_ASAP7_6t_L,C,Y,fall,0.7,25.0,51.6539,-0.31336372984409655,-0.7904849827765389,2.301029995666153,-2.5406073614441,2.301029995666153,-2.5406073614441,0.31336373094877373,0.7904849855277247,-2.227243708215875,-1.7501225023543363,0.7904849855277247,-1.7501225023543363,3.0,0.4999999999999999,0,1,1.4285714285714286,0.04,1
ASAP7,OR3X1,OR3x1_ASAP7_6t_L,B,Y,rise,0.7,25.0,244.777,-0.6655462468384465,-0.6655462468384465,2.0000000000043427,-1.336487520160051,2.0000000000043427,-1.336487520160051,0.6655462489428767,0.6655462489428767,-0.67094127870002,-0.67094127870002,0.6655462489428767,-0.67094127870002,1.0,0.0,0,1,1.4285714285714286,0.04,1
ASAP7,AND2X2,AND2x2_ASAP7_6t_L,A,Y,rise,0.7,25.0,30.4677,-0.7904849827765389,-0.6655462468384465,1.0969100130428,-2.239577441178447,1.0969100130428,-2.239577441178447,0.7904849855277247,0.6655462489428767,-1.4490925189048869,-1.574031251441676,0.7904849855277247,-1.4490925189048869,0.75,-0.14285714285714285,0,1,1.4285714285714286,0.04,1
ASAP7,OR4X1,OR4x1_ASAP7_6t_L,C,Y,rise,0.7,25.0,76.7297,-0.5686362342325145,-0.5686362342325145,2.0000000000043427,-1.9385474832136347,2.0000000000043427,-1.9385474832136347,0.5686362359582722,0.5686362359582722,-1.3699112748930173,-1.3699112748930173,0.5686362359582722,-1.3699112748930173,1.0,0.0,0,1,1.4285714285714286,0.04,1
ASAP7,AND2X4,AND2x4_ASAP7_6t_L,B,Y,fall,0.7,25.0,138.726,-0.3645162521797766,-0.3645162521797766,2.6020599913290483,-1.0354575292084665,2.6020599913290483,-1.0354575292084665,0.3645162533727032,0.3645162533727032,-0.6709412787000198,-0.6709412787000198,0.3645162533727032,-0.6709412787000198,1.0,0.0,0,1,1.4285714285714286,0.04,1
ASAP7,NAND3X1,NAND3x1_ASAP7_6t_L,B,Y,fall,0.7,25.0,44.5992,-0.7904849827765389,-0.31336372984409655,1.0969100130428,-1.9385474832136347,1.0969100130428,-1.9385474832136347,0.7904849855277247,0.31336373094877373,-1.1480625293481717,-1.6251837718533022,0.31336373094877373,-1.6251837718533022,0.3333333333333333,-0.4999999999999999,0,1,1.4285714285714286,0.04,1
ASAP7,NOR2X2,NOR2x2_ASAP7_6t_L,B,Y,fall,0.7,25.0,48.6606,-0.3645162521797766,-0.6655462468384465,2.0000000000043427,-1.9385474832136347,2.0000000000043427,-1.9385474832136347,0.3645162533727032,0.6655462489428767,-1.574031251441676,-1.2730012639207162,0.6655462489428767,-1.2730012639207162,1.9999999999999998,0.3333333333333333,0,1,1.4285714285714286,0.04,1
ASAP7,NAND3X1,NAND3x1_ASAP7_6t_L,B,Y,fall,0.7,25.0,82.5761,-0.7904849827765389,-0.31336372984409655,1.0969100130428,-1.637517506399239,1.0969100130428,-1.637517506399239,0.7904849855277247,0.31336373094877373,-0.8470325367378235,-1.3241537853502199,0.31336373094877373,-1.3241537853502199,0.3333333333333333,-0.4999999999999999,0,1,1.4285714285714286,0.04,1
ASAP7,OR4X1,OR4x1_ASAP7_6t_L,C,Y,rise,0.7,25.0,19.2978,-0.5686362342325145,-0.5686362342325145,1.0969100130428,-2.8416372063114648,1.0969100130428,-2.8416372063114648,0.5686362359582722,0.5686362359582722,-2.27300119063353,-2.27300119063353,0.5686362359582722,-2.27300119063353,1.0,0.0,0,1,1.4285714285714286,0.04,1
ASAP7,OR3X1,OR3x1_ASAP7_6t_L,C,Y,fall,0.7,25.0,72.5302,-0.6655462468384465,-0.6655462468384465,0.7958800174135623,-1.9385474832136347,0.7958800174135623,-1.9385474832136347,0.6655462489428767,0.6655462489428767,-1.2730012639207162,-1.2730012639207162,0.6655462489428767,-1.2730012639207162,1.0,0.0,0,1,1.4285714285714286,0.04,1
ASAP7,OR4X1,OR4x1_ASAP7_6t_L,B,Y,fall,0.7,25.0,42.612,-0.5686362342325145,-0.5686362342325145,0.7958800174135623,-2.5406073614441,0.7958800174135623,-2.5406073614441,0.5686362359582722,0.5686362359582722,-1.9719712356846508,-1.9719712356846508,0.5686362359582722,-1.9719712356846508,1.0,0.0,0,1,1.4285714285714286,0.04,1
ASAP7,NOR2X1,NOR2x1_ASAP7_6t_L,B,Y,rise,0.7,25.0,18.2911,-0.6655462468384465,-0.9665762404918051,0.7958800174135623,-2.5406073614441,0.7958800174135623,-2.5406073614441,0.6655462489428767,0.9665762445599542,-1.875061230819615,-1.574031251441676,0.6655462489428767,-1.875061230819615,2.0,0.3333333333333333,0,1,1.4285714285714286,0.04,1
ASAP7,NOR3X1,NOR3x1_ASAP7_6t_L,B,Y,fall,0.7,25.0,218.34,-0.31336372984409655,-0.7904849827765389,2.0000000000043427,-1.336487520160051,2.0000000000043427,-1.336487520160051,0.31336373094877373,0.7904849855277247,-1.0231237942666882,-0.5460025426006588,0.7904849855277247,-0.5460025426006588,3.0,0.4999999999999999,0,1,1.4285714285714286,0.04,1
ASAP7,OR3X1,OR3x1_ASAP7_6t_L,B,Y,fall,0.7,25.0,36.383,-0.6655462468384465,-0.6655462468384465,2.0000000000043427,-3.14266690038237,2.0000000000043427,-3.14266690038237,0.6655462489428767,0.6655462489428767,-2.4771211244313376,-2.4771211244313376,0.6655462489428767,-2.4771211244313376,1.0,0.0,0,1,1.4285714285714286,0.04,1
ASAP7,AND3X1,AND3x1_ASAP7_6t_L,C,Y,fall,0.7,25.0,23.9018,-0.6655462468384465,-0.6655462468384465,0.7958800174135623,-2.5406073614441,0.7958800174135623,-2.5406073614441,0.6655462489428767,0.6655462489428767,-1.875061230819615,-1.875061230819615,0.6655462489428767,-1.875061230819615,1.0,0.0,0,1,1.4285714285714286,0.04,1
ASAP7,AND3X2,AND3x2_ASAP7_6t_L,C,Y,fall,0.7,25.0,62.025,-0.5686362342325145,-0.5686362342325145,0.7958800174135623,-1.637517506399239,0.7958800174135623,-1.637517506399239,0.5686362359582722,0.5686362359582722,-1.0688812843184246,-1.0688812843184246,0.5686362359582722,-1.0688812843184246,1.0,0.0,0,1,1.4285714285714286,0.04,1
ASAP7,NAND2X2,NAND2x2_ASAP7_6t_L,A,Y,rise,0.7,25.0,19.2315,-0.6655462468384465,-0.3645162521797766,1.6989700043447047,-2.8416372063114648,1.6989700043447047,-2.8416372063114648,0.6655462489428767,0.3645162533727032,-2.176091193911514,-2.477121124431337,0.6655462489428767,-2.176091193911514,0.5000000000000001,-0.3333333333333333,0,1,1.4285714285714286,0.04,1
ASAP7,AND3X1,AND3x1_ASAP7_6t_L,C,Y,rise,0.7,25.0,50.7684,-0.6655462468384465,-0.6655462468384465,1.6989700043447047,-2.239577441178447,1.6989700043447047,-2.239577441178447,0.6655462489428767,0.6655462489428767,-1.574031251441676,-1.574031251441676,0.6655462489428767,-1.574031251441676,1.0,0.0,0,1,1.4285714285714286,0.04,1
ASAP7,NOR3X2,NOR3x2_ASAP7_6t_L,C,Y,rise,0.7,25.0,12.4639,-0.012333734626920325,-0.48945498845297275,1.0969100130428,-2.8416372063114648,1.0969100130428,-2.8416372063114648,0.012333735495859591,0.4894549899340993,-2.829303479682349,-2.352182420395115,0.012333735495859591,-2.829303479682349,3.0000000000000004,0.5,0,1,1.4285714285714286,0.04,1
ASAP7,OR3X4,OR3x4_ASAP7_6t_L,A,Y,rise,0.7,25.0,23.3027,-0.4225081990138475,-0.4225081990138475,1.3979400086894094,-2.5406073614441,1.3979400086894094,-2.5406073614441,0.4225082003269381,0.4225082003269381,-2.1180992550768476,-2.1180992550768476,0.4225082003269381,-2.1180992550768476,1.0,0.0,0,1,1.4285714285714286,0.04,1
ASAP7,OR4X1,OR4x1_ASAP7_6t_L,B,Y,fall,0.7,25.0,83.0729,-0.5686362342325145,-0.5686362342325145,2.6020599913290483,-2.8416372063114648,2.6020599913290483,-2.8416372063114648,0.5686362359582722,0.5686362359582722,-2.27300119063353,-2.27300119063353,0.5686362359582722,-2.27300119063353,1.0,0.0,0,1,1.4285714285714286,0.04,1
ASAP7,NOR3X2,NOR3x2_ASAP7_6t_L,C,Y,rise,0.7,25.0,125.641,-0.012333734626920325,-0.48945498845297275,2.0000000000043427,-1.336487520160051,2.0000000000043427,-1.336487520160051,0.012333735495859591,0.4894549899340993,-1.3241537853502199,-0.8470325367378235,0.012333735495859591,-1.3241537853502199,3.0000000000000004,0.5,0,1,1.4285714285714286,0.04,1
ASAP7,NAND2X1,NAND2x1_ASAP7_6t_L,B,Y,rise,0.7,25.0,120.237,-0.9665762404918051,-0.6655462468384465,1.0969100130428,-1.637517506399239,1.0969100130428,-1.637517506399239,0.9665762445599542,0.6655462489428767,-0.67094127870002,-0.9719712723282458,0.9665762445599542,-0.67094127870002,0.5,-0.3333333333333333,0,1,1.4285714285714286,0.04,1
ASAP7,NOR2X1,NOR2x1_ASAP7_6t_L,B,Y,fall,0.7,25.0,41.4563,-0.6655462468384465,-0.9665762404918051,2.301029995666153,-2.5406073614441,2.301029995666153,-2.5406073614441,0.6655462489428767,0.9665762445599542,-1.875061230819615,-1.574031251441676,0.9665762445599542,-1.574031251441676,2.0,0.3333333333333333,0,1,1.4285714285714286,0.04,1
ASAP7,AND4X1,AND4x1_ASAP7_6t_L,A,Y,fall,0.7,25.0,51.581,-0.5686362342325145,-0.5686362342325145,2.301029995666153,-2.239577441178447,2.301029995666153,-2.239577441178447,0.5686362359582722,0.5686362359582722,-1.670941260378222,-1.670941260378222,0.5686362359582722,-1.670941260378222,1.0,0.0,0,1,1.4285714285714286,0.04,1
ASAP7,OR3X4,OR3x4_ASAP7_6t_L,C,Y,fall,0.7,25.0,145.961,-0.4225081990138475,-0.4225081990138475,1.3979400086894094,-1.0354575292084665,1.3979400086894094,-1.0354575292084665,0.4225082003269381,0.4225082003269381,-0.6129493319768025,-0.6129493319768025,0.4225082003269381,-0.6129493319768025,1.0,0.0,0,1,1.4285714285714286,0.04,1
ASAP7,OR4X1,OR4x1_ASAP7_6t_L,D,Y,fall,0.7,25.0,231.042,-0.5686362342325145,-0.5686362342325145,2.0000000000043427,-1.336487520160051,2.0000000000043427,-1.336487520160051,0.5686362359582722,0.5686362359582722,-0.7678512911991375,-0.7678512911991375,0.5686362359582722,-0.7678512911991375,1.0,0.0,0,1,1.4285714285714286,0.04,1
ASAP7,NOR2X1,NOR2x1_ASAP7_6t_L,A,Y,rise,0.7,25.0,16.0979,-0.6655462468384465,-0.9665762404918051,2.0000000000043427,-3.14266690038237,2.0000000000043427,-3.14266690038237,0.6655462489428767,0.9665762445599542,-2.4771211244313376,-2.176091193911514,0.6655462489428767,-2.4771211244313376,2.0,0.3333333333333333,0,1,1.4285714285714286,0.04,1
ASAP7,AND4X1,AND4x1_ASAP7_6t_L,D,Y,rise,0.7,25.0,33.5526,-0.5686362342325145,-0.5686362342325145,1.6989700043447047,-2.8416372063114648,1.6989700043447047,-2.8416372063114648,0.5686362359582722,0.5686362359582722,-2.27300119063353,-2.27300119063353,0.5686362359582722,-2.27300119063353,1.0,0.0,0,1,1.4285714285714286,0.04,1
ASAP7,AND3X2,AND3x2_ASAP7_6t_L,A,Y,fall,0.7,25.0,24.903,-0.5686362342325145,-0.5686362342325145,0.7958800174135623,-2.239577441178447,0.7958800174135623,-2.239577441178447,0.5686362359582722,0.5686362359582722,-1.670941260378222,-1.670941260378222,0.5686362359582722,-1.670941260378222,1.0,0.0,0,1,1.4285714285714286,0.04,1
ASAP7,NOR2X1,NOR2x1_ASAP7_6t_L,A,Y,rise,0.7,25.0,116.153,-0.6655462468384465,-0.9665762404918051,1.3979400086894094,-1.637517506399239,1.3979400086894094,-1.637517506399239,0.6655462489428767,0.9665762445599542,-0.9719712723282458,-0.67094127870002,0.6655462489428767,-0.9719712723282458,2.0,0.3333333333333333,0,1,1.4285714285714286,0.04,1
ASAP7,INVX2,INVx2_ASAP7_6t_L,A,Y,rise,0.7,25.0,234.54,-0.9665762404918051,-0.9665762404918051,1.3979400086894094,-1.0354575292084665,1.3979400086894094,-1.0354575292084665,0.9665762445599542,0.9665762445599542,-0.06888128889887407,-0.06888128889887407,0.9665762445599542,-0.06888128889887407,1.0,0.0,1,1,1.4285714285714286,0.04,1
ASAP7,AND3X1,AND3x1_ASAP7_6t_L,B,Y,fall,0.7,25.0,30.9625,-0.6655462468384465,-0.6655462468384465,1.6989700043447047,-2.5406073614441,1.6989700043447047,-2.5406073614441,0.6655462489428767,0.6655462489428767,-1.875061230819615,-1.875061230819615,0.6655462489428767,-1.875061230819615,1.0,0.0,0,1,1.4285714285714286,0.04,1
ASAP7,NOR2X2,NOR2x2_ASAP7_6t_L,B,Y,rise,0.7,25.0,68.2837,-0.3645162521797766,-0.6655462468384465,1.6989700043447047,-1.637517506399239,1.6989700043447047,-1.637517506399239,0.3645162533727032,0.6655462489428767,-1.2730012639207162,-0.9719712723282458,0.3645162533727032,-1.2730012639207162,1.9999999999999998,0.3333333333333333,0,1,1.4285714285714286,0.04,1
ASAP7,OR3X4,OR3x4_ASAP7_6t_L,A,Y,rise,0.7,25.0,246.101,-0.4225081990138475,-0.4225081990138475,0.7958800174135623,-0.7344275359006837,0.7958800174135623,-0.7344275359006837,0.4225082003269381,0.4225082003269381,-0.31191933720346426,-0.31191933720346426,0.4225082003269381,-0.31191933720346426,1.0,0.0,0,1,1.4285714285714286,0.04,1
ASAP7,NOR3X2,NOR3x2_ASAP7_6t_L,C,Y,fall,0.7,25.0,150.592,-0.012333734626920325,-0.48945498845297275,2.301029995666153,-1.336487520160051,2.301029995666153,-1.336487520160051,0.012333735495859591,0.4894549899340993,-1.3241537853502199,-0.8470325367378235,0.4894549899340993,-0.8470325367378235,3.0000000000000004,0.5,0,1,1.4285714285714286,0.04,1
ASAP7,NOR3X2,NOR3x2_ASAP7_6t_L,B,Y,rise,0.7,25.0,251.821,-0.012333734626920325,-0.48945498845297275,2.301029995666153,-1.0354575292084665,2.301029995666153,-1.0354575292084665,0.012333735495859591,0.4894549899340993,-1.0231237942666884,-0.5460025426006588,0.012333735495859591,-1.0231237942666884,3.0000000000000004,0.5,0,1,1.4285714285714286,0.04,1
ASAP7,OR3X1,OR3x1_ASAP7_6t_L,A,Y,rise,0.7,25.0,29.4352,-0.6655462468384465,-0.6655462468384465,1.6989700043447047,-2.5406073614441,1.6989700043447047,-2.5406073614441,0.6655462489428767,0.6655462489428767,-1.875061230819615,-1.875061230819615,0.6655462489428767,-1.875061230819615,1.0,0.0,0,1,1.4285714285714286,0.04,1
ASAP7,NOR2X1,NOR2x1_ASAP7_6t_L,B,Y,rise,0.7,25.0,22.3897,-0.6655462468384465,-0.9665762404918051,1.3979400086894094,-2.5406073614441,1.3979400086894094,-2.5406073614441,0.6655462489428767,0.9665762445599542,-1.875061230819615,-1.574031251441676,0.6655462489428767,-1.875061230819615,2.0,0.3333333333333333,0,1,1.4285714285714286,0.04,1
ASAP7,INVX1,INVx1_ASAP7_6t_L,A,Y,fall,0.7,25.0,51.9096,-1.2676062321345412,-1.2676062321345412,1.0969100130428,-1.9385474832136347,1.0969100130428,-1.9385474832136347,1.2676062402004833,1.2676062402004833,-0.67094127870002,-0.67094127870002,1.2676062402004833,-0.67094127870002,1.0,0.0,1,1,1.4285714285714286,0.04,1
ASAP7,OR2X4,OR2x4_ASAP7_6t_L,B,Y,fall,0.7,25.0,36.9246,-0.48945498845297275,-0.48945498845297275,1.3979400086894094,-2.239577441178447,1.3979400086894094,-2.239577441178447,0.4894549899340993,0.4894549899340993,-1.7501225023543363,-1.7501225023543363,0.4894549899340993,-1.7501225023543363,1.0,0.0,0,1,1.4285714285714286,0.04,1
ASAP7,NOR2X1,NOR2x1_ASAP7_6t_L,B,Y,rise,0.7,25.0,17.8261,-0.6655462468384465,-0.9665762404918051,2.0000000000043427,-3.14266690038237,2.0000000000043427,-3.14266690038237,0.6655462489428767,0.9665762445599542,-2.4771211244313376,-2.176091193911514,0.6655462489428767,-2.4771211244313376,2.0,0.3333333333333333,0,1,1.4285714285714286,0.04,1
ASAP7,NAND3X1,NAND3x1_ASAP7_6t_L,C,Y,rise,0.7,25.0,50.3058,-0.7904849827765389,-0.31336372984409655,1.6989700043447047,-2.239577441178447,1.6989700043447047,-2.239577441178447,0.7904849855277247,0.31336373094877373,-1.4490925189048869,-1.926213749195486,0.7904849855277247,-1.4490925189048869,0.3333333333333333,-0.4999999999999999,0,1,1.4285714285714286,0.04,1
ASAP7,AND3X1,AND3x1_ASAP7_6t_L,A,Y,rise,0.7,25.0,39.4936,-0.6655462468384465,-0.6655462468384465,2.301029995666153,-3.14266690038237,2.301029995666153,-3.14266690038237,0.6655462489428767,0.6655462489428767,-2.4771211244313376,-2.4771211244313376,0.6655462489428767,-2.4771211244313376,1.0,0.0,0,1,1.4285714285714286,0.04,1
ASAP7,NAND3X1,NAND3x1_ASAP7_6t_L,C,Y,fall,0.7,25.0,11.4096,-0.7904849827765389,-0.31336372984409655,1.0969100130428,-2.8416372063114648,1.0969100130428,-2.8416372063114648,0.7904849855277247,0.31336373094877373,-2.051152473589255,-2.5282736305926807,0.31336373094877373,-2.5282736305926807,0.3333333333333333,-0.4999999999999999,0,1,1.4285714285714286,0.04,1
ASAP7,OR4X2,OR4x2_ASAP7_6t_L,C,Y,fall,0.7,25.0,92.9089,-0.48945498845297275,-0.48945498845297275,1.3979400086894094,-1.637517506399239,1.3979400086894094,-1.637517506399239,0.4894549899340993,0.4894549899340993,-1.1480625293481717,-1.1480625293481717,0.4894549899340993,-1.1480625293481717,1.0,0.0,0,1,1.4285714285714286,0.04,1
ASAP7,AND3X1,AND3x1_ASAP7_6t_L,B,Y,fall,0.7,25.0,47.9584,-0.6655462468384465,-0.6655462468384465,2.0000000000043427,-2.239577441178447,2.0000000000043427,-2.239577441178447,0.6655462489428767,0.6655462489428767,-1.574031251441676,-1.574031251441676,0.6655462489428767,-1.574031251441676,1.0,0.0,0,1,1.4285714285714286,0.04,1
ASAP7,XOR2X2,XOR2x2_ASAP7_6t_L,B,Y,fall,0.7,25.0,41.6126,-0.4225081990138475,-0.4225081990138475,2.0000000000043427,-2.5406073614441,2.0000000000043427,-2.5406073614441,0.4225082003269381,0.4225082003269381,-2.1180992550768476,-2.1180992550768476,0.4225082003269381,-2.1180992550768476,1.0,0.0,0,1,1.4285714285714286,0.04,1
ASAP7,AND4X2,AND4x2_ASAP7_6t_L,B,Y,rise,0.7,25.0,71.0538,-0.48945498845297275,-0.48945498845297275,2.0000000000043427,-1.9385474832136347,2.0000000000043427,-1.9385474832136347,0.4894549899340993,0.4894549899340993,-1.4490925189048869,-1.4490925189048869,0.4894549899340993,-1.4490925189048869,1.0,0.0,0,1,1.4285714285714286,0.04,1
ASAP7,OR3X4,OR3x4_ASAP7_6t_L,B,Y,rise,0.7,25.0,32.5372,-0.4225081990138475,-0.4225081990138475,2.0000000000043427,-2.5406073614441,2.0000000000043427,-2.5406073614441,0.4225082003269381,0.4225082003269381,-2.1180992550768476,-2.1180992550768476,0.4225082003269381,-2.1180992550768476,1.0,0.0,0,1,1.4285714285714286,0.04,1
ASAP7,AND3X1,AND3x1_ASAP7_6t_L,A,Y,fall,0.7,25.0,226.185,-0.6655462468384465,-0.6655462468384465,2.6020599913290483,-1.336487520160051,2.6020599913290483,-1.336487520160051,0.6655462489428767,0.6655462489428767,-0.67094127870002,-0.67094127870002,0.6655462489428767,-0.67094127870002,1.0,0.0,0,1,1.4285714285714286,0.04,1
ASAP7,AND4X2,AND4x2_ASAP7_6t_L,D,Y,fall,0.7,25.0,26.5081,-0.48945498845297275,-0.48945498845297275,1.6989700043447047,-2.8416372063114648,1.6989700043447047,-2.8416372063114648,0.4894549899340993,0.4894549899340993,-2.352182420395115,-2.352182420395115,0.4894549899340993,-2.352182420395115,1.0,0.0,0,1,1.4285714285714286,0.04,1
ASAP7,NAND2X1,NAND2x1_ASAP7_6t_L,A,Y,rise,0.7,25.0,120.392,-0.9665762404918051,-0.6655462468384465,0.7958800174135623,-1.637517506399239,0.7958800174135623,-1.637517506399239,0.9665762445599542,0.6655462489428767,-0.67094127870002,-0.9719712723282458,0.9665762445599542,-0.67094127870002,0.5,-0.3333333333333333,0,1,1.4285714285714286,0.04,1
ASAP7,NAND2X1,NAND2x1_ASAP7_6t_L,A,Y,rise,0.7,25.0,11.7817,-0.9665762404918051,-0.6655462468384465,1.0969100130428,-3.14266690038237,1.0969100130428,-3.14266690038237,0.9665762445599542,0.6655462489428767,-2.176091193911514,-2.4771211244313376,0.9665762445599542,-2.176091193911514,0.5,-0.3333333333333333,0,1,1.4285714285714286,0.04,1
ASAP7,NOR2X2,NOR2x2_ASAP7_6t_L,B,Y,fall,0.7,25.0,36.3735,-0.3645162521797766,-0.6655462468384465,2.6020599913290483,-2.5406073614441,2.6020599913290483,-2.5406073614441,0.3645162533727032,0.6655462489428767,-2.176091193911514,-1.875061230819615,0.6655462489428767,-1.875061230819615,1.9999999999999998,0.3333333333333333,0,1,1.4285714285714286,0.04,1
ASAP7,OR3X2,OR3x2_ASAP7_6t_L,A,Y,fall,0.7,25.0,64.4935,-0.5686362342325145,-0.5686362342325145,2.301029995666153,-2.5406073614441,2.301029995666153,-2.5406073614441,0.5686362359582722,0.5686362359582722,-1.9719712356846508,-1.9719712356846508,0.5686362359582722,-1.9719712356846508,1.0,0.0,0,1,1.4285714285714286,0.04,1
ASAP7,XOR2X2,XOR2x2_ASAP7_6t_L,B,Y,rise,0.7,25.0,37.498,-0.4225081990138475,-0.4225081990138475,0.7958800174135623,-2.239577441178447,0.7958800174135623,-2.239577441178447,0.4225082003269381,0.4225082003269381,-1.817069287913439,-1.817069287913439,0.4225082003269381,-1.817069287913439,1.0,0.0,0,1,1.4285714285714286,0.04,1
ASAP7,AND4X2,AND4x2_ASAP7_6t_L,D,Y,fall,0.7,25.0,64.9984,-0.48945498845297275,-0.48945498845297275,2.301029995666153,-1.9385474832136347,2.301029995666153,-1.9385474832136347,0.4894549899340993,0.4894549899340993,-1.4490925189048869,-1.4490925189048869,0.4894549899340993,-1.4490925189048869,1.0,0.0,0,1,1.4285714285714286,0.04,1
ASAP7,OR4X1,OR4x1_ASAP7_6t_L,A,Y,fall,0.7,25.0,157.06,-0.5686362342325145,-0.5686362342325145,2.301029995666153,-1.637517506399239,2.301029995666153,-1.637517506399239,0.5686362359582722,0.5686362359582722,-1.0688812843184246,-1.0688812843184246,0.5686362359582722,-1.0688812843184246,1.0,0.0,0,1,1.4285714285714286,0.04,1
ASAP7,NAND3X1,NAND3x1_ASAP7_6t_L,C,Y,fall,0.7,25.0,17.2988,-0.7904849827765389,-0.31336372984409655,1.3979400086894094,-2.5406073614441,1.3979400086894094,-2.5406073614441,0.7904849855277247,0.31336373094877373,-1.7501225023543363,-2.227243708215875,0.31336373094877373,-2.227243708215875,0.3333333333333333,-0.4999999999999999,0,1,1.4285714285714286,0.04,1
ASAP7,AND4X1,AND4x1_ASAP7_6t_L,A,Y,fall,0.7,25.0,17.5528,-0.5686362342325145,-0.5686362342325145,1.3979400086894094,-3.14266690038237,1.3979400086894094,-3.14266690038237,0.5686362359582722,0.5686362359582722,-2.5740311048673186,-2.5740311048673186,0.5686362359582722,-2.5740311048673186,1.0,0.0,0,1,1.4285714285714286,0.04,1
ASAP7,INVX1,INVx1_ASAP7_6t_L,A,Y,fall,0.7,25.0,97.6987,-1.2676062321345412,-1.2676062321345412,0.7958800174135623,-1.637517506399239,0.7958800174135623,-1.637517506399239,1.2676062402004833,1.2676062402004833,-0.3699112840539164,-0.3699112840539164,1.2676062402004833,-0.3699112840539164,1.0,0.0,1,1,1.4285714285714286,0.04,1
ASAP7,OR3X4,OR3x4_ASAP7_6t_L,A,Y,rise,0.7,25.0,267.339,-0.4225081990138475,-0.4225081990138475,2.6020599913290483,-0.7344275359006837,2.6020599913290483,-0.7344275359006837,0.4225082003269381,0.4225082003269381,-0.31191933720346426,-0.31191933720346426,0.4225082003269381,-0.31191933720346426,1.0,0.0,0,1,1.4285714285714286,0.04,1
ASAP7,OR4X2,OR4x2_ASAP7_6t_L,C,Y,fall,0.7,25.0,38.7952,-0.48945498845297275,-0.48945498845297275,0.7958800174135623,-2.8416372063114648,0.7958800174135623,-2.8416372063114648,0.4894549899340993,0.4894549899340993,-2.352182420395115,-2.352182420395115,0.4894549899340993,-2.352182420395115,1.0,0.0,0,1,1.4285714285714286,0.04,1
ASAP7,NOR2X1,NOR2x1_ASAP7_6t_L,B,Y,fall,0.7,25.0,93.7352,-0.6655462468384465,-0.9665762404918051,2.301029995666153,-1.9385474832136347,2.301029995666153,-1.9385474832136347,0.6655462489428767,0.9665762445599542,-1.2730012639207162,-0.9719712723282458,0.9665762445599542,-0.9719712723282458,2.0,0.3333333333333333,0,1,1.4285714285714286,0.04,1
ASAP7,XOR2X2,XOR2x2_ASAP7_6t_L,A,Y,rise,0.7,25.0,152.346,-0.4225081990138475,-0.4225081990138475,2.301029995666153,-1.336487520160051,2.301029995666153,-1.336487520160051,0.4225082003269381,0.4225082003269381,-0.9139793258594977,-0.9139793258594977,0.4225082003269381,-0.9139793258594977,1.0,0.0,0,1,1.4285714285714286,0.04,1
ASAP7,OR4X1,OR4x1_ASAP7_6t_L,C,Y,rise,0.7,25.0,23.0476,-0.5686362342325145,-0.5686362342325145,2.0000000000043427,-3.14266690038237,2.0000000000043427,-3.14266690038237,0.5686362359582722,0.5686362359582722,-2.5740311048673186,-2.5740311048673186,0.5686362359582722,-2.5740311048673186,1.0,0.0,0,1,1.4285714285714286,0.04,1
ASAP7,XOR2X2,XOR2x2_ASAP7_6t_L,B,Y,fall,0.7,25.0,116.817,-0.4225081990138475,-0.4225081990138475,2.6020599913290483,-1.637517506399239,2.6020599913290483,-1.637517506399239,0.4225082003269381,0.4225082003269381,-1.2150093179609072,-1.2150093179609072,0.4225082003269381,-1.2150093179609072,1.0,0.0,0,1,1.4285714285714286,0.04,1
ASAP7,OR4X1,OR4x1_ASAP7_6t_L,D,Y,fall,0.7,25.0,40.321,-0.5686362342325145,-0.5686362342325145,1.6989700043447047,-2.8416372063114648,1.6989700043447047,-2.8416372063114648,0.5686362359582722,0.5686362359582722,-2.27300119063353,-2.27300119063353,0.5686362359582722,-2.27300119063353,1.0,0.0,0,1,1.4285714285714286,0.04,1
ASAP7,AND3X2,AND3x2_ASAP7_6t_L,B,Y,fall,0.7,25.0,24.5006,-0.5686362342325145,-0.5686362342325145,1.6989700043447047,-2.8416372063114648,1.6989700043447047,-2.8416372063114648,0.5686362359582722,0.5686362359582722,-2.27300119063353,-2.27300119063353,0.5686362359582722,-2.27300119063353,1.0,0.0,0,1,1.4285714285714286,0.04,1
ASAP7,OR4X2,OR4x2_ASAP7_6t_L,B,Y,rise,0.7,25.0,29.5052,-0.48945498845297275,-0.48945498845297275,2.0000000000043427,-2.5406073614441,2.0000000000043427,-2.5406073614441,0.4894549899340993,0.4894549899340993,-2.051152473589255,-2.051152473589255,0.4894549899340993,-2.051152473589255,1.0,0.0,0,1,1.4285714285714286,0.04,1
ASAP7,OR2X2,OR2x2_ASAP7_6t_L,B,Y,rise,0.7,25.0,53.525,-0.6655462468384465,-0.7904849827765389,2.301029995666153,-2.239577441178447,2.301029995666153,-2.239577441178447,0.6655462489428767,0.7904849855277247,-1.574031251441676,-1.4490925189048869,0.6655462489428767,-1.574031251441676,1.3333333333333335,0.14285714285714285,0,1,1.4285714285714286,0.04,1
ASAP7,AND3X4,AND3x4_ASAP7_6t_L,B,Y,rise,0.7,25.0,96.9848,-0.4225081990138475,-0.26760623937278244,2.6020599913290483,-1.336487520160051,2.6020599913290483,-1.336487520160051,0.4225082003269381,0.26760624041155046,-0.9139793258594977,-1.0688812843184246,0.4225082003269381,-0.9139793258594977,0.7,-0.17647058823529424,0,1,1.4285714285714286,0.04,1
ASAP7,NOR2X2,NOR2x2_ASAP7_6t_L,A,Y,fall,0.7,25.0,205.1,-0.3645162521797766,-0.6655462468384465,1.6989700043447047,-1.0354575292084665,1.6989700043447047,-1.0354575292084665,0.3645162533727032,0.6655462489428767,-0.6709412787000198,-0.3699112840539164,0.6655462489428767,-0.3699112840539164,1.9999999999999998,0.3333333333333333,0,1,1.4285714285714286,0.04,1
ASAP7,OR2X4,OR2x4_ASAP7_6t_L,B,Y,fall,0.7,25.0,32.4579,-0.48945498845297275,-0.48945498845297275,1.3979400086894094,-2.5406073614441,1.3979400086894094,-2.5406073614441,0.4894549899340993,0.4894549899340993,-2.051152473589255,-2.051152473589255,0.4894549899340993,-2.051152473589255,1.0,0.0,0,1,1.4285714285714286,0.04,1
ASAP7,OR4X2,OR4x2_ASAP7_6t_L,C,Y,rise,0.7,25.0,243.46,-0.48945498845297275,-0.48945498845297275,1.3979400086894094,-1.0354575292084665,1.3979400086894094,-1.0354575292084665,0.4894549899340993,0.4894549899340993,-0.5460025426006588,-0.5460025426006588,0.4894549899340993,-0.5460025426006588,1.0,0.0,0,1,1.4285714285714286,0.04,1
ASAP7,INVX2,INVx2_ASAP7_6t_L,A,Y,fall,0.7,25.0,30.953,-0.9665762404918051,-0.9665762404918051,1.3979400086894094,-1.9385474832136347,1.3979400086894094,-1.9385474832136347,0.9665762445599542,0.9665762445599542,-0.9719712723282458,-0.9719712723282458,0.9665762445599542,-0.9719712723282458,1.0,0.0,1,1,1.4285714285714286,0.04,1
ASAP7,AND3X1,AND3x1_ASAP7_6t_L,B,Y,fall,0.7,25.0,24.8338,-0.6655462468384465,-0.6655462468384465,1.6989700043447047,-2.8416372063114648,1.6989700043447047,-2.8416372063114648,0.6655462489428767,0.6655462489428767,-2.176091193911514,-2.176091193911514,0.6655462489428767,-2.176091193911514,1.0,0.0,0,1,1.4285714285714286,0.04,1
ASAP7,BUFX8,BUFx8_ASAP7_6t_L,A,Y,rise,0.7,25.0,130.384,-0.26760623937278244,-0.26760623937278244,0.7958800174135623,-0.7344275359006837,0.7958800174135623,-0.7344275359006837,0.26760624041155046,0.26760624041155046,-0.4668212968075034,-0.4668212968075034,0.26760624041155046,-0.4668212968075034,1.0,0.0,0,1,1.4285714285714286,0.04,1
ASAP7,OR3X2,OR3x2_ASAP7_6t_L,B,Y,rise,0.7,25.0,40.5802,-0.5686362342325145,-0.5686362342325145,0.7958800174135623,-1.9385474832136347,0.7958800174135623,-1.9385474832136347,0.5686362359582722,0.5686362359582722,-1.3699112748930173,-1.3699112748930173,0.5686362359582722,-1.3699112748930173,1.0,0.0,0,1,1.4285714285714286,0.04,1
ASAP7,NAND2X2,NAND2x2_ASAP7_6t_L,A,Y,fall,0.7,25.0,14.6338,-0.6655462468384465,-0.3645162521797766,0.7958800174135623,-2.239577441178447,0.7958800174135623,-2.239577441178447,0.6655462489428767,0.3645162533727032,-1.574031251441676,-1.875061230819615,0.3645162533727032,-1.875061230819615,0.5000000000000001,-0.3333333333333333,0,1,1.4285714285714286,0.04,1
ASAP7,INVX4,INVx4_ASAP7_6t_L,A,Y,fall,0.7,25.0,214.098,-0.6655462468384465,-0.6655462468384465,2.0000000000043427,-0.7344275359006837,2.0000000000043427,-0.7344275359006837,0.6655462489428767,0.6655462489428767,-0.06888128889887407,-0.06888128889887407,0.6655462489428767,-0.06888128889887407,1.0,0.0,1,1,1.4285714285714286,0.04,1
ASAP7,NAND3X1,NAND3x1_ASAP7_6t_L,C,Y,fall,0.7,25.0,8.29394,-0.7904849827765389,-0.31336372984409655,0.7958800174135623,-3.14266690038237,0.7958800174135623,-3.14266690038237,0.7904849855277247,0.31336373094877373,-2.352182420395115,-2.8293034796823484,0.31336373094877373,-2.8293034796823484,0.3333333333333333,-0.4999999999999999,0,1,1.4285714285714286,0.04,1
ASAP7,XOR2X2,XOR2x2_ASAP7_6t_L,A,Y,fall,0.7,25.0,46.2038,-0.4225081990138475,-0.4225081990138475,2.301029995666153,-2.5406073614441,2.301029995666153,-2.5406073614441,0.4225082003269381,0.4225082003269381,-2.1180992550768476,-2.1180992550768476,0.4225082003269381,-2.1180992550768476,1.0,0.0,0,1,1.4285714285714286,0.04,1
ASAP7,OR4X2,OR4x2_ASAP7_6t_L,D,Y,rise,0.7,25.0,247.552,-0.48945498845297275,-0.48945498845297275,1.6989700043447047,-1.0354575292084665,1.6989700043447047,-1.0354575292084665,0.4894549899340993,0.4894549899340993,-0.5460025426006588,-0.5460025426006588,0.4894549899340993,-0.5460025426006588,1.0,0.0,0,1,1.4285714285714286,0.04,1
ASAP7,NOR3X2,NOR3x2_ASAP7_6t_L,C,Y,fall,0.7,25.0,104.95,-0.012333734626920325,-0.48945498845297275,0.7958800174135623,-1.336487520160051,0.7958800174135623,-1.336487520160051,0.012333735495859591,0.4894549899340993,-1.3241537853502199,-0.8470325367378235,0.4894549899340993,-0.8470325367378235,3.0000000000000004,0.5,0,1,1.4285714285714286,0.04,1
ASAP7,BUFX4,BUFx4_ASAP7_6t_L,A,Y,rise,0.7,25.0,136.816,-0.5686362342325145,-0.5686362342325145,1.6989700043447047,-1.0354575292084665,1.6989700043447047,-1.0354575292084665,0.5686362359582722,0.5686362359582722,-0.4668212968075034,-0.4668212968075034,0.5686362359582722,-0.4668212968075034,1.0,0.0,0,1,1.4285714285714286,0.04,1
ASAP7,XOR2X2,XOR2x2_ASAP7_6t_L,B,Y,rise,0.7,25.0,48.575,-0.4225081990138475,-0.4225081990138475,1.6989700043447047,-1.9385474832136347,1.6989700043447047,-1.9385474832136347,0.4225082003269381,0.4225082003269381,-1.5160393064997446,-1.5160393064997446,0.4225082003269381,-1.5160393064997446,1.0,0.0,0,1,1.4285714285714286,0.04,1
ASAP7,OR3X1,OR3x1_ASAP7_6t_L,A,Y,rise,0.7,25.0,25.4377,-0.6655462468384465,-0.6655462468384465,1.0969100130428,-2.5406073614441,1.0969100130428,-2.5406073614441,0.6655462489428767,0.6655462489428767,-1.875061230819615,-1.875061230819615,0.6655462489428767,-1.875061230819615,1.0,0.0,0,1,1.4285714285714286,0.04,1
ASAP7,AND4X2,AND4x2_ASAP7_6t_L,A,Y,fall,0.7,25.0,121.933,-0.48945498845297275,-0.48945498845297275,2.0000000000043427,-1.336487520160051,2.0000000000043427,-1.336487520160051,0.4894549899340993,0.4894549899340993,-0.8470325367378235,-0.8470325367378235,0.4894549899340993,-0.8470325367378235,1.0,0.0,0,1,1.4285714285714286,0.04,1
ASAP7,AND4X2,AND4x2_ASAP7_6t_L,D,Y,rise,0.7,25.0,34.1366,-0.48945498845297275,-0.48945498845297275,1.6989700043447047,-2.8416372063114648,1.6989700043447047,-2.8416372063114648,0.4894549899340993,0.4894549899340993,-2.352182420395115,-2.352182420395115,0.4894549899340993,-2.352182420395115,1.0,0.0,0,1,1.4285714285714286,0.04,1
ASAP7,AND3X1,AND3x1_ASAP7_6t_L,B,Y,fall,0.7,25.0,207.945,-0.6655462468384465,-0.6655462468384465,1.6989700043447047,-1.336487520160051,1.6989700043447047,-1.336487520160051,0.6655462489428767,0.6655462489428767,-0.67094127870002,-0.67094127870002,0.6655462489428767,-0.67094127870002,1.0,0.0,0,1,1.4285714285714286,0.04,1
ASAP7,AND2X4,AND2x4_ASAP7_6t_L,B,Y,fall,0.7,25.0,59.1776,-0.3645162521797766,-0.3645162521797766,0.7958800174135623,-1.336487520160051,0.7958800174135623,-1.336487520160051,0.3645162533727032,0.3645162533727032,-0.9719712723282457,-0.9719712723282457,0.3645162533727032,-0.9719712723282457,1.0,0.0,0,1,1.4285714285714286,0.04,1
ASAP7,NOR2X2,NOR2x2_ASAP7_6t_L,B,Y,fall,0.7,25.0,203.911,-0.3645162521797766,-0.6655462468384465,1.6989700043447047,-1.0354575292084665,1.6989700043447047,-1.0354575292084665,0.3645162533727032,0.6655462489428767,-0.6709412787000198,-0.3699112840539164,0.6655462489428767,-0.3699112840539164,1.9999999999999998,0.3333333333333333,0,1,1.4285714285714286,0.04,1
ASAP7,OR4X2,OR4x2_ASAP7_6t_L,A,Y,rise,0.7,25.0,23.9007,-0.48945498845297275,-0.48945498845297275,2.6020599913290483,-2.8416372063114648,2.6020599913290483,-2.8416372063114648,0.4894549899340993,0.4894549899340993,-2.352182420395115,-2.352182420395115,0.4894549899340993,-2.352182420395115,1.0,0.0,0,1,1.4285714285714286,0.04,1
ASAP7,INVX8,INVx8_ASAP7_6t_L,A,Y,rise,0.7,25.0,168.079,-0.3645162521797766,-0.3645162521797766,2.301029995666153,-0.7344275359006837,2.301029995666153,-0.7344275359006837,0.3645162533727032,0.3645162533727032,-0.36991128405391627,-0.36991128405391627,0.3645162533727032,-0.36991128405391627,1.0,0.0,1,1,1.4285714285714286,0.04,1
ASAP7,AND3X2,AND3x2_ASAP7_6t_L,C,Y,rise,0.7,25.0,53.6006,-0.5686362342325145,-0.5686362342325145,2.6020599913290483,-2.239577441178447,2.6020599913290483,-2.239577441178447,0.5686362359582722,0.5686362359582722,-1.670941260378222,-1.670941260378222,0.5686362359582722,-1.670941260378222,1.0,0.0,0,1,1.4285714285714286,0.04,1
ASAP7,AND3X4,AND3x4_ASAP7_6t_L,B,Y,fall,0.7,25.0,31.7447,-0.4225081990138475,-0.26760623937278244,1.3979400086894094,-2.239577441178447,1.3979400086894094,-2.239577441178447,0.4225082003269381,0.26760624041155046,-1.817069287913439,-1.9719712356846508,0.26760624041155046,-1.9719712356846508,0.7,-0.17647058823529424,0,1,1.4285714285714286,0.04,1
ASAP7,NAND3X1,NAND3x1_ASAP7_6t_L,A,Y,fall,0.7,25.0,23.4739,-0.7904849827765389,-0.31336372984409655,0.7958800174135623,-2.239577441178447,0.7958800174135623,-2.239577441178447,0.7904849855277247,0.31336373094877373,-1.4490925189048869,-1.926213749195486,0.31336373094877373,-1.926213749195486,0.3333333333333333,-0.4999999999999999,0,1,1.4285714285714286,0.04,1
ASAP7,AND4X2,AND4x2_ASAP7_6t_L,C,Y,fall,0.7,25.0,42.0321,-0.48945498845297275,-0.48945498845297275,2.0000000000043427,-2.239577441178447,2.0000000000043427,-2.239577441178447,0.4894549899340993,0.4894549899340993,-1.7501225023543363,-1.7501225023543363,0.4894549899340993,-1.7501225023543363,1.0,0.0,0,1,1.4285714285714286,0.04,1
ASAP7,NOR3X2,NOR3x2_ASAP7_6t_L,B,Y,fall,0.7,25.0,56.9721,-0.012333734626920325,-0.48945498845297275,1.0969100130428,-1.637517506399239,1.0969100130428,-1.637517506399239,0.012333735495859591,0.4894549899340993,-1.6251837718533022,-1.1480625293481717,0.4894549899340993,-1.1480625293481717,3.0000000000000004,0.5,0,1,1.4285714285714286,0.04,1
ASAP7,OR3X2,OR3x2_ASAP7_6t_L,B,Y,fall,0.7,25.0,247.771,-0.5686362342325145,-0.5686362342325145,2.301029995666153,-1.0354575292084665,2.301029995666153,-1.0354575292084665,0.5686362359582722,0.5686362359582722,-0.4668212968075034,-0.4668212968075034,0.5686362359582722,-0.4668212968075034,1.0,0.0,0,1,1.4285714285714286,0.04,1
ASAP7,AND4X2,AND4x2_ASAP7_6t_L,D,Y,fall,0.7,25.0,45.9545,-0.48945498845297275,-0.48945498845297275,2.301029995666153,-2.5406073614441,2.301029995666153,-2.5406073614441,0.4894549899340993,0.4894549899340993,-2.051152473589255,-2.051152473589255,0.4894549899340993,-2.051152473589255,1.0,0.0,0,1,1.4285714285714286,0.04,1
ASAP7,NOR2X1,NOR2x1_ASAP7_6t_L,B,Y,fall,0.7,25.0,10.8235,-0.6655462468384465,-0.9665762404918051,1.3979400086894094,-3.14266690038237,1.3979400086894094,-3.14266690038237,0.6655462489428767,0.9665762445599542,-2.4771211244313376,-2.176091193911514,0.9665762445599542,-2.176091193911514,2.0,0.3333333333333333,0,1,1.4285714285714286,0.04,1
ASAP7,OR3X4,OR3x4_ASAP7_6t_L,B,Y,rise,0.7,25.0,254.282,-0.4225081990138475,-0.4225081990138475,1.6989700043447047,-0.7344275359006837,1.6989700043447047,-0.7344275359006837,0.4225082003269381,0.4225082003269381,-0.31191933720346426,-0.31191933720346426,0.4225082003269381,-0.31191933720346426,1.0,0.0,0,1,1.4285714285714286,0.04,1
ASAP7,OR3X2,OR3x2_ASAP7_6t_L,B,Y,fall,0.7,25.0,29.8935,-0.5686362342325145,-0.5686362342325145,0.7958800174135623,-2.8416372063114648,0.7958800174135623,-2.8416372063114648,0.5686362359582722,0.5686362359582722,-2.27300119063353,-2.27300119063353,0.5686362359582722,-2.27300119063353,1.0,0.0,0,1,1.4285714285714286,0.04,1
ASAP7,NAND2X2,NAND2x2_ASAP7_6t_L,B,Y,fall,0.7,25.0,28.0836,-0.6655462468384465,-0.3645162521797766,1.3979400086894094,-1.9385474832136347,1.3979400086894094,-1.9385474832136347,0.6655462489428767,0.3645162533727032,-1.2730012639207162,-1.574031251441676,0.3645162533727032,-1.574031251441676,0.5000000000000001,-0.3333333333333333,0,1,1.4285714285714286,0.04,1
ASAP7,NAND2X2,NAND2x2_ASAP7_6t_L,B,Y,fall,0.7,25.0,85.4913,-0.6655462468384465,-0.3645162521797766,1.0969100130428,-1.336487520160051,1.0969100130428,-1.336487520160051,0.6655462489428767,0.3645162533727032,-0.67094127870002,-0.9719712723282457,0.3645162533727032,-0.9719712723282457,0.5000000000000001,-0.3333333333333333,0,1,1.4285714285714286,0.04,1
ASAP7,AND4X1,AND4x1_ASAP7_6t_L,D,Y,fall,0.7,25.0,59.6107,-0.5686362342325145,-0.5686362342325145,2.301029995666153,-2.239577441178447,2.301029995666153,-2.239577441178447,0.5686362359582722,0.5686362359582722,-1.670941260378222,-1.670941260378222,0.5686362359582722,-1.670941260378222,1.0,0.0,0,1,1.4285714285714286,0.04,1
ASAP7,AND4X2,AND4x2_ASAP7_6t_L,A,Y,rise,0.7,25.0,73.2971,-0.48945498845297275,-0.48945498845297275,2.0000000000043427,-1.9385474832136347,2.0000000000043427,-1.9385474832136347,0.4894549899340993,0.4894549899340993,-1.4490925189048869,-1.4490925189048869,0.4894549899340993,-1.4490925189048869,1.0,0.0,0,1,1.4285714285714286,0.04,1
ASAP7,NAND3X1,NAND3x1_ASAP7_6t_L,C,Y,rise,0.7,25.0,26.4273,-0.7904849827765389,-0.31336372984409655,1.0969100130428,-2.5406073614441,1.0969100130428,-2.5406073614441,0.7904849855277247,0.31336373094877373,-1.7501225023543363,-2.227243708215875,0.7904849855277247,-1.7501225023543363,0.3333333333333333,-0.4999999999999999,0,1,1.4285714285714286,0.04,1
ASAP7,OR3X4,OR3x4_ASAP7_6t_L,A,Y,fall,0.7,25.0,113.431,-0.4225081990138475,-0.4225081990138475,2.0000000000043427,-1.336487520160051,2.0000000000043427,-1.336487520160051,0.4225082003269381,0.4225082003269381,-0.9139793258594977,-0.9139793258594977,0.4225082003269381,-0.9139793258594977,1.0,0.0,0,1,1.4285714285714286,0.04,1
ASAP7,NAND2X1,NAND2x1_ASAP7_6t_L,A,Y,fall,0.7,25.0,9.69037,-0.9665762404918051,-0.6655462468384465,0.7958800174135623,-2.8416372063114648,0.7958800174135623,-2.8416372063114648,0.9665762445599542,0.6655462489428767,-1.875061230819615,-2.176091193911514,0.6655462489428767,-2.176091193911514,0.5,-0.3333333333333333,0,1,1.4285714285714286,0.04,1
ASAP7,OR2X2,OR2x2_ASAP7_6t_L,B,Y,fall,0.7,25.0,70.1143,-0.6655462468384465,-0.7904849827765389,1.3979400086894094,-1.637517506399239,1.3979400086894094,-1.637517506399239,0.6655462489428767,0.7904849855277247,-0.9719712723282458,-0.8470325367378235,0.7904849855277247,-0.8470325367378235,1.3333333333333335,0.14285714285714285,0,1,1.4285714285714286,0.04,1
ASAP7,INVX4,INVx4_ASAP7_6t_L,A,Y,rise,0.7,25.0,18.3566,-0.6655462468384465,-0.6655462468384465,2.0000000000043427,-2.5406073614441,2.0000000000043427,-2.5406073614441,0.6655462489428767,0.6655462489428767,-1.875061230819615,-1.875061230819615,0.6655462489428767,-1.875061230819615,1.0,0.0,1,1,1.4285714285714286,0.04,1
ASAP7,NOR3X1,NOR3x1_ASAP7_6t_L,C,Y,rise,0.7,25.0,62.3111,-0.31336372984409655,-0.7904849827765389,1.0969100130428,-1.9385474832136347,1.0969100130428,-1.9385474832136347,0.31336373094877373,0.7904849855277247,-1.6251837718533022,-1.1480625293481717,0.31336373094877373,-1.6251837718533022,3.0,0.4999999999999999,0,1,1.4285714285714286,0.04,1
ASAP7,XOR2X2,XOR2x2_ASAP7_6t_L,A,Y,fall,0.7,25.0,81.4667,-0.4225081990138475,-0.4225081990138475,2.6020599913290483,-1.9385474832136347,2.6020599913290483,-1.9385474832136347,0.4225082003269381,0.4225082003269381,-1.5160393064997446,-1.5160393064997446,0.4225082003269381,-1.5160393064997446,1.0,0.0,0,1,1.4285714285714286,0.04,1
ASAP7,XOR2X2,XOR2x2_ASAP7_6t_L,A,Y,fall,0.7,25.0,73.6842,-0.4225081990138475,-0.4225081990138475,1.6989700043447047,-1.637517506399239,1.6989700043447047,-1.637517506399239,0.4225082003269381,0.4225082003269381,-1.2150093179609072,-1.2150093179609072,0.4225082003269381,-1.2150093179609072,1.0,0.0,0,1,1.4285714285714286,0.04,1
ASAP7,NOR2X1,NOR2x1_ASAP7_6t_L,A,Y,fall,0.7,25.0,58.5679,-0.6655462468384465,-0.9665762404918051,2.6020599913290483,-2.5406073614441,2.6020599913290483,-2.5406073614441,0.6655462489428767,0.9665762445599542,-1.875061230819615,-1.574031251441676,0.9665762445599542,-1.574031251441676,2.0,0.3333333333333333,0,1,1.4285714285714286,0.04,1
ASAP7,AND4X2,AND4x2_ASAP7_6t_L,C,Y,rise,0.7,25.0,64.5025,-0.48945498845297275,-0.48945498845297275,1.6989700043447047,-1.9385474832136347,1.6989700043447047,-1.9385474832136347,0.4894549899340993,0.4894549899340993,-1.4490925189048869,-1.4490925189048869,0.4894549899340993,-1.4490925189048869,1.0,0.0,0,1,1.4285714285714286,0.04,1
ASAP7,OR4X2,OR4x2_ASAP7_6t_L,C,Y,fall,0.7,25.0,52.151,-0.48945498845297275,-0.48945498845297275,0.7958800174135623,-2.239577441178447,0.7958800174135623,-2.239577441178447,0.4894549899340993,0.4894549899340993,-1.7501225023543363,-1.7501225023543363,0.4894549899340993,-1.7501225023543363,1.0,0.0,0,1,1.4285714285714286,0.04,1
ASAP7,AND4X1,AND4x1_ASAP7_6t_L,B,Y,rise,0.7,25.0,261.753,-0.5686362342325145,-0.5686362342325145,2.0000000000043427,-1.336487520160051,2.0000000000043427,-1.336487520160051,0.5686362359582722,0.5686362359582722,-0.7678512911991375,-0.7678512911991375,0.5686362359582722,-0.7678512911991375,1.0,0.0,0,1,1.4285714285714286,0.04,1
ASAP7,XOR2X2,XOR2x2_ASAP7_6t_L,A,Y,fall,0.7,25.0,32.7422,-0.4225081990138475,-0.4225081990138475,1.0969100130428,-2.239577441178447,1.0969100130428,-2.239577441178447,0.4225082003269381,0.4225082003269381,-1.817069287913439,-1.817069287913439,0.4225082003269381,-1.817069287913439,1.0,0.0,0,1,1.4285714285714286,0.04,1
ASAP7,XOR2X2,XOR2x2_ASAP7_6t_L,A,Y,rise,0.7,25.0,18.8119,-0.4225081990138475,-0.4225081990138475,0.7958800174135623,-2.8416372063114648,0.7958800174135623,-2.8416372063114648,0.4225082003269381,0.4225082003269381,-2.419129193739689,-2.419129193739689,0.4225082003269381,-2.419129193739689,1.0,0.0,0,1,1.4285714285714286,0.04,1
ASAP7,AND2X4,AND2x4_ASAP7_6t_L,A,Y,rise,0.7,25.0,17.968,-0.3645162521797766,-0.3645162521797766,0.7958800174135623,-2.5406073614441,0.7958800174135623,-2.5406073614441,0.3645162533727032,0.3645162533727032,-2.176091193911514,-2.176091193911514,0.3645162533727032,-2.176091193911514,1.0,0.0,0,1,1.4285714285714286,0.04,1
ASAP7,OR3X4,OR3x4_ASAP7_6t_L,C,Y,rise,0.7,25.0,24.1487,-0.4225081990138475,-0.4225081990138475,0.7958800174135623,-2.239577441178447,0.7958800174135623,-2.239577441178447,0.4225082003269381,0.4225082003269381,-1.817069287913439,-1.817069287913439,0.4225082003269381,-1.817069287913439,1.0,0.0,0,1,1.4285714285714286,0.04,1
ASAP7,OR4X2,OR4x2_ASAP7_6t_L,C,Y,rise,0.7,25.0,48.5068,-0.48945498845297275,-0.48945498845297275,1.6989700043447047,-1.9385474832136347,1.6989700043447047,-1.9385474832136347,0.4894549899340993,0.4894549899340993,-1.4490925189048869,-1.4490925189048869,0.4894549899340993,-1.4490925189048869,1.0,0.0,0,1,1.4285714285714286,0.04,1
ASAP7,AND2X4,AND2x4_ASAP7_6t_L,A,Y,fall,0.7,25.0,53.9212,-0.3645162521797766,-0.3645162521797766,2.6020599913290483,-2.239577441178447,2.6020599913290483,-2.239577441178447,0.3645162533727032,0.3645162533727032,-1.875061230819615,-1.875061230819615,0.3645162533727032,-1.875061230819615,1.0,0.0,0,1,1.4285714285714286,0.04,1
ASAP7,NOR3X1,NOR3x1_ASAP7_6t_L,C,Y,fall,0.7,25.0,20.9173,-0.31336372984409655,-0.7904849827765389,0.7958800174135623,-2.5406073614441,0.7958800174135623,-2.5406073614441,0.31336373094877373,0.7904849855277247,-2.227243708215875,-1.7501225023543363,0.7904849855277247,-1.7501225023543363,3.0,0.4999999999999999,0,1,1.4285714285714286,0.04,1
ASAP7,NOR3X1,NOR3x1_ASAP7_6t_L,C,Y,fall,0.7,25.0,11.5771,-0.31336372984409655,-0.7904849827765389,0.7958800174135623,-3.14266690038237,0.7958800174135623,-3.14266690038237,0.31336373094877373,0.7904849855277247,-2.8293034796823484,-2.352182420395115,0.7904849855277247,-2.352182420395115,3.0,0.4999999999999999,0,1,1.4285714285714286,0.04,1
ASAP7,AND2X4,AND2x4_ASAP7_6t_L,A,Y,rise,0.7,25.0,247.661,-0.3645162521797766,-0.3645162521797766,1.6989700043447047,-0.7344275359006837,1.6989700043447047,-0.7344275359006837,0.3645162533727032,0.3645162533727032,-0.36991128405391627,-0.36991128405391627,0.3645162533727032,-0.36991128405391627,1.0,0.0,0,1,1.4285714285714286,0.04,1
ASAP7,OR4X2,OR4x2_ASAP7_6t_L,D,Y,fall,0.7,25.0,269.6,-0.48945498845297275,-0.48945498845297275,2.6020599913290483,-1.0354575292084665,2.6020599913290483,-1.0354575292084665,0.4894549899340993,0.4894549899340993,-0.5460025426006588,-0.5460025426006588,0.4894549899340993,-0.5460025426006588,1.0,0.0,0,1,1.4285714285714286,0.04,1
ASAP7,NOR3X1,NOR3x1_ASAP7_6t_L,B,Y,rise,0.7,25.0,113.925,-0.31336372984409655,-0.7904849827765389,0.7958800174135623,-1.637517506399239,0.7958800174135623,-1.637517506399239,0.31336373094877373,0.7904849855277247,-1.3241537853502199,-0.8470325367378235,0.31336373094877373,-1.3241537853502199,3.0,0.4999999999999999,0,1,1.4285714285714286,0.04,1
ASAP7,XOR2X2,XOR2x2_ASAP7_6t_L,A,Y,rise,0.7,25.0,47.1699,-0.4225081990138475,-0.4225081990138475,1.3979400086894094,-1.9385474832136347,1.3979400086894094,-1.9385474832136347,0.4225082003269381,0.4225082003269381,-1.5160393064997446,-1.5160393064997446,0.4225082003269381,-1.5160393064997446,1.0,0.0,0,1,1.4285714285714286,0.04,1
ASAP7,AND4X1,AND4x1_ASAP7_6t_L,D,Y,rise,0.7,25.0,97.6545,-0.5686362342325145,-0.5686362342325145,2.6020599913290483,-1.9385474832136347,2.6020599913290483,-1.9385474832136347,0.5686362359582722,0.5686362359582722,-1.3699112748930173,-1.3699112748930173,0.5686362359582722,-1.3699112748930173,1.0,0.0,0,1,1.4285714285714286,0.04,1
ASAP7,NOR2X1,NOR2x1_ASAP7_6t_L,A,Y,rise,0.7,25.0,62.7406,-0.6655462468384465,-0.9665762404918051,1.3979400086894094,-1.9385474832136347,1.3979400086894094,-1.9385474832136347,0.6655462489428767,0.9665762445599542,-1.2730012639207162,-0.9719712723282458,0.6655462489428767,-1.2730012639207162,2.0,0.3333333333333333,0,1,1.4285714285714286,0.04,1
ASAP7,OR3X1,OR3x1_ASAP7_6t_L,A,Y,fall,0.7,25.0,214.036,-0.6655462468384465,-0.6655462468384465,1.0969100130428,-1.336487520160051,1.0969100130428,-1.336487520160051,0.6655462489428767,0.6655462489428767,-0.67094127870002,-0.67094127870002,0.6655462489428767,-0.67094127870002,1.0,0.0,0,1,1.4285714285714286,0.04,1
ASAP7,BUFX8,BUFx8_ASAP7_6t_L,A,Y,rise,0.7,25.0,25.1412,-0.26760623937278244,-0.26760623937278244,1.3979400086894094,-1.9385474832136347,1.3979400086894094,-1.9385474832136347,0.26760624041155046,0.26760624041155046,-1.670941260378222,-1.670941260378222,0.26760624041155046,-1.670941260378222,1.0,0.0,0,1,1.4285714285714286,0.04,1
ASAP7,NOR3X1,NOR3x1_ASAP7_6t_L,A,Y,rise,0.7,25.0,131.333,-0.31336372984409655,-0.7904849827765389,2.0000000000043427,-1.637517506399239,2.0000000000043427,-1.637517506399239,0.31336373094877373,0.7904849855277247,-1.3241537853502199,-0.8470325367378235,0.31336373094877373,-1.3241537853502199,3.0,0.4999999999999999,0,1,1.4285714285714286,0.04,1
ASAP7,NAND2X1,NAND2x1_ASAP7_6t_L,B,Y,fall,0.7,25.0,10.2677,-0.9665762404918051,-0.6655462468384465,1.0969100130428,-2.8416372063114648,1.0969100130428,-2.8416372063114648,0.9665762445599542,0.6655462489428767,-1.875061230819615,-2.176091193911514,0.6655462489428767,-2.176091193911514,0.5,-0.3333333333333333,0,1,1.4285714285714286,0.04,1
ASAP7,OR3X1,OR3x1_ASAP7_6t_L,C,Y,fall,0.7,25.0,124.035,-0.6655462468384465,-0.6655462468384465,1.6989700043447047,-1.637517506399239,1.6989700043447047,-1.637517506399239,0.6655462489428767,0.6655462489428767,-0.9719712723282458,-0.9719712723282458,0.6655462489428767,-0.9719712723282458,1.0,0.0,0,1,1.4285714285714286,0.04,1
ASAP7,AND4X2,AND4x2_ASAP7_6t_L,B,Y,fall,0.7,25.0,30.2056,-0.48945498845297275,-0.48945498845297275,1.3979400086894094,-2.239577441178447,1.3979400086894094,-2.239577441178447,0.4894549899340993,0.4894549899340993,-1.7501225023543363,-1.7501225023543363,0.4894549899340993,-1.7501225023543363,1.0,0.0,0,1,1.4285714285714286,0.04,1
ASAP7,AND3X1,AND3x1_ASAP7_6t_L,C,Y,rise,0.7,25.0,251.422,-0.6655462468384465,-0.6655462468384465,2.0000000000043427,-1.336487520160051,2.0000000000043427,-1.336487520160051,0.6655462489428767,0.6655462489428767,-0.67094127870002,-0.67094127870002,0.6655462489428767,-0.67094127870002,1.0,0.0,0,1,1.4285714285714286,0.04,1
ASAP7,OR2X2,OR2x2_ASAP7_6t_L,A,Y,fall,0.7,25.0,69.5656,-0.6655462468384465,-0.7904849827765389,1.3979400086894094,-1.637517506399239,1.3979400086894094,-1.637517506399239,0.6655462489428767,0.7904849855277247,-0.9719712723282458,-0.8470325367378235,0.7904849855277247,-0.8470325367378235,1.3333333333333335,0.14285714285714285,0,1,1.4285714285714286,0.04,1
ASAP7,NOR3X2,NOR3x2_ASAP7_6t_L,C,Y,rise,0.7,25.0,15.8942,-0.012333734626920325,-0.48945498845297275,1.0969100130428,-2.5406073614441,1.0969100130428,-2.5406073614441,0.012333735495859591,0.4894549899340993,-2.528273630592681,-2.051152473589255,0.012333735495859591,-2.528273630592681,3.0000000000000004,0.5,0,1,1.4285714285714286,0.04,1
ASAP7,OR3X2,OR3x2_ASAP7_6t_L,A,Y,fall,0.7,25.0,71.5287,-0.5686362342325145,-0.5686362342325145,2.0000000000043427,-1.9385474832136347,2.0000000000043427,-1.9385474832136347,0.5686362359582722,0.5686362359582722,-1.3699112748930173,-1.3699112748930173,0.5686362359582722,-1.3699112748930173,1.0,0.0,0,1,1.4285714285714286,0.04,1
ASAP7,OR4X2,OR4x2_ASAP7_6t_L,D,Y,rise,0.7,25.0,240.193,-0.48945498845297275,-0.48945498845297275,0.7958800174135623,-1.0354575292084665,0.7958800174135623,-1.0354575292084665,0.4894549899340993,0.4894549899340993,-0.5460025426006588,-0.5460025426006588,0.4894549899340993,-0.5460025426006588,1.0,0.0,0,1,1.4285714285714286,0.04,1
ASAP7,AND4X1,AND4x1_ASAP7_6t_L,D,Y,fall,0.7,25.0,39.2908,-0.5686362342325145,-0.5686362342325145,2.0000000000043427,-2.5406073614441,2.0000000000043427,-2.5406073614441,0.5686362359582722,0.5686362359582722,-1.9719712356846508,-1.9719712356846508,0.5686362359582722,-1.9719712356846508,1.0,0.0,0,1,1.4285714285714286,0.04,1
ASAP7,AND2X2,AND2x2_ASAP7_6t_L,A,Y,rise,0.7,25.0,79.0254,-0.7904849827765389,-0.6655462468384465,2.0000000000043427,-1.637517506399239,2.0000000000043427,-1.637517506399239,0.7904849855277247,0.6655462489428767,-0.8470325367378235,-0.9719712723282458,0.7904849855277247,-0.8470325367378235,0.75,-0.14285714285714285,0,1,1.4285714285714286,0.04,1
ASAP7,NOR3X1,NOR3x1_ASAP7_6t_L,B,Y,rise,0.7,25.0,223.413,-0.31336372984409655,-0.7904849827765389,1.3979400086894094,-1.336487520160051,1.3979400086894094,-1.336487520160051,0.31336373094877373,0.7904849855277247,-1.0231237942666882,-0.5460025426006588,0.31336373094877373,-1.0231237942666882,3.0,0.4999999999999999,0,1,1.4285714285714286,0.04,1
ASAP7,OR2X2,OR2x2_ASAP7_6t_L,B,Y,rise,0.7,25.0,31.9681,-0.6655462468384465,-0.7904849827765389,1.6989700043447047,-2.5406073614441,1.6989700043447047,-2.5406073614441,0.6655462489428767,0.7904849855277247,-1.875061230819615,-1.7501225023543363,0.6655462489428767,-1.875061230819615,1.3333333333333335,0.14285714285714285,0,1,1.4285714285714286,0.04,1
ASAP7,AND2X4,AND2x4_ASAP7_6t_L,A,Y,fall,0.7,25.0,130.552,-0.3645162521797766,-0.3645162521797766,2.301029995666153,-1.0354575292084665,2.301029995666153,-1.0354575292084665,0.3645162533727032,0.3645162533727032,-0.6709412787000198,-0.6709412787000198,0.3645162533727032,-0.6709412787000198,1.0,0.0,0,1,1.4285714285714286,0.04,1
ASAP7,AND3X1,AND3x1_ASAP7_6t_L,C,Y,fall,0.7,25.0,108.112,-0.6655462468384465,-0.6655462468384465,1.0969100130428,-1.637517506399239,1.0969100130428,-1.637517506399239,0.6655462489428767,0.6655462489428767,-0.9719712723282458,-0.9719712723282458,0.6655462489428767,-0.9719712723282458,1.0,0.0,0,1,1.4285714285714286,0.04,1
ASAP7,AND3X4,AND3x4_ASAP7_6t_L,A,Y,rise,0.7,25.0,49.5647,-0.4225081990138475,-0.26760623937278244,2.6020599913290483,-2.239577441178447,2.6020599913290483,-2.239577441178447,0.4225082003269381,0.26760624041155046,-1.817069287913439,-1.9719712356846508,0.4225082003269381,-1.817069287913439,0.7,-0.17647058823529424,0,1,1.4285714285714286,0.04,1
ASAP7,OR4X2,OR4x2_ASAP7_6t_L,A,Y,fall,0.7,25.0,229.716,-0.48945498845297275,-0.48945498845297275,0.7958800174135623,-1.0354575292084665,0.7958800174135623,-1.0354575292084665,0.4894549899340993,0.4894549899340993,-0.5460025426006588,-0.5460025426006588,0.4894549899340993,-0.5460025426006588,1.0,0.0,0,1,1.4285714285714286,0.04,1
ASAP7,INVX4,INVx4_ASAP7_6t_L,A,Y,rise,0.7,25.0,19.4051,-0.6655462468384465,-0.6655462468384465,1.6989700043447047,-2.239577441178447,1.6989700043447047,-2.239577441178447,0.6655462489428767,0.6655462489428767,-1.574031251441676,-1.574031251441676,0.6655462489428767,-1.574031251441676,1.0,0.0,1,1,1.4285714285714286,0.04,1
ASAP7,INVX2,INVx2_ASAP7_6t_L,A,Y,fall,0.7,25.0,15.8667,-0.9665762404918051,-0.9665762404918051,1.6989700043447047,-2.5406073614441,1.6989700043447047,-2.5406073614441,0.9665762445599542,0.9665762445599542,-1.574031251441676,-1.574031251441676,0.9665762445599542,-1.574031251441676,1.0,0.0,1,1,1.4285714285714286,0.04,1
ASAP7,AND3X1,AND3x1_ASAP7_6t_L,B,Y,fall,0.7,25.0,29.772,-0.6655462468384465,-0.6655462468384465,2.0000000000043427,-2.8416372063114648,2.0000000000043427,-2.8416372063114648,0.6655462489428767,0.6655462489428767,-2.176091193911514,-2.176091193911514,0.6655462489428767,-2.176091193911514,1.0,0.0,0,1,1.4285714285714286,0.04,1
ASAP7,AND4X1,AND4x1_ASAP7_6t_L,D,Y,rise,0.7,25.0,31.7629,-0.5686362342325145,-0.5686362342325145,0.7958800174135623,-2.8416372063114648,0.7958800174135623,-2.8416372063114648,0.5686362359582722,0.5686362359582722,-2.27300119063353,-2.27300119063353,0.5686362359582722,-2.27300119063353,1.0,0.0,0,1,1.4285714285714286,0.04,1
ASAP7,BUFX8,BUFx8_ASAP7_6t_L,A,Y,fall,0.7,25.0,41.9774,-0.26760623937278244,-0.26760623937278244,1.0969100130428,-1.336487520160051,1.0969100130428,-1.336487520160051,0.26760624041155046,0.26760624041155046,-1.0688812843184246,-1.0688812843184246,0.26760624041155046,-1.0688812843184246,1.0,0.0,0,1,1.4285714285714286,0.04,1
ASAP7,XOR2X2,XOR2x2_ASAP7_6t_L,B,Y,fall,0.7,25.0,209.814,-0.4225081990138475,-0.4225081990138475,0.7958800174135623,-1.0354575292084665,0.7958800174135623,-1.0354575292084665,0.4225082003269381,0.4225082003269381,-0.6129493319768025,-0.6129493319768025,0.4225082003269381,-0.6129493319768025,1.0,0.0,0,1,1.4285714285714286,0.04,1
ASAP7,OR4X2,OR4x2_ASAP7_6t_L,D,Y,fall,0.7,25.0,146.825,-0.48945498845297275,-0.48945498845297275,2.0000000000043427,-1.336487520160051,2.0000000000043427,-1.336487520160051,0.4894549899340993,0.4894549899340993,-0.8470325367378235,-0.8470325367378235,0.4894549899340993,-0.8470325367378235,1.0,0.0,0,1,1.4285714285714286,0.04,1
ASAP7,OR4X2,OR4x2_ASAP7_6t_L,C,Y,fall,0.7,25.0,43.8445,-0.48945498845297275,-0.48945498845297275,0.7958800174135623,-2.5406073614441,0.7958800174135623,-2.5406073614441,0.4894549899340993,0.4894549899340993,-2.051152473589255,-2.051152473589255,0.4894549899340993,-2.051152473589255,1.0,0.0,0,1,1.4285714285714286,0.04,1
ASAP7,NAND2X2,NAND2x2_ASAP7_6t_L,B,Y,fall,0.7,25.0,167.995,-0.6655462468384465,-0.3645162521797766,1.3979400086894094,-1.0354575292084665,1.3979400086894094,-1.0354575292084665,0.6655462489428767,0.3645162533727032,-0.3699112840539164,-0.6709412787000198,0.3645162533727032,-0.6709412787000198,0.5000000000000001,-0.3333333333333333,0,1,1.4285714285714286,0.04,1
ASAP7,AND4X1,AND4x1_ASAP7_6t_L,B,Y,fall,0.7,25.0,63.1012,-0.5686362342325145,-0.5686362342325145,1.3979400086894094,-1.9385474832136347,1.3979400086894094,-1.9385474832136347,0.5686362359582722,0.5686362359582722,-1.3699112748930173,-1.3699112748930173,0.5686362359582722,-1.3699112748930173,1.0,0.0,0,1,1.4285714285714286,0.04,1
ASAP7,AND4X1,AND4x1_ASAP7_6t_L,A,Y,rise,0.7,25.0,81.3385,-0.5686362342325145,-0.5686362342325145,1.0969100130428,-1.9385474832136347,1.0969100130428,-1.9385474832136347,0.5686362359582722,0.5686362359582722,-1.3699112748930173,-1.3699112748930173,0.5686362359582722,-1.3699112748930173,1.0,0.0,0,1,1.4285714285714286,0.04,1
ASAP7,OR3X4,OR3x4_ASAP7_6t_L,C,Y,fall,0.7,25.0,42.8811,-0.4225081990138475,-0.4225081990138475,1.0969100130428,-2.5406073614441,1.0969100130428,-2.5406073614441,0.4225082003269381,0.4225082003269381,-2.1180992550768476,-2.1180992550768476,0.4225082003269381,-2.1180992550768476,1.0,0.0,0,1,1.4285714285714286,0.04,1
ASAP7,NOR2X1,NOR2x1_ASAP7_6t_L,B,Y,fall,0.7,25.0,61.962,-0.6655462468384465,-0.9665762404918051,1.6989700043447047,-1.9385474832136347,1.6989700043447047,-1.9385474832136347,0.6655462489428767,0.9665762445599542,-1.2730012639207162,-0.9719712723282458,0.9665762445599542,-0.9719712723282458,2.0,0.3333333333333333,0,1,1.4285714285714286,0.04,1
ASAP7,NOR3X1,NOR3x1_ASAP7_6t_L,B,Y,fall,0.7,25.0,13.5317,-0.31336372984409655,-0.7904849827765389,0.7958800174135623,-2.8416372063114648,0.7958800174135623,-2.8416372063114648,0.31336373094877373,0.7904849855277247,-2.5282736305926807,-2.051152473589255,0.7904849855277247,-2.051152473589255,3.0,0.4999999999999999,0,1,1.4285714285714286,0.04,1
ASAP7,AND3X2,AND3x2_ASAP7_6t_L,B,Y,fall,0.7,25.0,48.8391,-0.5686362342325145,-0.5686362342325145,2.301029995666153,-2.239577441178447,2.301029995666153,-2.239577441178447,0.5686362359582722,0.5686362359582722,-1.670941260378222,-1.670941260378222,0.5686362359582722,-1.670941260378222,1.0,0.0,0,1,1.4285714285714286,0.04,1
ASAP7,INVX8,INVx8_ASAP7_6t_L,A,Y,rise,0.7,25.0,48.5353,-0.3645162521797766,-0.3645162521797766,2.6020599913290483,-1.9385474832136347,2.6020599913290483,-1.9385474832136347,0.3645162533727032,0.3645162533727032,-1.574031251441676,-1.574031251441676,0.3645162533727032,-1.574031251441676,1.0,0.0,1,1,1.4285714285714286,0.04,1
ASAP7,OR3X1,OR3x1_ASAP7_6t_L,C,Y,rise,0.7,25.0,251.986,-0.6655462468384465,-0.6655462468384465,2.6020599913290483,-1.336487520160051,2.6020599913290483,-1.336487520160051,0.6655462489428767,0.6655462489428767,-0.67094127870002,-0.67094127870002,0.6655462489428767,-0.67094127870002,1.0,0.0,0,1,1.4285714285714286,0.04,1
ASAP7,OR4X2,OR4x2_ASAP7_6t_L,D,Y,fall,0.7,25.0,59.5404,-0.48945498845297275,-0.48945498845297275,2.301029995666153,-2.5406073614441,2.301029995666153,-2.5406073614441,0.4894549899340993,0.4894549899340993,-2.051152473589255,-2.051152473589255,0.4894549899340993,-2.051152473589255,1.0,0.0,0,1,1.4285714285714286,0.04,1
ASAP7,AND2X2,AND2x2_ASAP7_6t_L,A,Y,fall,0.7,25.0,90.7301,-0.7904849827765389,-0.6655462468384465,2.6020599913290483,-2.239577441178447,2.6020599913290483,-2.239577441178447,0.7904849855277247,0.6655462489428767,-1.4490925189048869,-1.574031251441676,0.6655462489428767,-1.574031251441676,0.75,-0.14285714285714285,0,1,1.4285714285714286,0.04,1
ASAP7,AND2X4,AND2x4_ASAP7_6t_L,A,Y,fall,0.7,25.0,240.173,-0.3645162521797766,-0.3645162521797766,2.6020599913290483,-0.7344275359006837,2.6020599913290483,-0.7344275359006837,0.3645162533727032,0.3645162533727032,-0.36991128405391627,-0.36991128405391627,0.3645162533727032,-0.36991128405391627,1.0,0.0,0,1,1.4285714285714286,0.04,1
ASAP7,INVX2,INVx2_ASAP7_6t_L,A,Y,rise,0.7,25.0,330.791,-0.9665762404918051,-0.9665762404918051,2.6020599913290483,-1.0354575292084665,2.6020599913290483,-1.0354575292084665,0.9665762445599542,0.9665762445599542,-0.06888128889887407,-0.06888128889887407,0.9665762445599542,-0.06888128889887407,1.0,0.0,1,1,1.4285714285714286,0.04,1
ASAP7,OR3X2,OR3x2_ASAP7_6t_L,B,Y,rise,0.7,25.0,50.8174,-0.5686362342325145,-0.5686362342325145,2.0000000000043427,-1.9385474832136347,2.0000000000043427,-1.9385474832136347,0.5686362359582722,0.5686362359582722,-1.3699112748930173,-1.3699112748930173,0.5686362359582722,-1.3699112748930173,1.0,0.0,0,1,1.4285714285714286,0.04,1
ASAP7,NOR3X2,NOR3x2_ASAP7_6t_L,C,Y,fall,0.7,25.0,57.2603,-0.012333734626920325,-0.48945498845297275,0.7958800174135623,-1.637517506399239,0.7958800174135623,-1.637517506399239,0.012333735495859591,0.4894549899340993,-1.6251837718533022,-1.1480625293481717,0.4894549899340993,-1.1480625293481717,3.0000000000000004,0.5,0,1,1.4285714285714286,0.04,1
ASAP7,OR4X2,OR4x2_ASAP7_6t_L,C,Y,fall,0.7,25.0,66.1463,-0.48945498845297275,-0.48945498845297275,0.7958800174135623,-1.9385474832136347,0.7958800174135623,-1.9385474832136347,0.4894549899340993,0.4894549899340993,-1.4490925189048869,-1.4490925189048869,0.4894549899340993,-1.4490925189048869,1.0,0.0,0,1,1.4285714285714286,0.04,1
ASAP7,NOR3X1,NOR3x1_ASAP7_6t_L,B,Y,rise,0.7,25.0,117.009,-0.31336372984409655,-0.7904849827765389,1.3979400086894094,-1.637517506399239,1.3979400086894094,-1.637517506399239,0.31336373094877373,0.7904849855277247,-1.3241537853502199,-0.8470325367378235,0.31336373094877373,-1.3241537853502199,3.0,0.4999999999999999,0,1,1.4285714285714286,0.04,1
ASAP7,OR2X4,OR2x4_ASAP7_6t_L,A,Y,fall,0.7,25.0,41.1753,-0.48945498845297275,-0.48945498845297275,0.7958800174135623,-1.9385474832136347,0.7958800174135623,-1.9385474832136347,0.4894549899340993,0.4894549899340993,-1.4490925189048869,-1.4490925189048869,0.4894549899340993,-1.4490925189048869,1.0,0.0,0,1,1.4285714285714286,0.04,1
ASAP7,NOR2X1,NOR2x1_ASAP7_6t_L,B,Y,rise,0.7,25.0,35.8276,-0.6655462468384465,-0.9665762404918051,1.3979400086894094,-2.239577441178447,1.3979400086894094,-2.239577441178447,0.6655462489428767,0.9665762445599542,-1.574031251441676,-1.2730012639207162,0.6655462489428767,-1.574031251441676,2.0,0.3333333333333333,0,1,1.4285714285714286,0.04,1
ASAP7,OR2X4,OR2x4_ASAP7_6t_L,A,Y,fall,0.7,25.0,79.4555,-0.48945498845297275,-0.48945498845297275,1.0969100130428,-1.336487520160051,1.0969100130428,-1.336487520160051,0.4894549899340993,0.4894549899340993,-0.8470325367378235,-0.8470325367378235,0.4894549899340993,-0.8470325367378235,1.0,0.0,0,1,1.4285714285714286,0.04,1
ASAP7,NAND3X2,NAND3x2_ASAP7_6t_L,C,Y,fall,0.7,25.0,28.92,-0.48945498845297275,-0.012333734626920325,1.6989700043447047,-1.9385474832136347,1.6989700043447047,-1.9385474832136347,0.4894549899340993,0.012333735495859591,-1.4490925189048869,-1.926213749195486,0.012333735495859591,-1.926213749195486,0.33333333333333326,-0.5,0,1,1.4285714285714286,0.04,1
ASAP7,OR2X2,OR2x2_ASAP7_6t_L,B,Y,rise,0.7,25.0,88.1187,-0.6655462468384465,-0.7904849827765389,2.0000000000043427,-1.637517506399239,2.0000000000043427,-1.637517506399239,0.6655462489428767,0.7904849855277247,-0.9719712723282458,-0.8470325367378235,0.6655462489428767,-0.9719712723282458,1.3333333333333335,0.14285714285714285,0,1,1.4285714285714286,0.04,1
ASAP7,AND3X1,AND3x1_ASAP7_6t_L,B,Y,rise,0.7,25.0,76.1253,-0.6655462468384465,-0.6655462468384465,0.7958800174135623,-1.9385474832136347,0.7958800174135623,-1.9385474832136347,0.6655462489428767,0.6655462489428767,-1.2730012639207162,-1.2730012639207162,0.6655462489428767,-1.2730012639207162,1.0,0.0,0,1,1.4285714285714286,0.04,1
ASAP7,NAND3X1,NAND3x1_ASAP7_6t_L,A,Y,rise,0.7,25.0,46.0941,-0.7904849827765389,-0.31336372984409655,1.6989700043447047,-2.239577441178447,1.6989700043447047,-2.239577441178447,0.7904849855277247,0.31336373094877373,-1.4490925189048869,-1.926213749195486,0.7904849855277247,-1.4490925189048869,0.3333333333333333,-0.4999999999999999,0,1,1.4285714285714286,0.04,1
ASAP7,OR3X1,OR3x1_ASAP7_6t_L,A,Y,rise,0.7,25.0,126.465,-0.6655462468384465,-0.6655462468384465,1.3979400086894094,-1.637517506399239,1.3979400086894094,-1.637517506399239,0.6655462489428767,0.6655462489428767,-0.9719712723282458,-0.9719712723282458,0.6655462489428767,-0.9719712723282458,1.0,0.0,0,1,1.4285714285714286,0.04,1
ASAP7,OR4X1,OR4x1_ASAP7_6t_L,A,Y,rise,0.7,25.0,16.9866,-0.5686362342325145,-0.5686362342325145,0.7958800174135623,-2.8416372063114648,0.7958800174135623,-2.8416372063114648,0.5686362359582722,0.5686362359582722,-2.27300119063353,-2.27300119063353,0.5686362359582722,-2.27300119063353,1.0,0.0,0,1,1.4285714285714286,0.04,1
ASAP7,BUFX2,BUFx2_ASAP7_6t_L,A,Y,rise,0.7,25.0,156.486,-0.8696662282879977,-0.8696662282879977,2.6020599913290483,-1.336487520160051,2.6020599913290483,-1.336487520160051,0.8696662315636237,0.8696662315636237,-0.4668212968075034,-0.4668212968075034,0.8696662315636237,-0.4668212968075034,1.0,0.0,0,1,1.4285714285714286,0.04,1
ASAP7,NAND3X1,NAND3x1_ASAP7_6t_L,C,Y,rise,0.7,25.0,38.3393,-0.7904849827765389,-0.31336372984409655,2.0000000000043427,-2.8416372063114648,2.0000000000043427,-2.8416372063114648,0.7904849855277247,0.31336373094877373,-2.051152473589255,-2.5282736305926807,0.7904849855277247,-2.051152473589255,0.3333333333333333,-0.4999999999999999,0,1,1.4285714285714286,0.04,1
ASAP7,OR4X2,OR4x2_ASAP7_6t_L,B,Y,rise,0.7,25.0,19.2076,-0.48945498845297275,-0.48945498845297275,0.7958800174135623,-2.5406073614441,0.7958800174135623,-2.5406073614441,0.4894549899340993,0.4894549899340993,-2.051152473589255,-2.051152473589255,0.4894549899340993,-2.051152473589255,1.0,0.0,0,1,1.4285714285714286,0.04,1
ASAP7,NOR3X2,NOR3x2_ASAP7_6t_L,C,Y,fall,0.7,25.0,13.0793,-0.012333734626920325,-0.48945498845297275,1.0969100130428,-2.8416372063114648,1.0969100130428,-2.8416372063114648,0.012333735495859591,0.4894549899340993,-2.829303479682349,-2.352182420395115,0.4894549899340993,-2.352182420395115,3.0000000000000004,0.5,0,1,1.4285714285714286,0.04,1
ASAP7,NOR3X2,NOR3x2_ASAP7_6t_L,B,Y,fall,0.7,25.0,198.408,-0.012333734626920325,-0.48945498845297275,0.7958800174135623,-1.0354575292084665,0.7958800174135623,-1.0354575292084665,0.012333735495859591,0.4894549899340993,-1.0231237942666884,-0.5460025426006588,0.4894549899340993,-0.5460025426006588,3.0000000000000004,0.5,0,1,1.4285714285714286,0.04,1
ASAP7,NOR3X1,NOR3x1_ASAP7_6t_L,A,Y,fall,0.7,25.0,18.8954,-0.31336372984409655,-0.7904849827765389,2.0000000000043427,-3.14266690038237,2.0000000000043427,-3.14266690038237,0.31336373094877373,0.7904849855277247,-2.8293034796823484,-2.352182420395115,0.7904849855277247,-2.352182420395115,3.0,0.4999999999999999,0,1,1.4285714285714286,0.04,1
ASAP7,INVX1,INVx1_ASAP7_6t_L,A,Y,rise,0.7,25.0,72.6879,-1.2676062321345412,-1.2676062321345412,2.301029995666153,-2.239577441178447,2.301029995666153,-2.239577441178447,1.2676062402004833,1.2676062402004833,-0.9719712723282458,-0.9719712723282458,1.2676062402004833,-0.9719712723282458,1.0,0.0,1,1,1.4285714285714286,0.04,1
ASAP7,NOR2X2,NOR2x2_ASAP7_6t_L,A,Y,fall,0.7,25.0,53.4622,-0.3645162521797766,-0.6655462468384465,0.7958800174135623,-1.637517506399239,0.7958800174135623,-1.637517506399239,0.3645162533727032,0.6655462489428767,-1.2730012639207162,-0.9719712723282458,0.6655462489428767,-0.9719712723282458,1.9999999999999998,0.3333333333333333,0,1,1.4285714285714286,0.04,1
ASAP7,AND4X2,AND4x2_ASAP7_6t_L,D,Y,fall,0.7,25.0,59.2347,-0.48945498845297275,-0.48945498845297275,2.6020599913290483,-2.5406073614441,2.6020599913290483,-2.5406073614441,0.4894549899340993,0.4894549899340993,-2.051152473589255,-2.051152473589255,0.4894549899340993,-2.051152473589255,1.0,0.0,0,1,1.4285714285714286,0.04,1
ASAP7,OR2X4,OR2x4_ASAP7_6t_L,B,Y,fall,0.7,25.0,159.068,-0.48945498845297275,-0.48945498845297275,2.301029995666153,-1.0354575292084665,2.301029995666153,-1.0354575292084665,0.4894549899340993,0.4894549899340993,-0.5460025426006588,-0.5460025426006588,0.4894549899340993,-0.5460025426006588,1.0,0.0,0,1,1.4285714285714286,0.04,1
ASAP7,OR2X2,OR2x2_ASAP7_6t_L,B,Y,fall,0.7,25.0,216.593,-0.6655462468384465,-0.7904849827765389,1.6989700043447047,-1.0354575292084665,1.6989700043447047,-1.0354575292084665,0.6655462489428767,0.7904849855277247,-0.3699112840539164,-0.24497254770008592,0.7904849855277247,-0.24497254770008592,1.3333333333333335,0.14285714285714285,0,1,1.4285714285714286,0.04,1
ASAP7,NOR2X2,NOR2x2_ASAP7_6t_L,B,Y,rise,0.7,25.0,112.38,-0.3645162521797766,-0.6655462468384465,0.7958800174135623,-1.336487520160051,0.7958800174135623,-1.336487520160051,0.3645162533727032,0.6655462489428767,-0.9719712723282457,-0.67094127870002,0.3645162533727032,-0.9719712723282457,1.9999999999999998,0.3333333333333333,0,1,1.4285714285714286,0.04,1
ASAP7,OR2X4,OR2x4_ASAP7_6t_L,A,Y,fall,0.7,25.0,55.1397,-0.48945498845297275,-0.48945498845297275,1.0969100130428,-1.637517506399239,1.0969100130428,-1.637517506399239,0.4894549899340993,0.4894549899340993,-1.1480625293481717,-1.1480625293481717,0.4894549899340993,-1.1480625293481717,1.0,0.0,0,1,1.4285714285714286,0.04,1
ASAP7,AND3X1,AND3x1_ASAP7_6t_L,B,Y,rise,0.7,25.0,47.7188,-0.6655462468384465,-0.6655462468384465,2.301029995666153,-2.5406073614441,2.301029995666153,-2.5406073614441,0.6655462489428767,0.6655462489428767,-1.875061230819615,-1.875061230819615,0.6655462489428767,-1.875061230819615,1.0,0.0,0,1,1.4285714285714286,0.04,1
ASAP7,AND3X2,AND3x2_ASAP7_6t_L,B,Y,fall,0.7,25.0,97.0514,-0.5686362342325145,-0.5686362342325145,2.6020599913290483,-1.637517506399239,2.6020599913290483,-1.637517506399239,0.5686362359582722,0.5686362359582722,-1.0688812843184246,-1.0688812843184246,0.5686362359582722,-1.0688812843184246,1.0,0.0,0,1,1.4285714285714286,0.04,1
ASAP7,BUFX4,BUFx4_ASAP7_6t_L,A,Y,rise,0.7,25.0,21.508,-0.5686362342325145,-0.5686362342325145,1.3979400086894094,-2.5406073614441,1.3979400086894094,-2.5406073614441,0.5686362359582722,0.5686362359582722,-1.9719712356846508,-1.9719712356846508,0.5686362359582722,-1.9719712356846508,1.0,0.0,0,1,1.4285714285714286,0.04,1
ASAP7,NOR3X2,NOR3x2_ASAP7_6t_L,B,Y,fall,0.7,25.0,29.4741,-0.012333734626920325,-0.48945498845297275,1.6989700043447047,-2.239577441178447,1.6989700043447047,-2.239577441178447,0.012333735495859591,0.4894549899340993,-2.227243708215875,-1.7501225023543363,0.4894549899340993,-1.7501225023543363,3.0000000000000004,0.5,0,1,1.4285714285714286,0.04,1
ASAP7,OR3X4,OR3x4_ASAP7_6t_L,A,Y,rise,0.7,25.0,74.2644,-0.4225081990138475,-0.4225081990138475,0.7958800174135623,-1.336487520160051,0.7958800174135623,-1.336487520160051,0.4225082003269381,0.4225082003269381,-0.9139793258594977,-0.9139793258594977,0.4225082003269381,-0.9139793258594977,1.0,0.0,0,1,1.4285714285714286,0.04,1
ASAP7,AND4X1,AND4x1_ASAP7_6t_L,D,Y,rise,0.7,25.0,56.6419,-0.5686362342325145,-0.5686362342325145,1.6989700043447047,-2.239577441178447,1.6989700043447047,-2.239577441178447,0.5686362359582722,0.5686362359582722,-1.670941260378222,-1.670941260378222,0.5686362359582722,-1.670941260378222,1.0,0.0,0,1,1.4285714285714286,0.04,1
ASAP7,XOR2X2,XOR2x2_ASAP7_6t_L,B,Y,fall,0.7,25.0,22.9854,-0.4225081990138475,-0.4225081990138475,0.7958800174135623,-2.8416372063114648,0.7958800174135623,-2.8416372063114648,0.4225082003269381,0.4225082003269381,-2.419129193739689,-2.419129193739689,0.4225082003269381,-2.419129193739689,1.0,0.0,0,1,1.4285714285714286,0.04,1
ASAP7,AND4X1,AND4x1_ASAP7_6t_L,C,Y,rise,0.7,25.0,43.2232,-0.5686362342325145,-0.5686362342325145,2.301029995666153,-2.8416372063114648,2.301029995666153,-2.8416372063114648,0.5686362359582722,0.5686362359582722,-2.27300119063353,-2.27300119063353,0.5686362359582722,-2.27300119063353,1.0,0.0,0,1,1.4285714285714286,0.04,1
ASAP7,XOR2X2,XOR2x2_ASAP7_6t_L,B,Y,fall,0.7,25.0,40.9345,-0.4225081990138475,-0.4225081990138475,1.6989700043447047,-2.239577441178447,1.6989700043447047,-2.239577441178447,0.4225082003269381,0.4225082003269381,-1.817069287913439,-1.817069287913439,0.4225082003269381,-1.817069287913439,1.0,0.0,0,1,1.4285714285714286,0.04,1
ASAP7,NOR3X1,NOR3x1_ASAP7_6t_L,A,Y,rise,0.7,25.0,219.708,-0.31336372984409655,-0.7904849827765389,1.0969100130428,-1.336487520160051,1.0969100130428,-1.336487520160051,0.31336373094877373,0.7904849855277247,-1.0231237942666882,-0.5460025426006588,0.31336373094877373,-1.0231237942666882,3.0,0.4999999999999999,0,1,1.4285714285714286,0.04,1
ASAP7,OR3X4,OR3x4_ASAP7_6t_L,C,Y,rise,0.7,25.0,94.9241,-0.4225081990138475,-0.4225081990138475,2.301029995666153,-1.336487520160051,2.301029995666153,-1.336487520160051,0.4225082003269381,0.4225082003269381,-0.9139793258594977,-0.9139793258594977,0.4225082003269381,-0.9139793258594977,1.0,0.0,0,1,1.4285714285714286,0.04,1
ASAP7,OR4X1,OR4x1_ASAP7_6t_L,C,Y,fall,0.7,25.0,33.6681,-0.5686362342325145,-0.5686362342325145,1.3979400086894094,-3.14266690038237,1.3979400086894094,-3.14266690038237,0.5686362359582722,0.5686362359582722,-2.5740311048673186,-2.5740311048673186,0.5686362359582722,-2.5740311048673186,1.0,0.0,0,1,1.4285714285714286,0.04,1
ASAP7,XOR2X2,XOR2x2_ASAP7_6t_L,A,Y,rise,0.7,25.0,248.22,-0.4225081990138475,-0.4225081990138475,1.6989700043447047,-1.0354575292084665,1.6989700043447047,-1.0354575292084665,0.4225082003269381,0.4225082003269381,-0.6129493319768025,-0.6129493319768025,0.4225082003269381,-0.6129493319768025,1.0,0.0,0,1,1.4285714285714286,0.04,1
ASAP7,OR4X2,OR4x2_ASAP7_6t_L,A,Y,rise,0.7,25.0,245.06,-0.48945498845297275,-0.48945498845297275,1.6989700043447047,-1.0354575292084665,1.6989700043447047,-1.0354575292084665,0.4894549899340993,0.4894549899340993,-0.5460025426006588,-0.5460025426006588,0.4894549899340993,-0.5460025426006588,1.0,0.0,0,1,1.4285714285714286,0.04,1
ASAP7,INVX2,INVx2_ASAP7_6t_L,A,Y,rise,0.7,25.0,13.7832,-0.9665762404918051,-0.9665762404918051,1.6989700043447047,-2.8416372063114648,1.6989700043447047,-2.8416372063114648,0.9665762445599542,0.9665762445599542,-1.875061230819615,-1.875061230819615,0.9665762445599542,-1.875061230819615,1.0,0.0,1,1,1.4285714285714286,0.04,1
ASAP7,OR3X2,OR3x2_ASAP7_6t_L,A,Y,fall,0.7,25.0,59.7064,-0.5686362342325145,-0.5686362342325145,2.301029995666153,-2.8416372063114648,2.301029995666153,-2.8416372063114648,0.5686362359582722,0.5686362359582722,-2.27300119063353,-2.27300119063353,0.5686362359582722,-2.27300119063353,1.0,0.0,0,1,1.4285714285714286,0.04,1
ASAP7,NOR2X2,NOR2x2_ASAP7_6t_L,A,Y,rise,0.7,25.0,12.4628,-0.3645162521797766,-0.6655462468384465,0.7958800174135623,-2.5406073614441,0.7958800174135623,-2.5406073614441,0.3645162533727032,0.6655462489428767,-2.176091193911514,-1.875061230819615,0.3645162533727032,-2.176091193911514,1.9999999999999998,0.3333333333333333,0,1,1.4285714285714286,0.04,1
ASAP7,BUFX4,BUFx4_ASAP7_6t_L,A,Y,rise,0.7,25.0,34.3062,-0.5686362342325145,-0.5686362342325145,2.0000000000043427,-2.239577441178447,2.0000000000043427,-2.239577441178447,0.5686362359582722,0.5686362359582722,-1.670941260378222,-1.670941260378222,0.5686362359582722,-1.670941260378222,1.0,0.0,0,1,1.4285714285714286,0.04,1
ASAP7,NOR2X2,NOR2x2_ASAP7_6t_L,B,Y,rise,0.7,25.0,36.0593,-0.3645162521797766,-0.6655462468384465,1.3979400086894094,-1.9385474832136347,1.3979400086894094,-1.9385474832136347,0.3645162533727032,0.6655462489428767,-1.574031251441676,-1.2730012639207162,0.3645162533727032,-1.574031251441676,1.9999999999999998,0.3333333333333333,0,1,1.4285714285714286,0.04,1
ASAP7,AND3X1,AND3x1_ASAP7_6t_L,B,Y,rise,0.7,25.0,134.89,-0.6655462468384465,-0.6655462468384465,1.3979400086894094,-1.637517506399239,1.3979400086894094,-1.637517506399239,0.6655462489428767,0.6655462489428767,-0.9719712723282458,-0.9719712723282458,0.6655462489428767,-0.9719712723282458,1.0,0.0,0,1,1.4285714285714286,0.04,1
ASAP7,AND4X2,AND4x2_ASAP7_6t_L,D,Y,fall,0.7,25.0,48.4776,-0.48945498845297275,-0.48945498845297275,1.6989700043447047,-1.9385474832136347,1.6989700043447047,-1.9385474832136347,0.4894549899340993,0.4894549899340993,-1.4490925189048869,-1.4490925189048869,0.4894549899340993,-1.4490925189048869,1.0,0.0,0,1,1.4285714285714286,0.04,1
ASAP7,NOR3X1,NOR3x1_ASAP7_6t_L,C,Y,fall,0.7,25.0,91.9475,-0.31336372984409655,-0.7904849827765389,2.6020599913290483,-2.239577441178447,2.6020599913290483,-2.239577441178447,0.31336373094877373,0.7904849855277247,-1.926213749195486,-1.4490925189048869,0.7904849855277247,-1.4490925189048869,3.0,0.4999999999999999,0,1,1.4285714285714286,0.04,1
ASAP7,NOR2X2,NOR2x2_ASAP7_6t_L,B,Y,fall,0.7,25.0,10.7296,-0.3645162521797766,-0.6655462468384465,0.7958800174135623,-2.5406073614441,0.7958800174135623,-2.5406073614441,0.3645162533727032,0.6655462489428767,-2.176091193911514,-1.875061230819615,0.6655462489428767,-1.875061230819615,1.9999999999999998,0.3333333333333333,0,1,1.4285714285714286,0.04,1
ASAP7,OR2X4,OR2x4_ASAP7_6t_L,B,Y,fall,0.7,25.0,135.139,-0.48945498845297275,-0.48945498845297275,1.6989700043447047,-1.0354575292084665,1.6989700043447047,-1.0354575292084665,0.4894549899340993,0.4894549899340993,-0.5460025426006588,-0.5460025426006588,0.4894549899340993,-0.5460025426006588,1.0,0.0,0,1,1.4285714285714286,0.04,1
ASAP7,INVX4,INVx4_ASAP7_6t_L,A,Y,rise,0.7,25.0,42.6772,-0.6655462468384465,-0.6655462468384465,1.6989700043447047,-1.637517506399239,1.6989700043447047,-1.637517506399239,0.6655462489428767,0.6655462489428767,-0.9719712723282458,-0.9719712723282458,0.6655462489428767,-0.9719712723282458,1.0,0.0,1,1,1.4285714285714286,0.04,1
ASAP7,OR3X1,OR3x1_ASAP7_6t_L,A,Y,rise,0.7,25.0,31.2152,-0.6655462468384465,-0.6655462468384465,2.0000000000043427,-2.5406073614441,2.0000000000043427,-2.5406073614441,0.6655462489428767,0.6655462489428767,-1.875061230819615,-1.875061230819615,0.6655462489428767,-1.875061230819615,1.0,0.0,0,1,1.4285714285714286,0.04,1
ASAP7,OR4X1,OR4x1_ASAP7_6t_L,C,Y,rise,0.7,25.0,36.1717,-0.5686362342325145,-0.5686362342325145,2.301029995666153,-2.5406073614441,2.301029995666153,-2.5406073614441,0.5686362359582722,0.5686362359582722,-1.9719712356846508,-1.9719712356846508,0.5686362359582722,-1.9719712356846508,1.0,0.0,0,1,1.4285714285714286,0.04,1
ASAP7,OR4X1,OR4x1_ASAP7_6t_L,B,Y,fall,0.7,25.0,222.4,-0.5686362342325145,-0.5686362342325145,1.0969100130428,-1.336487520160051,1.0969100130428,-1.336487520160051,0.5686362359582722,0.5686362359582722,-0.7678512911991375,-0.7678512911991375,0.5686362359582722,-0.7678512911991375,1.0,0.0,0,1,1.4285714285714286,0.04,1
ASAP7,XOR2X2,XOR2x2_ASAP7_6t_L,A,Y,rise,0.7,25.0,75.6343,-0.4225081990138475,-0.4225081990138475,1.3979400086894094,-1.637517506399239,1.3979400086894094,-1.637517506399239,0.4225082003269381,0.4225082003269381,-1.2150093179609072,-1.2150093179609072,0.4225082003269381,-1.2150093179609072,1.0,0.0,0,1,1.4285714285714286,0.04,1
ASAP7,NOR3X2,NOR3x2_ASAP7_6t_L,C,Y,fall,0.7,25.0,114.738,-0.012333734626920325,-0.48945498845297275,1.6989700043447047,-1.336487520160051,1.6989700043447047,-1.336487520160051,0.012333735495859591,0.4894549899340993,-1.3241537853502199,-0.8470325367378235,0.4894549899340993,-0.8470325367378235,3.0000000000000004,0.5,0,1,1.4285714285714286,0.04,1
ASAP7,OR3X4,OR3x4_ASAP7_6t_L,C,Y,rise,0.7,25.0,78.7611,-0.4225081990138475,-0.4225081990138475,1.3979400086894094,-1.336487520160051,1.3979400086894094,-1.336487520160051,0.4225082003269381,0.4225082003269381,-0.9139793258594977,-0.9139793258594977,0.4225082003269381,-0.9139793258594977,1.0,0.0,0,1,1.4285714285714286,0.04,1
ASAP7,AND4X2,AND4x2_ASAP7_6t_L,B,Y,rise,0.7,25.0,55.3583,-0.48945498845297275,-0.48945498845297275,2.301029995666153,-2.5406073614441,2.301029995666153,-2.5406073614441,0.4894549899340993,0.4894549899340993,-2.051152473589255,-2.051152473589255,0.4894549899340993,-2.051152473589255,1.0,0.0,0,1,1.4285714285714286,0.04,1
ASAP7,OR4X1,OR4x1_ASAP7_6t_L,D,Y,rise,0.7,25.0,128.374,-0.5686362342325145,-0.5686362342325145,1.3979400086894094,-1.637517506399239,1.3979400086894094,-1.637517506399239,0.5686362359582722,0.5686362359582722,-1.0688812843184246,-1.0688812843184246,0.5686362359582722,-1.0688812843184246,1.0,0.0,0,1,1.4285714285714286,0.04,1
ASAP7,NOR3X2,NOR3x2_ASAP7_6t_L,C,Y,rise,0.7,25.0,23.4424,-0.012333734626920325,-0.48945498845297275,2.6020599913290483,-2.5406073614441,2.6020599913290483,-2.5406073614441,0.012333735495859591,0.4894549899340993,-2.528273630592681,-2.051152473589255,0.012333735495859591,-2.528273630592681,3.0000000000000004,0.5,0,1,1.4285714285714286,0.04,1
ASAP7,OR3X4,OR3x4_ASAP7_6t_L,A,Y,rise,0.7,25.0,39.0632,-0.4225081990138475,-0.4225081990138475,2.6020599913290483,-2.5406073614441,2.6020599913290483,-2.5406073614441,0.4225082003269381,0.4225082003269381,-2.1180992550768476,-2.1180992550768476,0.4225082003269381,-2.1180992550768476,1.0,0.0,0,1,1.4285714285714286,0.04,1
ASAP7,OR3X1,OR3x1_ASAP7_6t_L,A,Y,rise,0.7,25.0,22.4319,-0.6655462468384465,-0.6655462468384465,2.6020599913290483,-2.8416372063114648,2.6020599913290483,-2.8416372063114648,0.6655462489428767,0.6655462489428767,-2.176091193911514,-2.176091193911514,0.6655462489428767,-2.176091193911514,1.0,0.0,0,1,1.4285714285714286,0.04,1
ASAP7,XOR2X2,XOR2x2_ASAP7_6t_L,A,Y,fall,0.7,25.0,137.22,-0.4225081990138475,-0.4225081990138475,2.301029995666153,-1.336487520160051,2.301029995666153,-1.336487520160051,0.4225082003269381,0.4225082003269381,-0.9139793258594977,-0.9139793258594977,0.4225082003269381,-0.9139793258594977,1.0,0.0,0,1,1.4285714285714286,0.04,1
ASAP7,AND4X1,AND4x1_ASAP7_6t_L,C,Y,fall,0.7,25.0,25.7464,-0.5686362342325145,-0.5686362342325145,1.0969100130428,-2.5406073614441,1.0969100130428,-2.5406073614441,0.5686362359582722,0.5686362359582722,-1.9719712356846508,-1.9719712356846508,0.5686362359582722,-1.9719712356846508,1.0,0.0,0,1,1.4285714285714286,0.04,1
ASAP7,NAND2X2,NAND2x2_ASAP7_6t_L,B,Y,fall,0.7,25.0,33.8347,-0.6655462468384465,-0.3645162521797766,2.6020599913290483,-2.239577441178447,2.6020599913290483,-2.239577441178447,0.6655462489428767,0.3645162533727032,-1.574031251441676,-1.875061230819615,0.3645162533727032,-1.875061230819615,0.5000000000000001,-0.3333333333333333,0,1,1.4285714285714286,0.04,1
ASAP7,INVX4,INVx4_ASAP7_6t_L,A,Y,rise,0.7,25.0,11.9313,-0.6655462468384465,-0.6655462468384465,1.0969100130428,-2.239577441178447,1.0969100130428,-2.239577441178447,0.6655462489428767,0.6655462489428767,-1.574031251441676,-1.574031251441676,0.6655462489428767,-1.574031251441676,1.0,0.0,1,1,1.4285714285714286,0.04,1
ASAP7,OR4X2,OR4x2_ASAP7_6t_L,C,Y,rise,0.7,25.0,42.6258,-0.48945498845297275,-0.48945498845297275,1.0969100130428,-1.9385474832136347,1.0969100130428,-1.9385474832136347,0.4894549899340993,0.4894549899340993,-1.4490925189048869,-1.4490925189048869,0.4894549899340993,-1.4490925189048869,1.0,0.0,0,1,1.4285714285714286,0.04,1
ASAP7,AND4X1,AND4x1_ASAP7_6t_L,C,Y,fall,0.7,25.0,37.8158,-0.5686362342325145,-0.5686362342325145,2.0000000000043427,-2.5406073614441,2.0000000000043427,-2.5406073614441,0.5686362359582722,0.5686362359582722,-1.9719712356846508,-1.9719712356846508,0.5686362359582722,-1.9719712356846508,1.0,0.0,0,1,1.4285714285714286,0.04,1
ASAP7,OR3X2,OR3x2_ASAP7_6t_L,C,Y,fall,0.7,25.0,81.8994,-0.5686362342325145,-0.5686362342325145,1.3979400086894094,-1.637517506399239,1.3979400086894094,-1.637517506399239,0.5686362359582722,0.5686362359582722,-1.0688812843184246,-1.0688812843184246,0.5686362359582722,-1.0688812843184246,1.0,0.0,0,1,1.4285714285714286,0.04,1
ASAP7,OR3X1,OR3x1_ASAP7_6t_L,C,Y,rise,0.7,25.0,70.9246,-0.6655462468384465,-0.6655462468384465,1.3979400086894094,-1.9385474832136347,1.3979400086894094,-1.9385474832136347,0.6655462489428767,0.6655462489428767,-1.2730012639207162,-1.2730012639207162,0.6655462489428767,-1.2730012639207162,1.0,0.0,0,1,1.4285714285714286,0.04,1
ASAP7,AND4X2,AND4x2_ASAP7_6t_L,D,Y,fall,0.7,25.0,21.7393,-0.48945498845297275,-0.48945498845297275,1.3979400086894094,-2.8416372063114648,1.3979400086894094,-2.8416372063114648,0.4894549899340993,0.4894549899340993,-2.352182420395115,-2.352182420395115,0.4894549899340993,-2.352182420395115,1.0,0.0,0,1,1.4285714285714286,0.04,1
ASAP7,NAND3X2,NAND3x2_ASAP7_6t_L,A,Y,rise,0.7,25.0,240.569,-0.48945498845297275,-0.012333734626920325,1.3979400086894094,-1.0354575292084665,1.3979400086894094,-1.0354575292084665,0.4894549899340993,0.012333735495859591,-0.5460025426006588,-1.0231237942666884,0.4894549899340993,-0.5460025426006588,0.33333333333333326,-0.5,0,1,1.4285714285714286,0.04,1
ASAP7,AND3X2,AND3x2_ASAP7_6t_L,A,Y,fall,0.7,25.0,112.061,-0.5686362342325145,-0.5686362342325145,1.3979400086894094,-1.336487520160051,1.3979400086894094,-1.336487520160051,0.5686362359582722,0.5686362359582722,-0.7678512911991375,-0.7678512911991375,0.5686362359582722,-0.7678512911991375,1.0,0.0,0,1,1.4285714285714286,0.04,1
ASAP7,OR4X2,OR4x2_ASAP7_6t_L,B,Y,rise,0.7,25.0,20.5614,-0.48945498845297275,-0.48945498845297275,1.0969100130428,-2.5406073614441,1.0969100130428,-2.5406073614441,0.4894549899340993,0.4894549899340993,-2.051152473589255,-2.051152473589255,0.4894549899340993,-2.051152473589255,1.0,0.0,0,1,1.4285714285714286,0.04,1
ASAP7,AND4X2,AND4x2_ASAP7_6t_L,B,Y,rise,0.7,25.0,91.1052,-0.48945498845297275,-0.48945498845297275,1.3979400086894094,-1.637517506399239,1.3979400086894094,-1.637517506399239,0.4894549899340993,0.4894549899340993,-1.1480625293481717,-1.1480625293481717,0.4894549899340993,-1.1480625293481717,1.0,0.0,0,1,1.4285714285714286,0.04,1
ASAP7,AND2X2,AND2x2_ASAP7_6t_L,A,Y,rise,0.7,25.0,76.7471,-0.7904849827765389,-0.6655462468384465,1.6989700043447047,-1.637517506399239,1.6989700043447047,-1.637517506399239,0.7904849855277247,0.6655462489428767,-0.8470325367378235,-0.9719712723282458,0.7904849855277247,-0.8470325367378235,0.75,-0.14285714285714285,0,1,1.4285714285714286,0.04,1
ASAP7,OR3X1,OR3x1_ASAP7_6t_L,B,Y,rise,0.7,25.0,240.002,-0.6655462468384465,-0.6655462468384465,1.3979400086894094,-1.336487520160051,1.3979400086894094,-1.336487520160051,0.6655462489428767,0.6655462489428767,-0.67094127870002,-0.67094127870002,0.6655462489428767,-0.67094127870002,1.0,0.0,0,1,1.4285714285714286,0.04,1
ASAP7,NOR3X1,NOR3x1_ASAP7_6t_L,B,Y,fall,0.7,25.0,10.4444,-0.31336372984409655,-0.7904849827765389,0.7958800174135623,-3.14266690038237,0.7958800174135623,-3.14266690038237,0.31336373094877373,0.7904849855277247,-2.8293034796823484,-2.352182420395115,0.7904849855277247,-2.352182420395115,3.0,0.4999999999999999,0,1,1.4285714285714286,0.04,1
ASAP7,NOR2X1,NOR2x1_ASAP7_6t_L,B,Y,rise,0.7,25.0,85.1912,-0.6655462468384465,-0.9665762404918051,2.6020599913290483,-2.239577441178447,2.6020599913290483,-2.239577441178447,0.6655462489428767,0.9665762445599542,-1.574031251441676,-1.2730012639207162,0.6655462489428767,-1.574031251441676,2.0,0.3333333333333333,0,1,1.4285714285714286,0.04,1
ASAP7,NAND3X2,NAND3x2_ASAP7_6t_L,B,Y,fall,0.7,25.0,25.8885,-0.48945498845297275,-0.012333734626920325,1.0969100130428,-1.9385474832136347,1.0969100130428,-1.9385474832136347,0.4894549899340993,0.012333735495859591,-1.4490925189048869,-1.926213749195486,0.012333735495859591,-1.926213749195486,0.33333333333333326,-0.5,0,1,1.4285714285714286,0.04,1
ASAP7,NOR3X1,NOR3x1_ASAP7_6t_L,A,Y,rise,0.7,25.0,27.5279,-0.31336372984409655,-0.7904849827765389,1.6989700043447047,-2.5406073614441,1.6989700043447047,-2.5406073614441,0.31336373094877373,0.7904849855277247,-2.227243708215875,-1.7501225023543363,0.31336373094877373,-2.227243708215875,3.0,0.4999999999999999,0,1,1.4285714285714286,0.04,1
ASAP7,OR4X1,OR4x1_ASAP7_6t_L,D,Y,rise,0.7,25.0,244.181,-0.5686362342325145,-0.5686362342325145,1.6989700043447047,-1.336487520160051,1.6989700043447047,-1.336487520160051,0.5686362359582722,0.5686362359582722,-0.7678512911991375,-0.7678512911991375,0.5686362359582722,-0.7678512911991375,1.0,0.0,0,1,1.4285714285714286,0.04,1
ASAP7,NAND3X1,NAND3x1_ASAP7_6t_L,A,Y,rise,0.7,25.0,233.708,-0.7904849827765389,-0.31336372984409655,0.7958800174135623,-1.336487520160051,0.7958800174135623,-1.336487520160051,0.7904849855277247,0.31336373094877373,-0.5460025426006588,-1.0231237942666882,0.7904849855277247,-0.5460025426006588,0.3333333333333333,-0.4999999999999999,0,1,1.4285714285714286,0.04,1
ASAP7,OR4X1,OR4x1_ASAP7_6t_L,A,Y,fall,0.7,25.0,182.75,-0.5686362342325145,-0.5686362342325145,2.6020599913290483,-1.637517506399239,2.6020599913290483,-1.637517506399239,0.5686362359582722,0.5686362359582722,-1.0688812843184246,-1.0688812843184246,0.5686362359582722,-1.0688812843184246,1.0,0.0,0,1,1.4285714285714286,0.04,1
ASAP7,OR3X1,OR3x1_ASAP7_6t_L,C,Y,fall,0.7,25.0,232.65,-0.6655462468384465,-0.6655462468384465,2.301029995666153,-1.336487520160051,2.301029995666153,-1.336487520160051,0.6655462489428767,0.6655462489428767,-0.67094127870002,-0.67094127870002,0.6655462489428767,-0.67094127870002,1.0,0.0,0,1,1.4285714285714286,0.04,1
ASAP7,AND4X1,AND4x1_ASAP7_6t_L,A,Y,fall,0.7,25.0,20.7989,-0.5686362342325145,-0.5686362342325145,1.3979400086894094,-2.8416372063114648,1.3979400086894094,-2.8416372063114648,0.5686362359582722,0.5686362359582722,-2.27300119063353,-2.27300119063353,0.5686362359582722,-2.27300119063353,1.0,0.0,0,1,1.4285714285714286,0.04,1
ASAP7,NAND3X1,NAND3x1_ASAP7_6t_L,B,Y,fall,0.7,25.0,22.4409,-0.7904849827765389,-0.31336372984409655,2.6020599913290483,-2.5406073614441,2.6020599913290483,-2.5406073614441,0.7904849855277247,0.31336373094877373,-1.7501225023543363,-2.227243708215875,0.31336373094877373,-2.227243708215875,0.3333333333333333,-0.4999999999999999,0,1,1.4285714285714286,0.04,1
ASAP7,XOR2X2,XOR2x2_ASAP7_6t_L,B,Y,rise,0.7,25.0,33.3778,-0.4225081990138475,-0.4225081990138475,2.6020599913290483,-2.5406073614441,2.6020599913290483,-2.5406073614441,0.4225082003269381,0.4225082003269381,-2.1180992550768476,-2.1180992550768476,0.4225082003269381,-2.1180992550768476,1.0,0.0,0,1,1.4285714285714286,0.04,1
ASAP7,OR3X4,OR3x4_ASAP7_6t_L,C,Y,fall,0.7,25.0,57.8386,-0.4225081990138475,-0.4225081990138475,1.3979400086894094,-1.9385474832136347,1.3979400086894094,-1.9385474832136347,0.4225082003269381,0.4225082003269381,-1.5160393064997446,-1.5160393064997446,0.4225082003269381,-1.5160393064997446,1.0,0.0,0,1,1.4285714285714286,0.04,1
ASAP7,XOR2X2,XOR2x2_ASAP7_6t_L,A,Y,fall,0.7,25.0,44.0426,-0.4225081990138475,-0.4225081990138475,0.7958800174135623,-1.9385474832136347,0.7958800174135623,-1.9385474832136347,0.4225082003269381,0.4225082003269381,-1.5160393064997446,-1.5160393064997446,0.4225082003269381,-1.5160393064997446,1.0,0.0,0,1,1.4285714285714286,0.04,1
ASAP7,OR4X1,OR4x1_ASAP7_6t_L,B,Y,rise,0.7,25.0,242.575,-0.5686362342325145,-0.5686362342325145,1.6989700043447047,-1.336487520160051,1.6989700043447047,-1.336487520160051,0.5686362359582722,0.5686362359582722,-0.7678512911991375,-0.7678512911991375,0.5686362359582722,-0.7678512911991375,1.0,0.0,0,1,1.4285714285714286,0.04,1
ASAP7,AND3X4,AND3x4_ASAP7_6t_L,B,Y,rise,0.7,25.0,252.369,-0.4225081990138475,-0.26760623937278244,1.0969100130428,-0.7344275359006837,1.0969100130428,-0.7344275359006837,0.4225082003269381,0.26760624041155046,-0.31191933720346426,-0.4668212968075034,0.4225082003269381,-0.31191933720346426,0.7,-0.17647058823529424,0,1,1.4285714285714286,0.04,1
ASAP7,XOR2X2,XOR2x2_ASAP7_6t_L,A,Y,fall,0.7,25.0,118.371,-0.4225081990138475,-0.4225081990138475,1.3979400086894094,-1.336487520160051,1.3979400086894094,-1.336487520160051,0.4225082003269381,0.4225082003269381,-0.9139793258594977,-0.9139793258594977,0.4225082003269381,-0.9139793258594977,1.0,0.0,0,1,1.4285714285714286,0.04,1
ASAP7,NOR2X2,NOR2x2_ASAP7_6t_L,A,Y,fall,0.7,25.0,33.8755,-0.3645162521797766,-0.6655462468384465,1.3979400086894094,-1.9385474832136347,1.3979400086894094,-1.9385474832136347,0.3645162533727032,0.6655462489428767,-1.574031251441676,-1.2730012639207162,0.6655462489428767,-1.2730012639207162,1.9999999999999998,0.3333333333333333,0,1,1.4285714285714286,0.04,1
ASAP7,NOR2X2,NOR2x2_ASAP7_6t_L,B,Y,fall,0.7,25.0,238.964,-0.3645162521797766,-0.6655462468384465,2.301029995666153,-1.0354575292084665,2.301029995666153,-1.0354575292084665,0.3645162533727032,0.6655462489428767,-0.6709412787000198,-0.3699112840539164,0.6655462489428767,-0.3699112840539164,1.9999999999999998,0.3333333333333333,0,1,1.4285714285714286,0.04,1
ASAP7,NAND2X2,NAND2x2_ASAP7_6t_L,A,Y,rise,0.7,25.0,46.4732,-0.6655462468384465,-0.3645162521797766,1.6989700043447047,-1.9385474832136347,1.6989700043447047,-1.9385474832136347,0.6655462489428767,0.3645162533727032,-1.2730012639207162,-1.574031251441676,0.6655462489428767,-1.2730012639207162,0.5000000000000001,-0.3333333333333333,0,1,1.4285714285714286,0.04,1
ASAP7,AND3X1,AND3x1_ASAP7_6t_L,C,Y,fall,0.7,25.0,22.5903,-0.6655462468384465,-0.6655462468384465,1.6989700043447047,-3.14266690038237,1.6989700043447047,-3.14266690038237,0.6655462489428767,0.6655462489428767,-2.4771211244313376,-2.4771211244313376,0.6655462489428767,-2.4771211244313376,1.0,0.0,0,1,1.4285714285714286,0.04,1
ASAP7,OR2X2,OR2x2_ASAP7_6t_L,A,Y,fall,0.7,25.0,34.0991,-0.6655462468384465,-0.7904849827765389,2.0000000000043427,-2.5406073614441,2.0000000000043427,-2.5406073614441,0.6655462489428767,0.7904849855277247,-1.875061230819615,-1.7501225023543363,0.7904849855277247,-1.7501225023543363,1.3333333333333335,0.14285714285714285,0,1,1.4285714285714286,0.04,1
ASAP7,NOR2X2,NOR2x2_ASAP7_6t_L,A,Y,fall,0.7,25.0,39.7255,-0.3645162521797766,-0.6655462468384465,1.6989700043447047,-1.9385474832136347,1.6989700043447047,-1.9385474832136347,0.3645162533727032,0.6655462489428767,-1.574031251441676,-1.2730012639207162,0.6655462489428767,-1.2730012639207162,1.9999999999999998,0.3333333333333333,0,1,1.4285714285714286,0.04,1
ASAP7,AND3X2,AND3x2_ASAP7_6t_L,A,Y,fall,0.7,25.0,109.393,-0.5686362342325145,-0.5686362342325145,1.0969100130428,-1.336487520160051,1.0969100130428,-1.336487520160051,0.5686362359582722,0.5686362359582722,-0.7678512911991375,-0.7678512911991375,0.5686362359582722,-0.7678512911991375,1.0,0.0,0,1,1.4285714285714286,0.04,1
ASAP7,AND3X2,AND3x2_ASAP7_6t_L,B,Y,fall,0.7,25.0,52.526,-0.5686362342325145,-0.5686362342325145,2.0000000000043427,-1.9385474832136347,2.0000000000043427,-1.9385474832136347,0.5686362359582722,0.5686362359582722,-1.3699112748930173,-1.3699112748930173,0.5686362359582722,-1.3699112748930173,1.0,0.0,0,1,1.4285714285714286,0.04,1
ASAP7,AND2X2,AND2x2_ASAP7_6t_L,A,Y,fall,0.7,25.0,125.95,-0.7904849827765389,-0.6655462468384465,1.6989700043447047,-1.336487520160051,1.6989700043447047,-1.336487520160051,0.7904849855277247,0.6655462489428767,-0.5460025426006588,-0.67094127870002,0.6655462489428767,-0.67094127870002,0.75,-0.14285714285714285,0,1,1.4285714285714286,0.04,1
ASAP7,NOR3X1,NOR3x1_ASAP7_6t_L,C,Y,fall,0.7,25.0,32.9075,-0.31336372984409655,-0.7904849827765389,0.7958800174135623,-2.239577441178447,0.7958800174135623,-2.239577441178447,0.31336373094877373,0.7904849855277247,-1.926213749195486,-1.4490925189048869,0.7904849855277247,-1.4490925189048869,3.0,0.4999999999999999,0,1,1.4285714285714286,0.04,1
